Region,Year,mo_AirFrost_m01,mo_AirFrost_m02,mo_AirFrost_m03,mo_AirFrost_m04,mo_AirFrost_m05,mo_AirFrost_m06,mo_AirFrost_m07,mo_AirFrost_m08,mo_AirFrost_m09,mo_AirFrost_m10,mo_AirFrost_m11,mo_AirFrost_m12,mo_Raindays1mm_m01,mo_Raindays1mm_m02,mo_Raindays1mm_m03,mo_Raindays1mm_m04,mo_Raindays1mm_m05,mo_Raindays1mm_m06,mo_Raindays1mm_m07,mo_Raindays1mm_m08,mo_Raindays1mm_m09,mo_Raindays1mm_m10,mo_Raindays1mm_m11,mo_Raindays1mm_m12,mo_Rainfall_m01,mo_Rainfall_m02,mo_Rainfall_m03,mo_Rainfall_m04,mo_Rainfall_m05,mo_Rainfall_m06,mo_Rainfall_m07,mo_Rainfall_m08,mo_Rainfall_m09,mo_Rainfall_m10,mo_Rainfall_m11,mo_Rainfall_m12,mo_Sunshine_m01,mo_Sunshine_m02,mo_Sunshine_m03,mo_Sunshine_m04,mo_Sunshine_m05,mo_Sunshine_m06,mo_Sunshine_m07,mo_Sunshine_m08,mo_Sunshine_m09,mo_Sunshine_m10,mo_Sunshine_m11,mo_Sunshine_m12,mo_Tmax_m01,mo_Tmax_m02,mo_Tmax_m03,mo_Tmax_m04,mo_Tmax_m05,mo_Tmax_m06,mo_Tmax_m07,mo_Tmax_m08,mo_Tmax_m09,mo_Tmax_m10,mo_Tmax_m11,mo_Tmax_m12,mo_Tmean_m01,mo_Tmean_m02,mo_Tmean_m03,mo_Tmean_m04,mo_Tmean_m05,mo_Tmean_m06,mo_Tmean_m07,mo_Tmean_m08,mo_Tmean_m09,mo_Tmean_m10,mo_Tmean_m11,mo_Tmean_m12,mo_Tmin_m01,mo_Tmin_m02,mo_Tmin_m03,mo_Tmin_m04,mo_Tmin_m05,mo_Tmin_m06,mo_Tmin_m07,mo_Tmin_m08,mo_Tmin_m09,mo_Tmin_m10,mo_Tmin_m11,mo_Tmin_m12
East,1836,,,,,,,,,,,,,,,,,,,,,,,,,44.1,47.0,85.2,55.2,16.9,58.7,46.5,29.6,82.6,94.0,80.4,42.4,,,,,,,,,,,,,,,,,,,,,,,,,,,,,,,,,,,,,,,,,,,,,,,,
East,1837,,,,,,,,,,,,,,,,,,,,,,,,,64.8,54.3,20.7,43.4,33.9,37.0,46.9,96.2,39.1,49.0,52.1,47.1,,,,,,,,,,,,,,,,,,,,,,,,,,,,,,,,,,,,,,,,,,,,,,,,
East,1838,,,,,,,,,,,,,,,,,,,,,,,,,16.3,33.7,30.9,31.8,22.8,84.4,47.9,41.0,55.6,47.9,69.2,34.3,,,,,,,,,,,,,,,,,,,,,,,,,,,,,,,,,,,,,,,,,,,,,,,,
East,1839,,,,,,,,,,,,,,,,,,,,,,,,,38.2,43.1,46.3,27.2,29.1,70.8,78.7,66.4,70.6,46.0,86.1,55.8,,,,,,,,,,,,,,,,,,,,,,,,,,,,,,,,,,,,,,,,,,,,,,,,
East,1840,,,,,,,,,,,,,,,,,,,,,,,,,56.7,23.8,12.8,6.0,63.8,36.6,52.9,32.0,61.1,41.6,69.3,10.6,,,,,,,,,,,,,,,,,,,,,,,,,,,,,,,,,,,,,,,,,,,,,,,,
East,1841,,,,,,,,,,,,,,,,,,,,,,,,,52.2,29.3,33.6,36.2,42.8,60.6,94.4,74.9,85.6,123.4,75.3,57.7,,,,,,,,,,,,,,,,,,,,,,,,,,,,,,,,,,,,,,,,,,,,,,,,
East,1842,,,,,,,,,,,,,,,,,,,,,,,,,33.5,28.8,60.7,20.2,43.2,45.9,70.1,37.1,100.1,44.2,93.3,21.6,,,,,,,,,,,,,,,,,,,,,,,,,,,,,,,,,,,,,,,,,,,,,,,,
East,1843,,,,,,,,,,,,,,,,,,,,,,,,,33.2,59.0,22.6,45.4,105.4,46.3,57.5,118.6,22.4,112.9,58.3,7.9,,,,,,,,,,,,,,,,,,,,,,,,,,,,,,,,,,,,,,,,,,,,,,,,
East,1844,,,,,,,,,,,,,,,,,,,,,,,,,49.9,55.5,52.3,7.5,12.7,40.6,58.0,59.2,39.0,104.3,77.0,13.0,,,,,,,,,,,,,,,,,,,,,,,,,,,,,,,,,,,,,,,,,,,,,,,,
East,1845,,,,,,,,,,,,,,,,,,,,,,,,,53.4,20.2,48.5,35.0,70.9,41.0,55.9,74.2,33.9,37.9,46.8,68.6,,,,,,,,,,,,,,,,,,,,,,,,,,,,,,,,,,,,,,,,,,,,,,,,
East,1846,,,,,,,,,,,,,,,,,,,,,,,,,66.6,21.7,27.5,81.7,29.0,21.3,45.9,71.7,44.0,95.6,34.6,38.8,,,,,,,,,,,,,,,,,,,,,,,,,,,,,,,,,,,,,,,,,,,,,,,,
East,1847,,,,,,,,,,,,,,,,,,,,,,,,,32.1,25.5,24.2,33.0,57.8,64.4,26.2,47.3,45.0,58.3,47.9,59.5,,,,,,,,,,,,,,,,,,,,,,,,,,,,,,,,,,,,,,,,,,,,,,,,
East,1848,,,,,,,,,,,,,,,,,,,,,,,,,27.0,70.0,82.9,70.6,8.7,89.4,53.5,85.5,91.8,116.7,34.4,46.0,,,,,,,,,,,,,,,,,,,,,,,,,,,,,,,,,,,,,,,,,,,,,,,,
East,1849,,,,,,,,,,,,,,,,,,,,,,,,,38.6,35.7,23.2,54.3,93.9,22.1,63.4,34.1,69.2,71.8,38.3,77.5,,,,,,,,,,,,,,,,,,,,,,,,,,,,,,,,,,,,,,,,,,,,,,,,
East,1850,,,,,,,,,,,,,,,,,,,,,,,,,35.4,24.6,14.8,45.4,56.9,16.0,101.2,39.4,38.1,45.9,52.4,44.4,,,,,,,,,,,,,,,,,,,,,,,,,,,,,,,,,,,,,,,,,,,,,,,,
East,1851,,,,,,,,,,,,,,,,,,,,,,,,,60.8,17.8,93.5,58.3,24.4,37.0,98.7,54.3,21.6,66.7,49.5,20.6,,,,,,,,,,,,,,,,,,,,,,,,,,,,,,,,,,,,,,,,,,,,,,,,
East,1852,,,,,,,,,,,,,,,,,,,,,,,,,89.9,43.6,12.3,14.8,50.4,89.5,50.7,106.1,98.4,90.7,130.4,54.0,,,,,,,,,,,,,,,,,,,,,,,,,,,,,,,,,,,,,,,,,,,,,,,,
East,1853,,,,,,,,,,,,,,,,,,,,,,,,,54.3,49.3,26.3,71.7,35.2,63.4,115.9,67.8,47.5,84.6,39.2,19.8,,,,,,,,,,,,,,,,,,,,,,,,,,,,,,,,,,,,,,,,,,,,,,,,
East,1854,,,,,,,,,,,,,,,,,,,,,,,,,39.4,24.7,13.7,19.5,81.4,26.4,44.1,70.7,18.4,62.3,50.6,53.1,,,,,,,,,,,,,,,,,,,,,,,,,,,,,,,,,,,,,,,,,,,,,,,,
East,1855,,,,,,,,,,,,,,,,,,,,,,,,,21.2,36.7,32.9,5.7,44.3,47.0,113.1,47.5,22.3,109.0,57.9,33.2,,,,,,,,,,,,,,,,,,,,,,,,,,,,,,,,,,,,,,,,,,,,,,,,
East,1856,,,,,,,,,,,,,,,,,,,,,,,,,58.6,27.3,11.5,37.7,69.7,29.7,52.1,57.7,70.5,47.7,54.8,40.8,,,,,,,,,,,,,,,,,,,,,,,,,,,,,,,,,,,,,,,,,,,,,,,,
East,1857,,,,,,,,,,,,,,,,,,,,,,,,,73.0,7.4,26.3,49.1,26.5,53.0,41.7,69.7,91.3,108.1,42.0,9.5,,,,,,,,,,,,,,,,,,,,,,,,,,,,,,,,,,,,,,,,,,,,,,,,
East,1858,,,,,,,,,,,,,,,,,,,,,,,,,17.3,25.2,21.1,47.5,58.8,24.9,80.1,64.4,28.2,53.9,28.7,43.7,,,,,,,,,,,,,,,,,,,,,,,,,,,,,,,,,,,,,,,,,,,,,,,,
East,1859,,,,,,,,,,,,,,,,,,,,,,,,,19.0,31.8,33.5,62.9,38.9,63.7,66.8,61.2,74.3,78.7,47.1,61.0,,,,,,,,,,,,,,,,,,,,,,,,,,,,,,,,,,,,,,,,,,,,,,,,
East,1860,,,,,,,,,,,,,,,,,,,,,,,,,64.3,36.5,57.0,27.8,92.0,120.4,51.6,98.1,68.3,41.9,62.8,51.7,,,,,,,,,,,,,,,,,,,,,,,,,,,,,,,,,,,,,,,,,,,,,,,,
East,1861,,,,,,,,,,,,,,,,,,,,,,,,,24.6,51.0,49.9,22.8,29.5,46.6,83.4,16.8,38.9,19.7,96.3,33.5,,,,,,,,,,,,,,,,,,,,,,,,,,,,,,,,,,,,,,,,,,,,,,,,
East,1862,,,,,,,,,,,,,,,,,,,,,,,,,40.0,12.1,80.9,44.3,64.3,55.6,43.4,64.6,50.8,66.4,33.8,42.6,,,,,,,,,,,,,,,,,,,,,,,,,,,,,,,,,,,,,,,,,,,,,,,,
East,1863,,,,,,,,,,,,,,,,,,,,,,,,,57.9,11.4,21.3,22.2,22.7,76.8,22.2,47.1,64.0,59.5,57.8,26.0,,,,,,,,,,,,,,,,,,,,,,,,,,,,,,,,,,,,,,,,,,,,,,,,
East,1864,,,,,,,,,,,,,,,,,,,,,,,,,19.6,26.2,70.1,14.0,54.0,37.2,16.2,23.6,47.3,28.9,57.5,20.5,,,,,,,,,,,,,,,,,,,,,,,,,,,,,,,,,,,,,,,,,,,,,,,,
East,1865,,,,,,,,,,,,,,,,,,,,,,,,,67.2,54.7,46.9,10.8,40.9,39.9,99.0,110.1,6.6,153.9,47.9,27.1,,,,,,,,,,,,,,,,,,,,,,,,,,,,,,,,,,,,,,,,,,,,,,,,
East,1866,,,,,,,,,,,,,,,,,,,,,,,,,65.6,83.1,36.0,43.6,41.9,67.4,64.8,67.5,84.0,26.6,59.7,57.4,,,,,,,,,,,,,,,,,,,,,,,,,,,,,,,,,,,,,,,,,,,,,,,,
East,1867,,,,,,,,,,,,,,,,,,,,,,,,,71.3,34.3,46.4,56.8,82.2,25.1,90.4,44.8,51.2,57.3,17.9,57.5,,,,,,,,,,,,,,,,,,,,,,,,,,,,,,,,,,,,,,,,,,,,,,,,
East,1868,,,,,,,,,,,,,,,,,,,,,,,,,59.0,33.2,45.6,39.8,19.7,18.6,8.4,62.5,54.4,63.0,33.5,105.9,,,,,,,,,,,,,,,,,,,,,,,,,,,,,,,,,,,,,,,,,,,,,,,,
East,1869,,,,,,,,,,,,,,,,,,,,,,,,,53.1,59.4,53.6,35.3,77.2,33.3,15.9,41.0,79.1,52.9,57.3,96.9,,,,,,,,,,,,,,,,,,,,,,,,,,,,,,,,,,,,,,,,,,,,,,,,
East,1870,,,,,,,,,,,,,,,,,,,,,,,,,27.6,22.9,41.3,15.6,18.5,26.3,44.9,47.7,40.7,82.0,28.5,84.6,,,,,,,,,,,,,,,,,,,,,,,,,,,,,,,,,,,,,,,,,,,,,,,,
East,1871,,,,,,,,,,,,,,,,,,,,,,,,,26.8,43.0,29.5,73.8,23.8,75.7,75.9,18.5,107.2,29.8,35.2,30.6,,,,,,,,,,,,,,,,,,,,,,,,,,,,,,,,,,,,,,,,,,,,,,,,
East,1872,,,,,,,,,,,,,,,,,,,,,,,,,76.5,25.3,62.8,53.6,62.4,71.4,102.0,71.3,47.5,87.1,93.8,88.2,,,,,,,,,,,,,,,,,,,,,,,,,,,,,,,,,,,,,,,,,,,,,,,,
East,1873,,,,,,,,,,,,,,,,,,,,,,,,,55.2,43.6,40.3,24.8,49.2,51.2,53.7,53.5,63.0,62.4,41.9,13.9,,,,,,,,,,,,,,,,,,,,,,,,,,,,,,,,,,,,,,,,,,,,,,,,
East,1874,,,,,,,,,,,,,,,,,,,,,,,,,30.2,24.6,20.4,31.6,27.3,42.2,30.9,37.4,69.7,55.9,56.7,52.5,,,,,,,,,,,,,,,,,,,,,,,,,,,,,,,,,,,,,,,,,,,,,,,,
East,1875,,,,,,,,,,,,,,,,,,,,,,,,,55.6,26.3,13.3,28.4,46.6,69.9,143.6,28.7,62.7,90.6,116.8,36.1,,,,,,,,,,,,,,,,,,,,,,,,,,,,,,,,,,,,,,,,,,,,,,,,
East,1876,,,,,,,,,,,,,,,,,,,,,,,,,40.5,62.4,67.5,65.5,21.5,46.1,40.6,47.9,109.7,27.4,75.6,107.9,,,,,,,,,,,,,,,,,,,,,,,,,,,,,,,,,,,,,,,,,,,,,,,,
East,1877,,,,,,,,,,,,,,,,,,,,,,,,,85.6,56.9,58.0,63.8,47.5,31.2,78.3,83.6,43.0,39.8,78.8,51.2,,,,,,,,,,,,,,,,,,,,,,,,,,,,,,,,,,,,,,,,,,,,,,,,
East,1878,,,,,,,,,,,,,,,,,,,,,,,,,40.3,32.0,25.8,43.2,103.7,46.2,22.9,111.5,36.0,53.3,129.9,38.1,,,,,,,,,,,,,,,,,,,,,,,,,,,,,,,,,,,,,,,,,,,,,,,,
East,1879,,,,,,,,,,,,,,,,,,,,,,,,,43.6,73.4,22.6,61.9,68.2,105.6,113.5,106.9,79.4,23.9,35.6,18.3,,,,,,,,,,,,,,,,,,,,,,,,,,,,,,,,,,,,,,,,,,,,,,,,
East,1880,,,,,,,,,,,,,,,,,,,,,,,,,5.5,46.8,22.6,49.2,16.9,73.3,122.4,41.4,90.8,127.9,55.8,63.8,,,,,,,,,,,,,,,,,,,,,,,,,,,,,,,,,,,,,,,,,,,,,,,,
East,1881,,,,,,,,,,,,,,,,,,,,,,,,,28.2,67.9,41.6,28.3,24.2,48.4,47.2,109.3,63.7,70.0,53.0,78.9,,,,,,,,,,,,,,,,,,,,,,,,,,,,,,,,,,,,,,,,,,,,,,,,
East,1882,,,,,,,,,,,,,,,,,,,,,,,,,36.7,35.9,36.9,74.3,38.1,70.7,65.2,48.5,65.3,132.4,77.1,80.9,,,,,,,,,,,,,,,,,,,,,,,,,,,,,,,,,,,,,,,,,,,,,,,,
East,1883,,,,,,,,,,,,,,,,,,,,,,,,,46.2,72.0,32.1,40.5,36.8,74.7,74.9,23.6,96.7,62.1,79.1,41.6,,,,,,,,,,,,,,,,,,,,,,,,,,,,,,,,,,,,,,,,,,,,,,,,
East,1884,,,,,,,,,,,,,,,,,,,,,,,,,44.8,21.5,28.9,31.5,18.6,30.7,62.0,34.7,64.8,51.7,37.0,58.6,,,,,,,,,,,,,8.4,8.2,10.6,11.2,17.0,18.9,22.2,23.8,19.4,13.3,8.2,6.8,5.8,5.1,6.2,6.8,11.4,13.6,16.7,17.7,14.8,9.1,5.1,4.2,3.2,2.0,2.0,2.4,5.9,8.4,11.3,11.6,10.2,4.8,2.0,1.7
East,1885,,,,,,,,,,,,,,,,,,,,,,,,,47.1,56.8,29.0,41.5,69.5,37.6,19.6,37.1,109.5,123.8,77.1,26.4,,,,,,,,,,,,,4.4,9.0,8.9,12.8,13.6,19.5,22.0,18.7,17.2,10.8,8.3,5.9,2.1,5.7,4.3,7.9,8.9,14.2,16.3,14.1,12.5,7.4,5.6,3.0,-0.3,2.5,-0.2,3.1,4.3,8.8,10.7,9.4,7.9,3.9,2.8,0.1
East,1886,,,,,,,,,,,,,,,,,,,,,,,,,67.3,8.7,37.7,35.9,75.7,17.6,86.9,44.6,33.1,71.5,69.0,91.0,,,,,,,,,,,,,4.2,2.9,7.6,11.9,15.7,18.2,21.4,21.3,19.1,15.3,9.5,4.7,1.6,0.4,4.1,7.5,10.7,13.1,16.1,16.1,14.5,11.6,6.3,1.6,-1.1,-2.1,0.6,3.1,5.8,7.9,10.7,10.9,9.9,7.9,3.1,-1.4
East,1887,,,,,,,,,,,,,,,,,,,,,,,,,40.6,15.1,38.4,31.2,49.5,13.3,25.6,44.5,58.5,55.6,64.5,31.4,,,,,,,,,,,,,4.2,7.4,7.5,11.1,13.2,20.8,24.4,21.9,16.1,11.0,7.5,5.2,1.3,3.6,3.8,6.4,9.1,15.0,18.0,16.0,12.0,7.2,4.6,2.4,-1.7,-0.3,0.1,1.6,5.0,9.1,11.6,10.0,7.8,3.4,1.7,-0.4
East,1888,,,,,,,,,,,,,,,,,,,,,,,,,23.0,41.0,70.5,42.7,22.1,48.8,114.0,70.4,34.9,28.5,84.2,30.6,,,,,,,,,,,,,5.5,3.7,6.2,10.1,15.9,18.7,18.0,19.3,17.2,12.5,10.1,7.3,2.7,1.2,3.0,6.0,10.5,13.8,13.9,14.6,13.0,7.6,7.7,4.3,-0.1,-1.3,-0.1,1.9,5.2,8.9,9.9,9.9,8.9,2.7,5.3,1.3
East,1889,,,,,,,,,,,,,,,,,,,,,,,,,21.1,43.0,33.1,53.3,89.1,44.6,75.9,67.8,65.6,93.0,30.3,32.9,,,,,,,,,,,,,4.9,5.6,8.7,11.0,17.3,20.2,19.8,20.1,17.2,12.7,9.4,5.4,1.9,2.2,4.4,6.9,12.8,15.2,15.2,15.2,12.8,9.0,6.3,2.5,-1.1,-1.3,0.2,2.9,8.2,10.1,10.7,10.3,8.3,5.3,3.2,-0.5
East,1890,,,,,,,,,,,,,,,,,,,,,,,,,54.2,21.7,61.7,23.7,45.3,63.4,92.9,57.6,17.0,38.0,66.7,15.0,,,,,,,,,,,,,8.5,5.9,10.2,11.5,17.0,18.9,19.4,19.5,20.5,14.3,9.0,0.9,5.2,2.9,5.8,6.9,11.6,14.1,14.8,14.7,15.0,9.6,5.3,-1.7,1.9,0.0,1.5,2.3,6.1,9.3,10.2,9.9,9.6,4.8,1.6,-4.4
East,1891,,,,,,,,,,,,,11.5,0.0,10.7,7.3,15.3,7.3,17.1,19.0,8.2,17.0,11.4,14.4,44.8,1.4,37.8,22.9,71.5,37.5,85.7,96.0,24.6,112.4,46.4,76.9,,,,,,,,,,,,,3.6,8.3,8.3,10.4,14.1,19.3,19.6,18.9,19.8,14.3,8.8,7.6,0.2,3.6,4.3,6.0,9.3,14.4,14.9,14.5,14.5,10.2,5.5,3.8,-3.3,-1.1,0.4,1.6,4.7,9.5,10.2,10.1,9.3,6.1,2.2,0.1
East,1892,,,,,,,,,,,,,8.3,11.3,7.9,8.3,7.7,13.1,8.6,10.5,9.4,19.3,8.1,8.7,21.5,49.1,29.2,36.6,36.3,78.5,62.6,76.8,64.0,137.7,44.6,31.8,,,,,,,,,,,,,4.7,6.1,6.3,13.2,17.1,18.8,18.8,20.9,17.5,11.0,9.3,4.7,1.5,2.8,2.2,7.1,11.5,13.3,14.3,15.7,12.7,7.3,6.4,1.6,-1.6,-0.5,-1.8,0.9,6.1,7.8,9.9,10.4,7.8,3.5,3.5,-1.5
East,1893,,,,,,,,,,,,,12.5,14.7,2.8,1.3,5.8,6.4,16.2,11.0,6.9,14.2,12.2,10.1,45.1,66.2,8.4,3.1,26.8,25.5,81.8,51.8,25.5,67.1,73.0,41.8,,,,,,,,,,,,,4.0,7.6,13.3,16.2,18.3,21.0,21.5,23.3,18.6,14.6,8.6,7.3,1.1,4.3,7.1,9.5,12.6,15.0,16.5,17.7,13.2,10.3,5.0,3.7,-1.7,1.0,1.0,2.8,6.9,9.0,11.5,12.1,7.7,6.0,1.4,0.2
East,1894,,,,,,,,,,,,,13.7,9.9,5.8,9.9,11.2,11.2,14.9,14.6,10.6,15.8,11.5,11.3,46.5,34.9,22.5,42.8,52.6,59.6,85.9,63.6,39.8,65.5,81.7,53.1,,,,,,,,,,,,,5.7,8.3,11.6,14.7,14.0,18.3,21.1,19.2,15.8,12.9,10.7,7.5,2.6,4.4,6.3,9.6,9.3,13.6,16.0,14.9,11.9,9.5,7.4,4.6,-0.5,0.5,1.1,4.5,4.7,9.0,11.0,10.5,7.9,6.0,4.1,1.6
East,1895,,,,,,,,,,,,,12.1,2.2,12.2,7.8,4.6,5.8,13.1,13.2,1.6,14.3,14.6,9.6,64.2,9.3,44.2,29.1,18.1,18.8,91.6,81.6,19.3,64.2,72.7,49.7,,,,,,,,,,,,,2.9,1.9,9.8,13.0,17.6,20.2,20.8,21.3,22.3,11.8,11.0,6.4,0.0,-2.0,5.4,8.2,11.8,14.2,15.9,16.2,15.8,7.6,7.6,3.4,-3.0,-5.9,1.0,3.5,6.0,8.3,10.9,11.0,9.4,3.3,4.1,0.5
East,1896,,,,,,,,,,,,,6.2,3.8,17.4,8.1,2.5,9.3,6.5,12.5,17.1,17.3,5.1,16.9,27.7,14.7,77.8,23.2,11.8,58.2,30.9,59.0,120.9,84.1,28.7,79.3,,,,,,,,,,,,,6.8,7.3,10.9,13.2,16.4,21.9,22.9,19.3,17.1,11.5,7.5,6.3,3.9,3.7,6.8,8.3,10.9,16.2,16.9,14.5,13.4,7.6,4.2,3.5,1.1,0.1,2.7,3.5,5.4,10.6,10.9,9.7,9.6,3.7,0.9,0.7
East,1897,,,,,,,,,,,,,11.2,10.1,14.6,10.4,7.5,9.1,5.0,14.6,11.6,5.8,8.0,11.0,49.9,59.1,67.8,43.9,29.1,57.2,19.1,67.7,78.3,20.1,30.5,46.7,,,,,,,,,,,,,3.5,8.1,10.6,11.5,15.0,20.3,22.0,21.9,16.9,14.2,10.2,7.4,1.1,5.1,6.7,7.0,10.0,15.3,16.4,16.8,12.4,9.8,6.7,4.2,-1.2,2.1,2.9,2.6,5.0,10.2,10.8,11.6,7.9,5.4,3.2,1.1
East,1898,,,,,,,,,,,,,5.3,7.5,8.6,9.8,16.7,10.8,4.7,9.4,1.8,10.1,10.5,9.7,23.4,22.9,41.5,33.8,70.3,58.5,31.6,44.9,6.4,59.5,54.6,56.7,,,,,,,,,,,,,8.3,8.0,8.3,13.2,14.4,18.2,20.4,22.4,22.0,15.4,10.6,9.6,5.6,4.3,4.0,8.1,10.9,13.5,15.2,16.9,15.8,11.7,7.2,6.4,2.8,0.6,-0.3,2.9,7.2,8.8,10.0,11.4,9.5,8.0,3.8,3.3
East,1899,,,,,,,,,,,,,13.2,8.1,5.9,12.5,10.9,5.6,6.6,4.8,12.2,7.5,7.7,9.2,53.9,33.7,25.6,59.6,49.7,28.5,54.6,26.6,75.8,55.6,70.1,39.2,,,,,,,,,,,,,8.2,9.0,9.8,12.2,14.9,20.6,23.2,23.7,18.5,14.2,11.5,4.8,5.0,5.0,4.4,8.1,10.0,14.8,17.8,17.8,13.9,9.2,7.9,1.9,1.8,1.1,-1.0,3.9,5.2,9.1,12.4,11.9,9.3,4.2,4.4,-1.0
East,1900,,,,,,,,,,,,,16.4,16.0,4.0,8.1,7.3,15.2,7.5,14.1,4.9,12.1,13.7,12.5,75.7,81.7,21.6,27.8,31.5,66.0,38.7,80.9,16.5,50.3,52.2,66.6,,,,,,,,,,,,,6.6,6.0,7.0,13.3,15.1,19.7,24.3,20.5,19.6,14.4,10.0,9.5,3.7,2.7,3.5,8.0,10.4,14.9,18.4,15.7,14.4,10.0,7.1,6.5,0.8,-0.6,-0.1,2.7,5.5,10.1,12.6,11.0,9.2,5.5,4.3,3.4
East,1901,,,,,,,,,,,,,5.6,8.0,13.6,11.0,5.8,6.6,7.0,6.3,5.9,11.1,6.3,13.0,15.8,26.3,51.9,52.1,28.5,36.1,43.5,35.9,28.5,51.8,34.5,84.9,,,,,,,,,,,,,5.9,4.4,7.0,13.6,16.5,19.7,23.3,22.3,19.1,14.1,8.3,6.1,3.1,1.4,3.8,8.4,11.0,14.1,17.6,16.7,14.4,9.7,4.8,3.2,0.3,-1.6,0.5,3.2,5.5,8.5,11.9,11.1,9.7,5.4,1.3,0.2
East,1902,,,,,,,,,,,,,5.3,7.3,7.1,6.6,16.6,12.6,8.9,14.8,5.1,11.1,8.6,8.6,20.3,25.1,31.8,24.7,74.9,71.5,42.5,79.8,28.9,39.6,36.0,34.2,,,,,,,,,,,,,7.4,4.3,10.8,12.4,13.4,18.6,20.4,19.4,18.0,13.0,9.5,6.8,4.4,1.2,6.4,7.6,8.7,13.9,15.2,14.6,13.2,9.4,6.4,4.2,1.5,-1.9,2.0,2.9,4.0,9.1,10.0,9.7,8.5,5.8,3.4,1.7
East,1903,,,,,,,,,,,,,10.3,4.6,15.4,11.3,12.8,8.6,14.6,13.8,11.1,22.7,10.3,7.2,47.0,14.6,53.0,46.4,63.0,94.7,109.1,90.2,68.6,128.3,51.0,32.5,,,,,,,,,,,,,6.6,10.2,11.4,10.6,16.0,17.4,20.5,19.5,18.2,14.3,9.6,5.2,4.0,6.5,7.2,6.2,11.1,12.6,15.6,14.7,13.7,10.8,6.2,2.9,1.3,2.8,2.9,1.9,6.2,7.9,10.7,10.0,9.2,7.3,2.9,0.7
East,1904,,,,,,,,,,,,,12.3,13.9,9.9,5.9,11.1,5.5,8.0,7.6,9.3,8.2,7.6,10.9,47.7,67.8,38.7,21.1,46.1,21.8,64.1,50.1,39.7,29.7,35.5,47.7,,,,,,,,,,,,,6.0,6.2,8.0,13.6,15.7,18.3,23.2,21.1,17.4,13.9,8.6,6.6,3.2,3.4,4.3,9.0,11.2,13.4,17.6,15.8,12.7,9.8,5.0,3.6,0.4,0.5,0.5,4.4,6.7,8.4,12.1,10.5,8.0,5.7,1.5,0.7
East,1905,,,,,,,,,,,,,5.6,7.7,15.3,13.2,4.2,12.5,5.6,13.0,9.3,12.1,13.8,5.9,26.2,26.3,56.6,48.3,30.7,83.2,23.9,65.5,53.0,51.1,54.4,22.2,,,,,,,,,,,,,6.0,7.6,10.8,11.2,16.0,19.3,23.6,20.4,17.2,10.8,8.1,6.5,2.9,4.6,6.7,7.3,10.6,14.9,18.2,15.5,13.1,6.9,4.9,3.9,-0.2,1.6,2.7,3.4,5.3,10.5,12.8,10.6,9.0,2.9,1.6,1.3
East,1906,,,,,,,,,,,,,15.9,14.0,13.9,6.2,9.3,8.7,5.1,7.2,6.8,14.4,12.7,14.5,87.1,52.9,42.9,18.7,39.8,70.0,17.6,30.5,31.5,93.6,96.9,57.7,,,,,,,,,,,,,7.6,6.3,8.8,12.5,15.6,18.8,22.0,23.3,20.0,15.5,10.4,5.2,4.7,3.0,4.8,6.9,10.9,13.4,16.4,17.5,14.6,11.7,7.4,2.0,1.9,-0.3,0.9,1.3,6.4,8.1,10.8,11.7,9.2,8.0,4.4,-1.1
East,1907,,,,,,,,,,,,,6.6,8.4,7.6,15.4,15.4,13.5,10.0,9.9,4.4,15.7,10.1,12.6,29.7,30.9,26.8,71.6,67.8,51.6,47.8,46.6,15.4,77.3,58.9,71.7,,,,,,,,,,,,,5.5,5.6,11.3,12.0,15.4,17.4,18.4,20.1,19.4,14.3,9.9,7.2,2.7,2.4,6.0,7.7,10.8,13.2,13.7,15.1,13.9,10.3,6.6,4.5,-0.2,-0.8,0.6,3.4,6.2,9.0,9.0,10.1,8.3,6.4,3.3,1.8
East,1908,,,,,,,,,,,,,5.3,12.3,14.9,12.3,10.1,5.3,10.6,12.0,10.2,7.3,7.3,11.9,24.7,38.8,55.8,69.9,36.2,25.5,82.3,61.6,40.6,37.0,27.8,41.7,,,,,,,,,,,,,5.0,8.1,7.8,9.8,17.6,19.7,21.0,19.8,17.8,16.1,10.5,5.9,1.9,4.7,4.1,5.8,12.6,14.4,16.0,14.8,13.1,11.9,7.1,3.4,-1.3,1.2,0.3,1.8,7.7,9.1,11.0,9.8,8.5,7.7,3.8,0.9
East,1909,,,,,,,,,,,,,6.9,4.4,15.0,8.3,6.6,14.3,14.7,9.6,13.8,17.5,5.5,15.7,19.9,15.2,71.7,37.9,32.6,94.0,83.9,56.4,53.0,100.0,23.4,95.8,,,,,,,,,,,,,5.5,5.9,6.7,14.6,16.4,15.8,19.7,21.1,16.4,14.5,8.3,6.6,2.7,2.3,3.5,8.8,10.6,11.9,15.0,15.8,12.3,10.9,5.0,3.7,-0.1,-1.3,0.2,3.1,4.9,8.0,10.4,10.4,8.3,7.2,1.8,0.8
East,1910,,,,,,,,,,,,,11.9,14.3,4.2,12.0,14.1,9.7,11.6,13.8,4.3,8.7,12.0,16.0,45.1,58.0,22.3,50.1,75.3,47.9,70.5,58.8,27.5,42.7,80.9,102.5,71.2,75.2,155.6,133.5,211.0,192.9,118.5,167.0,124.1,72.9,80.8,30.7,6.1,8.1,10.1,12.0,15.8,19.7,18.1,20.4,17.1,14.6,6.9,8.4,3.3,4.7,5.6,7.6,11.2,14.9,14.3,15.8,13.0,11.4,3.3,6.0,0.4,1.3,1.1,3.1,6.5,10.2,10.4,11.2,8.8,8.1,-0.2,3.5
East,1911,,,,,,,,,,,,,8.3,9.7,12.4,7.6,5.7,9.8,3.8,5.4,8.5,12.4,14.3,20.0,37.1,32.2,53.6,27.4,31.2,66.1,12.5,25.3,42.8,62.9,82.4,97.5,60.8,68.9,89.6,161.2,224.4,218.4,312.8,238.4,212.8,98.6,58.6,43.1,5.7,7.7,8.2,12.2,17.9,19.7,24.6,24.9,21.1,13.5,9.1,8.3,3.0,4.3,4.9,7.7,12.5,14.6,18.4,19.0,15.0,9.8,6.0,5.6,0.3,1.0,1.6,3.3,7.1,9.5,12.1,13.2,8.8,6.1,3.0,2.9
East,1912,,,,,,,,,,,,,13.5,9.1,13.9,1.6,8.7,15.6,12.6,21.5,7.4,10.2,12.2,14.1,72.4,34.4,67.6,6.0,33.8,71.7,73.3,177.1,58.5,51.6,59.3,62.0,35.0,53.4,94.2,241.7,174.5,192.9,163.0,107.8,112.2,128.6,36.0,25.8,6.0,8.3,10.9,14.1,17.6,19.3,21.2,17.8,15.2,13.3,8.7,9.4,3.5,5.3,7.4,8.5,12.5,14.5,16.7,13.7,11.4,8.3,5.8,6.4,0.9,2.3,3.9,2.9,7.4,9.7,12.2,9.6,7.6,3.3,2.9,3.3
East,1913,,,,,,,,,,,,,14.5,4.2,14.7,12.0,8.8,6.2,9.1,6.2,8.4,12.7,11.4,5.7,67.6,17.0,51.5,53.9,45.2,28.5,41.9,27.3,38.6,86.3,56.5,18.1,45.9,67.7,104.6,130.9,201.3,201.7,101.3,165.4,136.9,108.3,83.9,40.7,6.8,7.9,10.3,12.0,17.2,19.8,18.4,20.5,18.7,15.1,11.7,7.2,4.2,4.5,6.4,7.8,12.2,14.5,14.2,15.3,14.4,11.3,8.0,4.5,1.6,1.2,2.5,3.7,7.2,9.0,10.0,10.1,10.1,7.4,4.4,1.8
East,1914,,,,,,,,,,,,,5.0,9.1,17.0,5.7,8.5,7.0,11.4,7.7,6.3,8.6,14.5,19.7,35.4,40.6,91.1,19.1,30.4,45.2,48.6,30.2,25.2,51.4,65.2,144.3,38.6,92.4,99.3,230.8,204.3,242.3,173.4,191.0,194.6,76.3,67.2,39.5,5.4,10.0,9.9,15.1,16.1,19.8,21.5,22.1,19.3,14.5,10.1,7.5,2.8,6.4,6.1,9.5,11.0,14.4,16.6,16.8,13.8,10.6,6.7,4.7,0.2,2.7,2.3,3.8,5.8,9.0,11.7,11.4,8.4,6.7,3.4,2.0
East,1915,,,,,,,,,,,,,15.5,16.6,8.2,5.0,6.4,5.8,16.3,12.1,6.2,6.6,10.6,20.0,73.6,68.2,35.6,21.4,50.9,28.1,101.8,64.9,39.3,38.3,66.3,104.8,34.1,73.0,98.9,173.2,221.0,231.3,181.5,168.8,172.2,77.4,71.5,37.4,6.0,7.4,8.8,12.4,15.8,19.8,20.0,20.4,18.7,13.2,7.0,8.4,3.6,4.1,5.0,7.5,10.8,14.3,15.4,15.7,13.8,9.4,3.7,5.4,1.2,0.8,1.2,2.6,5.7,8.7,10.7,11.0,8.9,5.6,0.4,2.4
East,1916,,,,,,,,,,,,,8.4,17.3,15.7,9.6,10.5,14.1,10.3,12.6,7.2,14.0,11.4,13.9,33.6,95.2,92.8,37.7,49.0,62.3,35.0,88.1,33.0,64.5,81.5,72.0,53.5,71.5,58.9,190.5,182.9,130.7,145.8,165.9,107.9,87.8,69.2,24.2,9.8,6.7,6.6,13.5,17.3,16.0,19.8,21.6,17.2,14.5,9.7,5.0,6.7,3.5,3.6,8.4,12.2,11.7,15.0,16.6,12.9,10.8,6.4,2.3,3.7,0.4,0.6,3.3,7.0,7.3,10.2,11.6,8.7,7.2,3.1,-0.5
East,1917,,,,,,,,,,,,,11.2,5.1,11.4,11.8,4.3,8.9,8.9,18.0,6.5,13.3,9.0,5.8,44.8,19.7,49.1,43.6,32.2,45.6,76.9,117.8,44.0,90.7,39.0,26.6,23.0,42.7,79.4,131.9,242.5,224.5,227.3,159.5,165.9,150.3,58.0,60.0,3.1,3.8,6.4,9.5,18.7,21.8,21.4,19.8,19.0,12.1,10.6,4.7,1.4,0.8,2.7,4.9,13.0,16.2,16.3,16.0,14.4,7.7,7.3,1.7,-0.3,-2.2,-1.0,0.4,7.4,10.5,11.3,12.1,9.8,3.3,4.1,-1.3
East,1918,,,,,,,,,,,,,9.6,7.6,5.2,10.2,8.3,6.3,15.5,7.4,19.8,10.1,10.4,16.2,62.6,23.4,19.5,75.2,44.7,22.9,99.4,34.2,123.3,49.3,50.9,68.2,61.3,78.2,135.5,103.0,226.8,229.9,201.5,185.9,152.0,70.3,69.2,33.4,6.1,8.9,10.4,10.0,18.0,18.8,20.9,21.5,16.7,12.8,8.9,9.4,3.0,5.7,5.7,6.4,12.5,13.1,15.8,16.5,12.6,9.1,5.5,6.6,-0.2,2.5,1.0,2.8,7.0,7.3,10.7,11.4,8.6,5.4,2.1,3.7
East,1919,,,,,,,,,,,,,15.8,9.7,13.2,13.6,3.7,7.8,12.3,9.2,7.0,8.7,14.0,18.0,76.6,68.9,61.1,67.9,13.0,33.6,72.2,59.1,27.3,39.6,50.7,98.4,36.1,50.2,89.8,116.1,267.8,225.1,115.7,216.2,164.4,132.4,51.8,31.0,5.0,4.5,7.2,11.6,18.6,19.8,17.7,22.0,18.6,12.0,6.1,7.9,2.5,1.4,3.8,7.0,12.8,14.3,13.6,16.4,13.4,7.3,3.2,4.8,-0.1,-1.7,0.5,2.4,6.9,8.8,9.5,10.8,8.2,2.5,0.3,1.7
East,1920,,,,,,,,,,,,,11.9,4.0,10.6,20.1,8.8,6.2,15.6,7.8,11.6,4.1,5.5,16.0,52.9,15.1,33.8,86.3,35.2,40.5,84.2,40.1,63.8,22.0,20.0,61.2,53.1,89.0,141.6,92.4,234.3,229.0,159.9,146.3,107.3,165.9,82.6,30.3,8.1,9.4,12.0,12.3,17.6,19.8,19.4,18.2,18.0,15.3,9.9,6.7,4.7,5.5,7.4,8.6,12.4,14.6,14.8,13.7,13.4,10.6,6.0,3.9,1.3,1.5,2.7,5.0,7.2,9.5,10.3,9.2,8.9,5.9,2.1,1.1
East,1921,,,,,,,,,,,,,12.6,1.6,7.9,7.8,8.6,3.1,2.2,9.6,3.6,6.7,6.7,11.2,49.9,8.8,24.2,35.1,28.2,9.9,9.1,36.7,38.3,31.1,42.2,36.6,46.6,78.1,138.4,206.7,245.5,210.7,262.5,177.8,172.0,148.2,70.3,42.1,9.8,8.1,11.9,13.4,17.4,19.7,24.9,21.4,20.3,18.1,7.2,9.0,6.9,4.5,7.4,8.3,11.9,14.1,18.5,16.6,14.9,13.2,4.1,6.0,4.0,0.9,2.9,3.2,6.3,8.6,12.0,11.8,9.4,8.3,1.0,2.9
East,1922,,,,,,,,,,,,,15.9,11.8,13.5,13.1,8.0,8.6,15.4,12.5,10.7,7.2,7.1,11.6,83.0,51.2,43.7,65.9,27.8,32.3,99.6,51.5,70.9,24.1,35.2,53.4,36.2,102.2,102.9,167.0,276.6,227.5,149.0,147.8,128.6,134.7,56.0,47.4,6.1,7.7,7.9,10.0,19.1,19.4,18.5,18.6,16.6,12.5,8.6,7.8,3.2,4.3,4.8,5.8,13.2,14.1,14.2,14.1,12.4,8.7,5.2,5.3,0.4,0.9,1.6,1.6,7.2,8.9,9.9,9.6,8.1,4.9,1.9,2.7
East,1923,,,,,,,,,,,,,9.3,15.9,9.5,7.2,10.1,6.0,8.7,8.4,10.5,15.4,9.6,13.4,36.3,75.6,42.3,30.3,34.0,17.1,59.5,58.8,47.7,95.8,55.4,64.6,61.7,57.4,100.5,146.3,152.7,130.5,225.4,245.1,183.8,92.6,93.0,37.5,7.8,8.1,9.8,11.9,14.6,16.8,23.5,21.3,18.2,13.7,6.5,5.6,4.6,5.3,6.3,7.8,10.0,12.2,18.1,15.9,12.9,10.0,3.2,2.7,1.3,2.6,2.7,3.7,5.5,7.7,12.8,10.6,7.7,6.4,-0.2,-0.3
East,1924,,,,,,,,,,,,,10.9,7.7,4.3,10.1,15.6,9.9,11.5,15.0,12.8,13.6,8.9,10.9,59.8,26.2,17.4,64.2,98.4,49.4,74.0,57.5,72.4,101.0,59.2,60.4,59.4,45.9,168.2,148.1,183.5,197.6,236.0,163.1,120.4,94.4,44.8,47.9,6.4,5.1,8.5,11.9,16.9,19.4,21.3,19.4,17.6,14.1,9.8,8.4,3.9,2.5,4.0,7.3,12.2,14.6,16.0,14.8,13.9,10.7,6.9,5.9,1.4,-0.1,-0.6,2.8,7.6,9.9,10.7,10.1,10.3,7.2,4.0,3.4
East,1925,,,,,,,,,,,,,7.8,11.3,8.6,13.9,12.0,2.8,10.1,13.2,13.8,9.7,12.4,11.3,30.5,58.3,30.9,49.2,57.6,10.9,55.5,64.5,73.8,65.5,57.5,52.8,53.5,68.7,90.4,136.9,220.9,250.3,192.4,147.3,118.6,102.6,83.1,59.9,7.7,8.1,8.1,12.0,17.2,20.0,22.4,20.5,15.9,14.7,7.4,5.4,4.8,5.0,4.6,7.6,12.3,14.5,17.2,16.0,11.7,10.7,4.4,2.6,1.9,1.9,1.1,3.1,7.3,9.0,11.9,11.5,7.6,6.7,1.5,-0.2
East,1926,,,,,,,,,,,,,12.6,11.8,2.0,14.6,11.7,12.7,10.1,8.9,8.7,11.1,15.1,4.6,62.9,55.6,7.1,74.6,43.5,69.6,53.9,36.1,38.0,63.3,90.1,16.2,48.3,45.7,121.3,111.4,179.1,182.3,184.9,204.9,142.4,113.8,45.5,56.6,6.7,9.5,10.4,13.8,14.6,18.2,21.2,21.7,19.8,12.6,9.5,6.3,3.6,6.7,6.5,9.4,10.3,13.6,16.6,16.6,15.2,8.5,6.5,3.8,0.4,3.8,2.6,5.1,5.9,9.0,11.9,11.5,10.6,4.4,3.5,1.2
East,1927,,,,,,,,,,,,,10.4,12.0,13.0,11.1,5.5,17.2,11.5,15.2,13.7,8.7,12.9,9.4,43.8,67.3,50.2,46.9,20.4,91.4,68.6,81.6,97.8,50.6,73.4,60.6,56.9,50.0,126.6,167.7,214.1,178.7,139.1,181.6,109.3,101.4,56.4,33.1,7.1,7.1,11.1,12.8,16.4,17.6,19.7,20.6,16.8,14.6,8.9,3.8,4.0,3.9,7.3,8.4,11.1,12.9,15.5,16.2,13.0,10.5,5.9,1.8,1.0,0.7,3.6,3.9,5.8,8.3,11.4,11.7,9.1,6.4,2.9,-0.2
East,1928,,,,,,,,,,,,,16.3,8.4,11.2,8.9,9.4,11.5,5.9,11.8,4.4,12.6,12.9,13.9,84.4,31.9,42.9,30.8,45.2,60.0,54.7,53.4,18.5,69.9,55.4,69.0,61.6,96.1,99.8,133.0,168.3,222.3,277.5,192.4,209.7,119.0,66.7,51.8,7.9,9.3,9.8,12.2,14.9,18.5,23.3,20.6,19.1,14.6,11.0,6.1,4.5,5.6,6.1,8.0,10.3,13.4,17.4,15.8,13.3,10.5,7.7,3.3,1.2,1.8,2.4,3.8,5.7,8.3,11.4,11.0,7.6,6.5,4.4,0.4
East,1929,,,,,,,,,,,,,9.1,3.9,0.3,7.5,7.4,5.9,7.9,6.7,3.7,11.0,16.1,18.2,40.3,14.8,2.1,32.1,34.1,22.4,63.3,28.1,13.8,76.7,106.6,105.6,37.8,56.7,165.7,148.2,245.2,197.5,238.4,184.5,192.0,118.8,65.0,66.8,3.4,2.3,11.6,10.7,16.3,18.6,22.0,21.4,22.4,14.1,9.9,8.4,1.2,-0.6,5.7,6.2,11.0,13.5,16.4,16.1,16.6,9.9,6.5,5.5,-1.0,-3.5,-0.2,1.7,5.6,8.5,10.8,10.7,10.7,5.7,3.0,2.6
East,1930,,,,,,,,,,,,,13.2,5.9,7.3,11.2,12.5,4.1,13.5,13.1,15.8,7.6,16.0,10.9,48.3,18.9,35.3,51.0,69.2,24.1,90.9,65.4,107.0,24.0,91.6,53.3,55.6,60.7,129.9,118.3,166.2,231.6,172.8,220.5,124.7,137.4,72.7,32.3,8.6,5.5,9.6,11.9,15.4,20.8,20.3,21.4,18.0,14.7,9.9,6.5,5.6,3.1,5.4,8.1,11.0,15.5,15.7,16.4,14.1,10.7,6.2,3.8,2.7,0.7,1.4,4.3,6.6,10.2,11.2,11.4,10.2,6.6,2.6,1.1
East,1931,16.0,16.1,17.8,1.2,0.3,0.0,0.0,0.0,0.0,7.2,1.5,8.9,12.9,15.3,2.4,15.4,10.6,8.2,12.7,13.3,10.3,3.9,10.2,6.2,46.5,57.8,8.3,82.2,71.8,38.6,86.5,92.0,56.5,19.9,51.9,24.7,60.7,55.9,169.4,119.7,173.7,191.3,156.7,158.0,113.0,123.3,57.9,39.8,5.9,6.6,8.0,11.9,16.3,19.7,20.6,18.8,15.9,13.8,10.7,7.6,3.1,3.4,3.8,8.0,11.6,14.9,16.0,14.6,11.8,9.1,7.5,4.9,0.2,0.3,-0.4,4.0,6.9,10.2,11.5,10.4,7.7,4.5,4.4,2.2
East,1932,12.2,15.5,17.8,1.8,1.3,0.0,0.0,0.0,0.0,0.8,3.4,8.1,7.5,3.5,7.8,17.2,18.7,2.6,13.6,8.2,11.8,18.6,9.0,3.5,26.3,11.8,38.0,64.5,98.3,14.7,70.9,51.7,48.0,108.4,34.5,12.8,51.1,64.6,134.4,126.0,116.1,194.1,144.0,185.4,116.0,85.6,43.0,53.8,8.8,5.8,8.8,11.1,14.9,18.8,21.2,23.2,18.3,12.8,9.2,7.8,5.6,2.8,4.4,7.1,10.7,13.8,16.6,18.1,13.7,9.1,6.6,5.1,2.4,-0.2,0.1,3.0,6.5,8.7,12.1,12.9,9.2,5.3,3.9,2.4
East,1933,21.1,15.3,8.0,4.2,0.0,0.0,0.0,0.0,0.0,1.2,2.2,20.4,9.0,10.8,10.6,6.3,10.1,11.3,8.5,4.7,9.1,9.9,11.5,3.8,30.7,40.7,49.7,26.0,42.7,53.6,36.6,20.6,62.3,54.1,43.9,13.5,63.5,87.5,185.0,154.0,167.3,235.4,238.4,243.7,180.4,97.5,44.5,42.1,5.0,7.4,12.2,14.1,16.6,20.5,23.7,24.4,20.5,14.2,8.3,3.4,2.2,4.1,7.2,9.1,11.8,14.9,18.1,18.3,15.5,10.5,5.8,1.1,-0.6,0.7,2.2,4.1,7.1,9.3,12.5,12.2,10.6,6.8,3.3,-1.1
East,1934,12.7,19.8,12.2,2.7,0.0,0.0,0.0,0.0,0.0,1.9,7.4,0.2,9.9,3.5,12.2,12.1,5.8,7.8,6.1,9.3,7.2,10.6,7.3,19.4,33.8,11.3,44.5,52.7,26.1,33.0,37.1,47.5,41.3,38.4,41.3,96.4,56.7,99.7,118.6,122.8,207.2,195.9,268.4,186.6,185.0,94.0,43.0,21.9,6.8,7.2,8.8,12.5,16.9,20.1,23.8,21.4,20.7,14.5,8.9,10.0,3.6,3.2,4.8,8.2,11.5,14.8,17.6,16.1,15.2,10.8,6.0,7.8,0.3,-0.7,0.8,4.0,6.1,9.5,11.4,10.7,9.7,7.1,3.1,5.5
East,1935,10.0,7.3,8.2,4.1,2.5,0.0,0.0,0.0,0.0,2.7,2.5,15.1,10.4,11.3,4.4,16.2,6.1,15.4,4.3,6.0,14.8,11.7,16.6,13.6,51.0,54.3,14.1,69.1,31.2,69.8,17.9,36.3,90.9,64.6,93.0,55.5,49.9,54.8,126.0,134.1,230.0,218.6,285.6,211.2,154.0,112.3,57.9,39.0,6.6,8.7,10.4,12.0,14.7,20.3,23.6,23.4,18.7,13.8,10.1,5.3,4.1,5.6,6.3,8.0,9.9,15.4,17.7,17.4,14.1,9.8,7.1,2.8,1.7,2.5,2.2,4.1,5.2,10.6,11.9,11.3,9.5,5.7,4.1,0.3
East,1936,12.3,18.0,4.2,5.4,0.3,0.0,0.0,0.0,0.0,1.7,7.4,11.2,16.8,11.9,6.3,8.7,5.0,14.3,18.1,5.1,12.3,12.2,13.3,12.0,82.0,58.8,19.0,35.5,24.3,91.8,113.9,22.2,65.7,45.7,74.1,41.5,44.3,78.2,84.5,150.4,182.1,203.5,157.4,178.2,113.3,108.4,50.4,60.4,6.7,5.2,10.4,10.4,15.9,20.0,20.0,21.3,18.7,13.4,9.0,7.7,3.9,2.2,6.9,6.4,11.3,15.0,15.8,16.2,14.7,9.2,5.6,4.7,1.0,-0.8,3.5,2.5,6.7,10.1,11.7,11.1,10.8,5.1,2.3,1.7
East,1937,11.0,5.9,15.7,1.2,0.0,0.0,0.0,0.0,0.0,0.4,10.5,16.7,17.2,15.7,15.4,12.9,10.5,8.5,7.9,5.7,11.5,7.3,9.2,14.4,92.1,79.7,77.3,68.4,73.5,44.4,48.7,37.3,49.0,48.2,43.8,80.5,50.7,67.3,107.0,82.8,172.0,189.5,122.4,179.1,151.2,85.7,60.5,28.5,7.5,8.5,7.1,12.2,16.7,19.5,20.9,22.4,18.8,14.8,8.7,5.4,4.6,5.4,3.7,8.6,12.2,14.5,16.5,17.3,13.8,11.0,5.4,2.9,1.7,2.4,0.3,5.0,7.7,9.5,12.0,12.2,8.8,7.1,2.2,0.4
East,1938,4.2,7.0,6.2,8.6,1.0,0.0,0.0,0.0,0.0,1.8,2.6,12.7,16.3,6.3,2.9,2.8,10.1,6.6,10.6,7.9,11.6,14.2,10.6,14.5,64.8,17.2,9.9,9.3,49.9,21.2,39.5,42.7,59.8,66.3,57.9,76.8,45.5,74.6,170.0,158.0,169.2,204.3,170.6,164.6,120.6,124.9,70.9,46.7,8.2,7.8,14.8,12.2,15.3,20.4,20.8,21.5,18.9,14.3,12.3,6.2,5.3,4.7,9.1,7.1,10.6,15.2,15.8,16.6,14.4,10.0,8.9,3.5,2.3,1.7,3.6,2.1,5.8,10.1,10.7,11.8,9.9,5.8,5.6,0.8
East,1939,9.5,8.9,5.2,2.8,0.1,0.0,0.0,0.0,0.0,1.3,2.1,13.6,17.4,5.0,12.3,11.8,5.0,8.6,12.1,9.5,7.0,18.1,15.7,7.2,119.9,19.6,47.7,63.8,27.8,44.8,53.3,75.9,33.7,136.0,98.7,39.4,48.1,104.5,93.7,170.2,195.3,214.5,168.6,170.3,143.0,89.2,40.5,39.2,6.9,8.8,9.0,13.5,15.8,19.0,20.7,21.6,19.2,12.1,11.4,5.2,4.4,5.3,5.5,8.7,10.8,13.9,16.0,16.9,15.2,8.7,8.4,2.8,1.8,1.8,2.1,4.0,5.8,8.8,11.3,12.0,11.2,5.3,5.5,0.4
East,1940,29.1,17.1,12.6,5.1,0.0,0.0,0.0,0.0,0.0,1.8,4.4,13.0,8.2,11.1,10.2,8.8,6.4,3.5,14.1,3.2,6.0,12.2,17.1,10.5,43.2,41.2,67.1,37.9,29.1,12.8,83.1,9.9,22.3,56.5,153.1,43.4,72.2,27.7,122.3,124.4,245.2,263.4,191.5,181.8,167.9,104.0,78.2,36.4,1.8,4.1,10.0,12.9,18.2,21.9,20.6,21.2,19.0,13.8,10.0,6.1,-1.5,1.5,5.9,8.5,12.3,16.1,15.5,15.8,13.4,9.8,6.7,3.3,-4.6,-1.1,1.8,4.0,6.5,10.3,10.4,10.4,7.8,5.8,3.5,0.6
East,1941,21.3,14.7,12.0,2.7,5.6,0.0,0.0,0.0,0.0,1.2,5.6,11.9,12.7,12.8,9.9,7.0,8.2,5.1,10.9,17.8,2.6,10.7,12.0,6.4,56.5,51.7,77.5,29.0,48.0,22.2,64.8,102.9,12.3,53.3,60.6,31.1,30.8,56.5,114.9,107.8,157.6,214.2,235.9,164.3,110.2,107.8,40.9,36.6,2.4,6.3,8.8,10.6,13.7,20.2,23.8,19.4,19.0,14.2,9.1,7.8,0.5,3.2,5.0,6.7,9.0,14.9,18.3,15.0,14.7,10.3,6.1,4.8,-1.5,0.1,1.1,2.8,4.4,9.7,12.7,10.5,10.4,6.4,3.2,1.8
East,1942,24.3,27.4,15.9,0.0,0.9,0.0,0.0,0.0,0.0,0.2,5.9,5.7,11.0,4.4,7.9,6.5,11.1,4.3,10.9,9.4,9.6,12.4,8.3,13.5,64.6,24.5,44.2,20.5,57.6,17.8,71.6,43.1,41.7,88.6,64.2,57.0,30.1,38.1,90.1,237.9,206.4,234.6,183.6,154.7,133.8,91.9,47.4,45.4,2.7,2.0,8.1,13.5,16.5,20.3,20.7,22.3,19.1,15.1,8.5,8.5,0.1,-0.3,4.4,8.8,11.2,14.3,15.9,17.2,14.4,11.1,5.4,5.9,-2.4,-2.5,0.6,4.2,6.0,8.3,11.1,12.1,9.6,7.2,2.2,3.4
East,1943,9.4,8.6,12.9,0.8,0.0,0.0,0.0,0.0,0.0,0.1,8.8,11.1,17.8,6.1,3.7,7.0,8.8,9.8,7.1,10.1,9.1,8.7,12.8,6.2,100.6,19.8,13.8,24.2,41.3,48.0,27.9,39.2,48.4,42.3,47.0,32.1,53.9,84.9,139.4,163.8,266.8,205.0,217.3,174.7,151.0,98.0,76.5,50.5,7.1,9.0,11.4,16.3,18.2,19.8,22.0,21.9,18.6,15.3,9.2,6.2,4.4,5.3,6.4,11.1,12.5,14.7,16.6,16.8,13.9,11.2,5.8,3.5,1.7,1.6,1.4,5.9,7.0,9.6,11.2,11.7,9.2,7.1,2.4,0.7
East,1944,8.2,12.1,14.8,1.0,2.7,0.0,0.0,0.0,0.0,0.8,4.2,15.7,8.5,7.4,3.3,7.5,5.2,9.8,8.4,7.1,12.9,15.8,16.5,7.4,42.5,31.1,9.5,42.4,26.2,40.8,51.5,49.4,80.5,85.6,91.4,31.9,50.7,56.8,119.2,149.7,238.1,167.4,146.4,206.6,151.6,102.8,58.1,47.5,8.6,5.9,9.1,14.7,17.1,18.3,21.2,23.2,17.3,12.9,9.3,5.6,5.5,3.1,4.8,9.8,11.3,13.7,16.7,18.0,12.9,9.5,6.2,2.9,2.4,0.4,0.4,4.9,5.5,9.1,12.3,12.8,8.6,6.1,3.0,0.2
East,1945,24.4,3.1,4.8,2.9,2.1,0.0,0.0,0.0,0.0,0.0,3.4,11.6,12.8,8.8,5.7,8.2,9.7,11.4,6.7,8.9,9.3,8.4,5.5,12.8,51.1,39.9,27.5,33.3,57.2,47.6,41.5,59.8,52.0,57.7,18.5,67.2,37.7,68.6,138.6,171.6,187.7,207.1,200.0,151.2,87.9,103.8,38.6,43.3,2.7,10.6,12.7,15.1,18.0,20.0,22.4,20.5,18.4,16.0,9.9,7.4,0.2,7.0,8.1,9.9,12.7,15.1,17.3,16.0,14.7,11.9,7.4,4.6,-2.4,3.5,3.4,4.7,7.4,10.1,12.2,11.4,11.1,7.8,4.9,1.8
East,1946,15.3,6.0,12.3,3.0,1.1,0.0,0.0,0.0,0.0,1.2,1.0,15.9,6.5,12.1,5.4,6.9,9.8,17.1,11.2,15.3,14.2,7.2,18.2,14.4,36.5,55.0,30.5,26.6,44.8,70.4,92.0,95.2,71.1,36.8,95.9,59.5,56.3,71.7,101.2,209.6,202.2,179.2,220.7,156.8,123.7,87.6,48.4,63.3,5.7,8.7,9.0,15.6,15.1,18.3,21.9,19.8,18.3,13.5,10.7,5.3,3.1,5.8,4.9,9.8,10.4,13.5,16.8,15.2,14.3,10.3,7.7,2.5,0.5,2.9,0.9,4.0,5.7,8.6,11.7,10.6,10.4,7.0,4.8,-0.5
East,1947,21.5,27.3,16.2,2.0,0.0,0.0,0.0,0.0,0.0,1.2,9.1,6.9,11.1,8.9,18.4,9.7,5.1,9.8,8.3,1.4,6.4,1.8,8.5,13.6,43.4,41.0,112.5,40.5,16.4,57.9,48.0,4.9,28.1,6.2,31.2,63.1,68.0,26.7,70.6,169.8,219.5,216.5,191.5,286.0,171.9,115.3,81.4,34.1,4.0,-0.2,7.1,13.5,19.5,21.7,22.5,24.7,21.1,15.8,10.4,7.6,1.4,-2.2,3.7,8.8,13.7,16.2,17.8,18.6,15.7,10.9,7.0,5.0,-1.4,-4.2,0.3,4.1,8.1,10.8,13.1,12.6,10.4,5.9,3.6,2.5
East,1948,7.3,11.0,6.8,2.4,0.7,0.0,0.0,0.0,0.0,2.8,9.7,7.7,19.3,7.5,3.4,8.7,9.5,14.2,6.7,11.8,6.6,8.6,7.5,9.4,92.5,24.3,18.1,36.0,68.3,67.7,37.5,87.7,41.5,52.0,37.4,43.7,42.8,71.9,166.6,217.1,236.3,173.3,183.7,143.1,147.8,97.8,67.4,55.0,8.3,7.6,13.0,14.4,16.4,18.5,20.2,20.0,18.8,14.2,9.8,8.5,5.4,4.5,8.0,9.2,11.2,14.0,15.5,15.5,14.3,10.1,6.4,5.7,2.6,1.4,3.0,4.1,6.0,9.4,10.8,10.9,9.8,6.0,3.2,3.0
East,1949,10.4,9.6,13.2,1.7,2.2,0.0,0.0,0.0,0.0,2.9,6.0,5.4,7.3,4.6,5.4,8.5,8.6,4.3,5.8,6.0,4.8,12.6,12.8,10.0,26.7,23.9,24.3,39.8,53.4,18.8,42.0,36.3,25.0,104.4,57.8,38.3,61.6,123.5,105.7,195.5,205.2,236.0,226.6,223.2,163.0,123.1,68.9,53.7,7.8,9.7,8.2,15.6,15.7,20.0,23.2,23.0,22.0,16.3,9.5,8.3,4.7,5.3,4.4,10.4,10.5,14.4,17.4,17.2,17.2,12.0,6.2,5.5,1.6,0.9,0.8,5.3,5.4,8.9,11.5,11.3,12.5,7.6,2.9,2.7
East,1950,12.2,6.8,4.6,3.4,0.2,0.0,0.0,0.0,0.0,2.9,4.4,22.4,5.5,15.2,5.0,12.0,9.4,6.6,13.3,12.1,15.7,4.3,19.2,10.2,28.8,79.2,13.5,47.1,53.8,41.9,98.6,59.5,74.4,15.6,104.6,41.7,39.1,73.8,127.6,162.4,161.3,271.2,199.6,184.0,122.0,114.6,51.5,34.9,6.4,9.2,11.7,12.1,15.2,22.2,21.3,21.6,17.4,13.8,8.7,3.2,3.9,5.7,7.3,7.7,10.8,16.7,16.6,16.5,13.5,10.0,5.8,0.9,1.4,2.2,3.1,3.3,6.4,11.2,12.0,11.4,9.4,6.2,3.0,-1.3
East,1951,9.4,7.7,11.3,3.7,0.1,0.0,0.0,0.0,0.0,3.3,1.7,8.6,12.9,15.6,15.2,13.9,12.2,6.8,6.0,13.2,10.3,5.8,17.5,10.2,61.3,86.9,79.2,77.5,58.5,30.2,40.1,85.4,64.4,21.6,91.8,39.3,50.3,59.7,102.3,184.7,167.8,249.4,213.1,169.5,129.9,121.0,56.9,61.6,6.6,6.5,7.8,11.5,14.3,18.8,22.1,20.2,19.0,14.0,11.3,8.3,3.8,3.5,4.5,6.8,10.2,13.7,16.8,15.6,14.7,9.8,8.2,5.3,1.0,0.6,1.1,2.2,6.2,8.6,11.5,11.0,10.5,5.6,5.2,2.3
East,1952,15.1,18.8,6.8,2.9,0.0,0.0,0.0,0.0,0.0,2.8,10.4,16.4,13.5,6.1,13.2,10.1,8.3,8.3,4.8,11.7,12.8,11.4,14.8,14.8,51.1,20.4,70.3,33.1,38.2,34.8,21.9,75.8,73.4,57.6,96.2,57.3,76.9,73.7,89.7,177.3,227.2,204.6,197.3,186.8,132.5,116.0,67.5,59.7,5.4,6.0,9.6,14.6,18.2,20.2,22.2,21.6,15.8,12.8,6.9,5.4,2.8,2.7,6.2,9.6,13.0,14.9,17.1,16.9,11.4,9.1,3.9,2.5,0.1,-0.5,2.8,4.6,7.9,9.5,12.0,12.1,7.0,5.3,0.9,-0.4
East,1953,17.1,12.0,14.7,1.3,0.3,0.0,0.0,0.0,0.0,0.1,1.7,1.3,6.1,7.1,3.7,12.0,8.1,11.3,14.7,8.6,8.2,9.5,6.4,4.9,25.8,35.7,14.2,53.1,38.0,66.0,68.9,54.3,38.7,61.2,33.2,20.1,32.3,64.5,126.8,162.3,223.5,131.5,191.9,215.7,171.7,74.9,51.8,33.0,5.0,7.0,10.1,11.9,17.3,17.8,20.5,21.7,18.8,14.2,10.8,9.1,2.7,3.9,5.2,7.6,12.4,13.8,15.8,16.5,14.0,10.4,7.9,6.9,0.4,0.7,0.4,3.2,7.6,9.8,11.2,11.2,9.2,6.7,5.1,4.7
East,1954,15.6,13.3,5.8,7.6,0.0,0.0,0.0,0.0,0.0,1.0,4.3,7.2,8.0,12.4,11.2,3.5,9.3,9.7,13.5,16.0,12.9,10.6,14.7,7.3,34.0,52.2,56.9,8.4,55.3,61.7,69.1,105.6,42.9,51.5,98.5,48.4,61.1,55.2,95.4,165.9,159.2,148.8,137.1,132.0,164.4,104.5,59.8,59.3,5.2,4.9,9.3,11.9,15.9,18.1,18.8,19.4,17.6,15.8,10.3,9.1,2.6,2.0,5.7,7.1,11.4,13.9,14.7,15.2,13.1,12.2,6.8,6.1,0.0,-0.9,2.2,2.4,6.8,9.9,10.5,10.8,8.7,8.6,3.4,3.2
East,1955,14.1,18.8,23.4,3.6,0.1,0.0,0.0,0.0,0.0,4.2,4.7,8.4,9.0,12.4,8.1,4.3,13.2,9.3,2.1,5.9,6.3,9.4,6.0,12.6,51.1,50.3,37.4,11.5,76.6,60.2,7.4,32.9,44.2,84.1,24.0,42.0,35.4,79.3,155.5,165.9,190.1,173.1,239.2,190.6,160.1,124.2,50.3,55.9,4.6,3.9,6.9,14.1,14.4,18.6,22.1,23.1,19.5,13.5,10.2,8.8,2.0,1.2,3.0,9.3,9.8,13.9,16.7,17.8,14.5,9.3,7.2,5.4,-0.6,-1.5,-0.9,4.5,5.2,9.3,11.4,12.5,9.6,5.1,4.3,2.1
East,1956,14.8,26.1,10.1,9.6,0.9,0.0,0.0,0.0,0.0,0.6,6.3,9.2,15.0,8.8,4.2,5.2,4.7,11.2,10.4,18.4,9.0,9.7,7.6,11.0,86.4,25.0,18.5,26.3,16.6,57.8,76.5,105.9,42.5,47.4,23.6,53.4,59.6,66.3,144.5,167.1,241.2,136.0,159.6,156.2,116.1,112.6,63.0,16.2,6.1,2.0,9.8,10.7,18.1,17.2,20.3,18.4,18.7,13.2,8.6,7.9,3.2,-1.1,5.7,6.1,12.1,12.8,16.1,14.0,14.6,9.5,5.7,5.7,0.4,-4.3,1.7,1.5,6.2,8.5,11.9,9.6,10.6,5.7,2.8,3.5
East,1957,7.4,10.0,1.5,2.5,1.4,0.0,0.0,0.0,0.0,0.2,2.3,10.6,10.7,11.2,11.1,2.3,8.3,8.7,14.5,11.6,13.5,7.2,7.0,10.4,34.5,60.6,40.1,7.0,30.9,46.9,74.7,60.1,86.6,40.4,49.1,52.0,58.9,80.0,106.6,161.0,203.6,277.5,155.0,157.9,107.0,94.3,70.5,54.0,8.2,8.5,12.7,12.8,14.9,21.1,21.2,20.1,16.7,14.9,8.9,7.0,5.2,5.3,8.9,8.4,10.2,15.1,16.9,15.7,12.8,11.0,6.5,4.0,2.2,2.1,5.1,4.1,5.5,9.2,12.6,11.3,9.0,7.2,4.1,1.1
East,1958,12.5,11.6,16.8,5.5,0.0,0.0,0.0,0.0,0.0,0.0,3.6,8.6,11.6,12.6,8.7,6.1,10.0,14.2,11.9,13.0,10.0,11.4,6.2,13.5,56.5,73.6,27.6,27.3,64.1,106.9,78.3,78.2,76.7,53.6,36.3,71.2,47.2,58.3,129.4,154.4,193.0,140.2,184.4,134.0,150.6,98.3,44.6,37.3,6.0,8.1,6.9,11.4,16.5,18.2,20.7,20.8,19.3,14.4,9.1,7.5,3.1,4.6,3.5,7.2,11.6,13.8,16.2,16.3,15.3,11.0,6.4,4.7,0.3,1.2,0.1,3.0,6.7,9.3,11.7,11.8,11.3,7.6,3.7,1.9
East,1959,23.2,11.4,0.4,0.1,0.9,0.0,0.0,0.0,0.0,0.1,7.2,2.6,10.9,0.9,9.8,11.8,3.4,6.7,8.0,6.0,0.5,9.6,10.9,17.2,65.8,3.7,41.5,45.8,15.0,25.8,61.4,32.8,1.6,46.9,52.0,87.6,77.7,65.5,106.3,156.0,228.5,248.6,271.7,219.4,191.2,162.9,60.8,34.3,4.4,7.0,11.0,14.0,16.9,21.0,23.6,23.2,21.1,17.3,10.1,8.5,1.3,3.9,7.1,9.6,11.7,15.3,17.7,17.9,15.4,12.6,6.5,5.7,-1.7,0.8,3.3,5.3,6.5,9.6,11.9,12.6,9.7,7.9,3.0,2.8
East,1960,14.1,12.3,3.3,2.4,0.3,0.0,0.0,0.0,0.0,0.4,1.5,9.9,14.2,9.8,6.1,4.7,3.5,8.0,16.7,13.9,12.1,18.8,18.5,13.9,69.6,39.6,33.8,14.3,24.1,45.2,79.9,80.0,93.8,128.5,86.3,80.4,37.8,74.6,66.7,161.0,189.4,258.9,153.7,169.4,126.0,80.2,66.5,43.4,6.3,7.1,8.9,13.3,17.4,21.0,19.8,20.1,17.5,13.8,10.5,6.5,3.7,4.0,6.0,8.7,12.5,15.6,15.3,15.3,13.5,10.6,7.4,4.1,1.0,0.9,3.1,4.2,7.7,10.1,10.8,10.4,9.5,7.5,4.2,1.8
East,1961,10.3,0.8,4.9,0.2,0.3,0.0,0.0,0.0,0.0,1.1,7.1,18.5,15.1,11.5,3.0,12.2,5.2,5.0,8.3,11.9,11.9,13.6,9.8,12.3,67.3,46.6,8.3,49.0,27.9,30.8,42.6,56.1,63.5,82.9,49.8,81.4,47.3,68.4,164.5,114.7,218.4,232.0,172.4,181.6,130.2,131.2,67.8,69.0,5.9,9.7,13.2,14.3,15.6,20.7,20.5,20.9,20.0,15.1,9.2,5.8,3.3,6.6,7.9,10.0,10.9,15.0,15.6,16.0,15.5,11.1,6.1,2.7,0.7,3.5,2.7,5.8,6.1,9.3,10.7,11.0,11.1,7.1,3.0,-0.4
East,1962,9.8,11.8,20.3,1.5,1.2,1.3,0.0,0.0,0.0,0.9,9.5,21.7,12.8,5.6,8.5,9.6,13.3,1.8,9.6,9.5,12.2,4.6,10.1,9.8,56.5,19.8,34.6,44.9,45.8,5.6,73.7,51.2,72.5,30.5,47.3,46.1,72.4,69.2,108.4,138.1,156.4,259.8,135.6,169.6,131.4,111.0,38.0,80.7,7.2,7.1,6.4,11.7,14.2,19.0,18.9,19.6,17.2,14.8,8.2,4.8,4.1,3.9,2.4,7.6,10.1,13.3,14.7,15.0,12.8,10.6,5.3,1.3,0.8,0.7,-1.5,3.6,5.9,7.7,10.4,10.4,8.5,6.5,2.5,-2.1
East,1963,28.9,27.1,7.5,2.2,0.1,0.0,0.0,0.0,0.0,0.0,2.3,16.8,6.2,5.6,12.9,13.6,10.2,9.4,7.7,15.6,8.5,7.7,14.9,4.8,24.6,16.3,65.9,53.0,48.4,46.2,47.3,83.9,47.2,38.8,84.9,16.1,61.5,70.3,104.2,132.9,195.7,206.6,205.2,124.1,132.9,90.9,61.0,48.9,0.2,1.3,9.4,12.6,15.2,19.4,20.1,18.9,17.6,14.2,11.1,5.0,-2.5,-1.3,5.7,8.4,10.5,14.7,15.2,14.6,13.2,10.6,7.9,2.3,-5.2,-3.9,2.0,4.2,5.8,9.9,10.3,10.2,9.0,7.1,4.8,-0.4
East,1964,17.4,8.8,9.9,1.5,0.0,0.0,0.0,0.0,0.0,1.8,4.6,16.6,4.7,7.0,9.0,10.8,7.1,12.6,6.9,7.1,4.3,8.4,7.4,11.3,19.4,23.7,71.8,63.5,29.4,94.4,31.2,27.9,14.8,36.9,35.4,42.2,46.5,66.1,57.2,123.5,220.8,163.1,207.7,206.4,201.5,121.6,65.6,41.8,4.7,6.9,6.1,12.6,18.7,18.6,21.7,21.4,20.1,12.9,10.6,6.4,2.0,4.1,3.7,8.6,13.4,14.1,16.6,16.2,14.4,8.6,7.3,3.2,-0.6,1.3,1.2,4.7,8.1,9.6,11.5,11.0,8.8,4.3,4.0,0.1
East,1965,15.5,12.5,11.2,1.9,0.1,0.0,0.0,0.0,0.0,0.7,12.6,9.2,13.4,5.3,10.3,13.0,11.7,8.8,14.5,10.6,11.0,3.2,14.6,16.5,49.5,20.0,50.9,56.0,40.6,53.4,80.8,60.1,100.6,16.1,63.6,103.9,74.2,34.0,125.6,125.5,175.4,177.5,110.2,184.4,128.5,132.0,84.2,51.8,5.8,5.4,9.3,12.4,16.1,18.9,18.3,20.1,17.1,15.3,7.7,7.1,3.2,2.9,5.2,8.0,11.7,14.1,14.2,15.2,12.7,11.0,4.6,4.0,0.6,0.5,1.0,3.6,7.3,9.4,10.1,10.3,8.4,6.7,1.4,1.0
East,1966,16.1,6.2,6.9,1.9,0.0,0.0,0.0,0.0,0.0,0.1,5.9,8.3,9.2,11.9,5.0,12.6,9.8,10.4,12.8,9.2,5.5,14.2,14.9,16.8,29.7,63.8,14.9,62.2,40.3,69.9,80.6,74.1,26.9,79.3,67.0,74.9,31.8,39.8,117.0,92.6,208.5,188.6,158.5,197.8,157.7,78.4,50.9,36.5,4.5,8.2,10.2,11.2,16.1,20.7,19.4,19.9,18.8,14.3,8.2,7.9,2.3,5.5,6.1,7.6,11.1,15.6,15.0,15.0,14.2,11.0,5.4,4.6,0.1,2.9,2.0,4.0,6.2,10.5,10.5,10.1,9.8,7.7,2.6,1.3
East,1967,11.4,8.0,1.9,3.6,1.0,0.0,0.0,0.0,0.0,0.0,8.0,13.2,9.0,8.6,4.3,10.7,18.2,3.4,6.3,10.0,12.1,15.0,9.9,12.0,31.9,45.0,23.1,58.3,87.2,30.4,39.1,44.5,50.5,91.8,54.7,50.0,64.3,81.5,171.3,137.5,180.1,201.2,222.1,168.8,115.3,104.0,64.3,64.1,6.4,8.4,11.3,11.5,15.3,18.9,22.8,21.0,18.1,14.5,8.8,6.3,3.9,5.2,7.3,7.4,10.8,13.9,17.6,16.1,14.0,11.2,5.4,3.5,1.4,2.0,3.4,3.4,6.4,8.8,12.5,11.2,10.1,7.9,2.0,0.8
East,1968,14.4,17.8,5.4,8.2,0.1,0.0,0.0,0.0,0.0,0.0,3.4,13.3,10.1,6.7,8.6,9.4,10.0,13.8,11.2,13.6,14.7,8.5,10.4,8.4,46.0,32.2,23.7,41.7,43.2,67.8,86.2,88.0,122.5,49.6,43.3,51.2,40.0,45.5,126.6,183.6,156.4,176.1,142.1,119.6,130.8,68.5,34.9,26.6,6.4,4.6,10.6,13.2,14.5,19.4,19.3,19.3,18.2,15.8,8.9,4.7,3.6,2.0,6.6,8.3,10.0,14.7,15.0,15.5,14.3,12.6,6.6,2.5,0.8,-0.5,2.5,3.4,5.6,10.0,10.8,11.7,10.4,9.5,4.3,0.4
East,1969,8.2,19.8,11.0,6.0,0.0,0.0,0.0,0.0,0.6,0.0,8.0,11.9,12.3,11.1,10.4,9.4,14.9,6.8,6.3,11.4,1.1,2.2,12.9,13.4,57.3,52.0,57.0,35.1,85.0,39.6,73.4,59.9,4.4,7.1,81.6,63.0,34.3,69.6,70.9,188.3,175.4,261.6,210.8,138.8,124.0,108.4,66.5,15.8,7.9,3.3,6.2,12.5,16.1,18.9,22.6,20.8,18.6,17.4,8.8,5.1,5.3,0.7,3.3,7.6,11.8,13.7,17.3,16.4,14.4,13.1,5.6,2.8,2.7,-1.9,0.5,2.7,7.4,8.4,12.1,12.1,10.3,8.7,2.4,0.6
East,1970,10.8,15.0,16.3,7.2,0.0,0.0,0.0,0.0,0.0,0.3,2.2,12.6,15.5,13.9,10.1,15.7,3.6,5.2,10.7,6.6,7.5,7.1,16.1,10.1,61.9,55.9,45.0,67.6,18.7,28.0,44.5,39.2,43.6,26.9,139.1,47.1,24.8,101.7,98.1,123.1,202.3,266.6,169.6,186.1,157.9,107.4,61.5,40.1,5.8,6.0,6.9,10.5,18.1,21.9,20.5,21.2,19.6,15.2,10.8,6.5,3.3,2.8,3.2,6.6,12.8,16.1,15.7,16.2,14.8,11.1,7.5,3.9,0.9,-0.4,-0.4,2.8,7.6,10.4,11.0,11.1,10.1,7.0,4.3,1.2
East,1971,8.2,8.5,10.7,3.1,1.4,0.0,0.0,0.0,0.0,0.7,9.7,3.8,13.6,4.7,10.0,4.4,7.9,9.1,5.2,12.5,4.4,7.4,12.6,6.1,73.1,15.7,41.5,28.9,39.0,74.8,36.2,70.6,21.4,57.3,80.5,27.1,37.4,70.4,96.8,114.5,227.6,141.1,227.1,143.0,170.8,140.3,86.8,32.1,6.7,7.7,8.2,11.1,16.8,16.8,22.2,20.7,19.6,15.9,9.5,8.4,4.2,4.4,4.8,7.5,11.5,12.7,16.9,16.4,14.1,11.4,5.9,5.9,1.6,1.1,1.4,3.8,6.3,8.6,11.5,12.1,8.7,6.9,2.3,3.5
East,1972,11.4,6.3,5.8,0.4,0.0,0.0,0.0,0.0,0.0,0.3,7.0,5.1,12.3,10.3,10.6,11.0,11.5,9.6,8.5,3.1,5.5,1.8,8.9,9.2,61.8,34.9,41.3,42.0,38.3,36.2,50.1,23.0,39.0,7.2,57.4,48.3,38.5,41.8,148.3,132.5,181.4,171.7,154.3,184.4,113.0,97.3,77.4,49.4,5.7,6.8,11.2,11.9,15.4,17.0,20.3,20.5,16.2,14.6,9.3,8.3,3.3,4.2,6.5,8.3,11.0,12.4,15.7,15.5,12.0,10.7,6.1,5.3,0.9,1.6,1.8,4.7,6.6,7.7,11.1,10.5,7.9,6.8,3.0,2.4
East,1973,9.7,13.8,9.1,3.8,0.2,0.0,0.0,0.0,0.0,1.6,10.9,10.2,5.3,6.3,4.6,10.4,12.8,3.8,10.0,4.8,10.2,7.8,5.6,9.3,16.5,20.9,13.4,52.4,64.6,59.8,64.7,25.2,79.3,36.7,29.4,34.6,37.7,75.6,130.6,144.5,184.6,268.9,159.8,193.7,167.8,101.1,96.1,57.5,6.6,7.3,10.8,11.4,16.1,20.8,20.6,22.3,19.6,13.1,9.0,7.6,4.1,3.9,6.2,7.1,11.5,15.3,15.9,17.1,14.8,9.2,5.4,4.5,1.6,0.5,1.6,2.8,7.0,9.7,11.3,11.8,10.0,5.3,1.7,1.5
East,1974,4.5,4.8,5.0,1.5,1.2,0.0,0.0,0.0,0.0,0.5,2.8,0.9,12.0,11.9,7.4,3.2,5.9,9.5,8.4,12.5,15.4,14.6,15.3,8.7,44.9,57.9,26.3,11.4,19.0,52.9,46.1,84.4,91.9,99.6,107.9,32.4,55.5,63.8,98.1,150.5,204.5,195.5,176.0,193.7,155.5,85.4,48.5,48.8,8.7,8.4,9.2,12.2,16.1,18.7,20.0,20.8,16.8,10.5,9.5,10.2,5.6,5.3,5.6,7.9,10.9,13.9,15.5,15.8,12.5,7.5,6.6,7.6,2.5,2.3,2.1,3.4,5.8,9.1,11.0,10.8,8.3,4.5,3.7,5.1
East,1975,2.5,9.8,7.8,4.8,0.2,0.0,0.0,0.0,0.0,0.0,9.1,11.6,14.4,5.7,17.3,13.7,7.7,4.5,7.7,4.1,10.7,4.2,10.6,6.0,69.9,21.8,77.2,59.0,53.4,26.1,34.4,16.3,91.6,15.2,58.1,32.1,37.5,68.8,63.5,120.3,169.8,269.1,219.6,241.0,155.6,114.1,69.2,40.5,9.3,7.8,7.4,12.1,13.7,19.8,22.8,24.8,18.9,13.7,9.1,7.1,6.5,4.4,4.7,8.1,9.8,14.1,17.4,18.9,14.1,9.9,5.7,4.2,3.6,0.9,2.0,4.2,5.8,8.4,12.1,12.9,9.4,6.2,2.3,1.3
East,1976,9.3,9.4,12.2,3.0,0.1,0.0,0.0,0.0,0.0,0.0,4.7,17.9,7.9,4.6,4.3,3.1,7.6,1.5,4.0,4.2,13.4,17.6,12.3,10.9,37.6,18.4,13.5,13.7,29.4,11.6,33.2,40.8,87.6,98.1,68.8,59.8,56.3,49.2,114.5,169.9,193.5,283.2,280.4,255.1,123.4,57.3,63.2,61.2,7.9,7.0,8.1,12.4,17.5,24.0,24.9,23.3,18.0,14.2,9.2,4.5,5.2,4.1,4.6,7.9,12.3,17.5,18.6,17.3,13.9,11.1,6.1,1.9,2.5,1.2,1.2,3.5,7.2,11.1,12.3,11.3,9.8,8.1,3.1,-0.6
East,1977,13.8,5.8,5.3,6.1,0.4,0.0,0.0,0.0,0.0,0.0,5.1,1.2,13.7,15.8,12.6,9.3,9.8,9.2,3.2,12.5,3.9,6.4,12.1,9.3,64.7,81.3,44.7,31.6,39.9,50.6,10.1,97.3,16.5,23.2,55.2,57.4,45.9,68.1,104.0,158.1,220.8,130.9,191.0,141.4,125.7,126.1,88.3,51.6,5.0,8.1,10.4,11.6,14.8,16.6,20.6,19.8,17.8,15.9,9.6,8.4,2.6,5.1,6.9,7.2,10.4,12.4,15.9,15.5,13.7,11.9,6.7,6.1,0.2,2.1,3.4,2.8,6.1,8.2,11.1,11.2,9.6,7.9,3.8,3.7
East,1978,13.7,15.5,5.1,6.3,0.0,0.0,0.0,0.0,0.0,0.0,5.3,10.6,13.5,11.1,12.9,8.0,6.9,11.1,10.1,10.5,6.1,1.7,5.5,17.4,72.5,46.2,59.7,44.3,48.4,67.1,62.0,47.3,33.7,6.1,23.0,104.8,39.6,55.3,118.5,113.2,188.3,165.6,132.7,152.6,159.8,95.6,82.7,35.5,5.5,5.0,10.7,9.8,15.3,18.6,19.1,19.7,18.9,15.6,11.4,6.7,2.8,2.3,6.6,6.2,10.7,13.9,14.9,15.2,14.4,11.7,8.2,4.2,0.1,-0.3,2.6,2.7,6.1,9.2,10.7,10.7,9.9,7.9,4.9,1.7
East,1979,25.8,21.7,7.7,3.4,3.4,0.0,0.0,0.0,0.0,0.8,7.5,5.4,14.9,9.1,16.7,13.5,13.6,7.2,4.5,10.3,4.0,7.9,10.8,15.9,63.1,57.2,88.3,55.4,79.0,32.4,21.1,58.2,19.2,49.6,48.6,96.1,54.0,47.4,94.6,122.7,200.2,174.6,181.8,171.8,183.6,116.0,68.3,59.5,2.4,3.3,8.2,11.8,15.6,18.8,21.4,20.3,19.0,15.4,9.8,8.2,-0.6,0.9,4.8,7.8,10.9,14.2,16.4,15.6,14.0,11.5,6.2,5.6,-3.6,-1.4,1.4,3.9,6.1,9.5,11.3,10.8,9.1,7.5,2.6,3.1
East,1980,16.0,5.9,7.3,2.5,1.2,0.0,0.0,0.0,0.0,2.3,6.0,9.3,7.1,10.5,12.9,5.2,2.9,13.4,12.0,7.2,4.2,11.6,10.7,10.6,38.4,46.8,61.5,23.3,15.2,84.1,66.3,49.2,27.8,81.1,49.9,43.7,68.7,54.3,80.9,165.5,235.7,188.7,160.0,150.0,150.3,129.6,56.3,52.3,5.1,8.7,8.2,12.8,15.6,19.2,19.1,21.1,19.6,13.2,8.8,7.9,2.3,5.4,4.9,8.2,10.6,14.4,14.7,16.4,15.1,9.1,6.3,4.8,-0.6,2.1,1.6,3.7,5.6,9.7,10.4,11.8,10.7,5.1,3.7,1.9
East,1981,12.9,18.4,3.3,3.3,2.0,0.0,0.0,0.0,0.0,1.4,1.8,21.4,12.4,5.6,19.8,7.6,15.3,6.8,8.5,3.5,11.2,13.8,9.1,11.5,41.8,24.6,92.8,69.0,66.9,32.2,57.8,29.7,77.9,70.5,37.4,53.4,52.5,66.5,55.1,129.1,144.0,160.2,157.9,190.8,165.6,128.1,57.7,42.0,7.0,5.9,10.9,11.3,15.8,17.9,20.6,21.6,19.8,12.3,10.6,3.0,4.1,2.7,7.9,7.5,11.4,13.6,15.9,16.4,15.0,8.7,7.3,0.1,1.3,-0.4,5.1,3.8,7.0,9.4,11.2,11.3,10.2,5.0,4.0,-2.7
East,1982,15.3,8.1,6.7,3.1,1.0,0.0,0.0,0.0,0.0,0.3,3.5,13.6,10.1,6.2,12.3,3.8,10.2,15.5,4.8,10.6,9.6,14.4,11.0,7.2,37.3,19.5,53.6,13.2,57.3,98.8,24.7,52.7,50.3,122.4,72.2,54.6,64.4,55.6,160.3,166.3,238.1,153.2,181.6,178.4,159.7,73.4,62.9,52.3,5.9,7.4,10.1,12.8,17.1,20.0,21.4,21.3,19.9,13.5,10.6,7.1,2.6,4.3,5.8,8.1,11.7,15.6,16.7,16.6,14.9,10.3,8.0,3.9,-0.7,1.3,1.7,3.6,6.3,11.3,12.0,11.8,9.9,7.1,5.3,0.8
East,1983,3.7,18.8,3.5,4.4,0.0,0.0,0.0,0.0,0.0,2.7,5.0,9.0,9.2,9.3,11.7,17.2,18.6,4.3,5.3,2.8,12.2,9.4,5.9,11.2,42.3,40.9,37.0,92.1,93.6,22.2,31.5,12.8,64.5,38.9,48.4,42.7,56.0,87.5,90.5,140.1,137.4,181.6,239.9,208.6,112.5,124.7,41.6,55.7,9.3,4.4,10.1,11.4,14.3,19.2,25.1,22.8,18.0,14.5,10.2,8.0,6.3,1.7,6.3,7.1,10.3,14.5,19.0,17.6,14.2,10.6,7.4,5.1,3.3,-1.0,2.5,2.8,6.3,9.9,13.1,12.4,10.3,6.8,4.6,2.3
East,1984,12.3,10.1,5.3,7.0,0.6,0.0,0.0,0.0,0.0,0.8,0.0,10.0,16.4,9.4,10.2,3.7,7.4,7.3,5.4,6.6,14.1,10.2,13.2,12.9,83.1,37.1,46.5,12.7,72.9,50.2,24.4,41.4,93.4,54.6,76.4,45.0,83.8,69.9,47.7,224.0,128.5,201.5,205.5,205.6,97.8,109.1,54.7,64.5,6.6,6.2,7.7,12.8,13.4,19.2,21.8,23.2,17.5,15.3,11.2,8.0,3.4,3.3,4.6,7.4,9.3,14.1,16.2,17.6,13.8,11.4,8.5,5.0,0.3,0.4,1.6,2.1,5.2,9.1,10.7,12.1,10.1,7.5,5.8,2.1
East,1985,24.2,15.2,12.8,2.7,0.0,0.0,0.0,0.0,0.0,0.2,13.3,4.6,12.4,2.1,11.9,8.8,8.8,18.6,10.3,13.1,5.1,3.6,10.3,12.6,54.9,12.3,40.8,41.9,53.1,109.4,50.0,55.2,14.5,14.5,51.4,84.5,45.8,80.0,97.4,136.1,144.2,160.0,218.5,180.4,133.8,118.1,91.3,33.4,3.3,4.7,8.3,12.8,14.9,17.1,21.5,19.8,19.7,15.4,7.1,8.9,0.3,1.7,4.5,8.6,10.8,12.8,16.7,15.2,14.8,11.4,3.8,6.6,-2.7,-1.4,0.7,4.4,6.7,8.5,11.8,10.7,9.9,7.5,0.5,4.3
East,1986,12.7,24.2,9.2,3.7,0.0,0.0,0.0,0.0,0.1,0.2,0.9,5.3,15.9,4.3,13.7,15.1,11.9,5.4,9.6,8.9,3.1,11.1,13.5,12.9,64.1,17.0,53.1,59.3,53.8,20.8,54.6,86.5,28.4,71.3,62.7,69.5,70.8,66.6,125.4,132.8,204.7,229.0,185.7,147.3,170.3,120.1,69.1,60.7,6.1,0.9,9.0,9.9,16.3,19.9,21.5,18.9,16.7,15.3,10.9,8.7,3.3,-1.4,4.9,6.1,11.6,14.7,16.6,14.5,11.6,11.3,7.6,5.6,0.5,-3.6,1.0,2.4,7.0,9.5,11.8,10.2,6.6,7.2,4.4,2.5
East,1987,20.7,14.3,16.3,0.3,0.0,0.0,0.0,0.0,0.0,1.5,2.5,5.4,4.7,7.1,10.7,8.7,12.1,17.7,11.9,10.1,8.4,12.7,9.8,5.3,22.1,28.7,45.6,42.9,53.1,93.8,80.5,91.6,38.0,130.0,53.5,25.2,44.3,64.4,94.8,151.6,182.6,116.7,164.3,146.5,155.1,121.0,46.4,28.8,2.7,6.7,7.2,14.8,14.5,17.4,20.4,20.5,18.8,14.2,9.1,8.1,0.4,3.5,3.7,10.2,10.0,13.3,16.0,16.0,14.3,10.4,6.5,5.7,-1.9,0.3,0.2,5.5,5.5,9.3,11.7,11.5,10.0,6.6,4.0,3.3
East,1988,7.7,7.6,4.7,4.6,0.0,0.0,0.0,0.0,0.0,1.5,13.8,1.2,18.8,8.3,16.1,6.8,11.3,6.2,15.4,7.4,7.6,9.2,5.8,6.6,116.5,32.6,75.0,31.4,44.7,37.4,95.1,41.1,41.0,57.1,34.8,22.2,54.0,117.1,90.6,131.1,189.7,148.0,159.2,201.9,137.4,104.1,87.4,48.1,7.9,7.7,9.5,12.3,16.5,17.9,19.7,21.2,17.9,14.4,8.9,9.1,5.1,4.6,6.2,8.1,12.1,13.8,15.5,16.1,13.7,11.0,5.2,6.5,2.4,1.4,2.8,4.0,7.6,9.8,11.3,11.1,9.5,7.6,1.4,3.9
East,1989,7.1,6.3,2.2,2.6,0.0,0.0,0.0,0.0,0.0,0.0,7.7,6.6,7.3,8.9,10.5,15.2,2.5,9.5,6.4,6.6,4.8,9.6,5.7,11.4,31.9,40.4,50.2,72.6,9.5,54.6,44.7,35.9,24.9,39.3,30.8,104.3,69.2,97.5,103.2,122.3,298.7,249.8,261.4,251.2,127.7,97.3,102.6,26.9,8.6,9.2,11.8,10.3,18.9,20.2,23.8,23.1,19.9,16.0,10.0,8.1,5.4,5.6,7.7,6.6,13.0,14.5,18.2,17.3,15.6,12.3,6.3,5.4,2.4,2.0,3.7,3.0,7.1,8.8,12.6,11.5,11.3,8.6,2.6,2.8
East,1990,1.3,1.6,3.2,5.8,0.3,0.0,0.0,0.0,0.0,0.1,2.4,6.8,13.9,13.1,3.5,8.7,2.1,9.6,4.2,5.2,7.5,9.3,11.2,10.1,53.8,78.9,15.3,39.4,14.3,43.2,18.6,32.4,32.3,50.9,56.8,47.9,63.1,96.6,151.5,232.4,260.0,138.6,258.9,254.6,136.4,126.7,56.7,45.4,9.3,10.9,12.7,13.4,18.4,18.7,22.9,24.9,18.3,16.0,9.7,6.9,6.4,7.6,8.4,8.2,12.6,13.9,16.9,18.8,13.4,12.4,6.9,4.4,3.4,4.3,4.2,3.0,6.7,9.2,10.9,12.8,8.6,8.9,4.2,1.9
East,1991,10.0,18.8,3.7,3.7,0.9,0.0,0.0,0.0,0.0,0.5,5.8,12.9,9.8,8.1,7.1,9.4,3.1,18.5,6.3,3.7,8.3,5.5,10.9,4.6,43.6,38.1,28.7,47.0,14.8,85.1,40.6,21.8,56.9,23.9,58.2,22.3,75.5,46.4,101.0,161.6,138.9,133.1,212.7,234.8,184.6,88.7,52.1,51.6,6.3,4.4,11.8,12.3,14.5,16.9,22.7,23.5,20.2,13.8,9.6,7.3,3.6,1.3,8.0,7.9,10.3,12.6,17.7,17.9,14.9,10.3,6.5,4.1,0.9,-1.9,4.2,3.6,6.2,8.4,12.7,12.4,9.6,6.8,3.5,0.9
East,1992,11.9,9.7,0.9,2.1,0.0,0.0,0.0,0.0,0.0,2.6,1.5,12.5,5.1,5.5,13.8,8.5,6.5,5.9,9.6,12.3,10.8,9.6,13.7,8.0,39.0,16.7,64.0,48.7,51.9,33.7,81.3,77.4,83.3,75.3,87.6,40.0,53.5,67.6,73.3,125.4,265.1,219.8,166.1,170.7,134.6,106.7,65.3,49.7,6.3,8.7,10.7,13.1,19.2,21.1,21.7,21.2,18.2,11.6,10.7,6.6,3.7,5.0,7.4,8.8,13.7,15.8,17.1,16.6,13.9,8.1,7.2,3.7,1.2,1.4,4.0,4.5,8.2,10.5,12.6,12.0,9.7,4.6,3.8,0.9
East,1993,5.8,4.3,8.9,0.4,0.0,0.0,0.0,0.0,0.0,3.8,10.1,4.4,12.8,4.0,3.7,10.1,7.1,8.8,13.4,6.7,11.6,11.8,7.7,17.0,56.9,17.9,18.1,66.4,51.8,46.8,64.0,43.4,103.1,98.6,65.2,86.4,43.5,38.4,129.1,123.3,208.4,211.3,188.2,207.4,102.7,117.1,63.5,43.7,9.1,6.4,10.6,13.6,16.5,20.2,20.6,20.3,16.7,12.3,7.8,8.2,5.7,4.1,6.5,9.7,12.0,15.1,15.8,15.3,13.0,9.2,5.0,5.4,2.4,1.9,2.3,5.8,7.5,10.0,11.0,10.2,9.3,6.2,2.2,2.7
East,1994,7.9,13.6,1.6,1.2,0.1,0.0,0.0,0.0,0.0,0.2,0.6,9.1,14.2,8.8,12.0,10.9,9.3,6.2,6.4,7.4,10.8,11.5,6.7,12.8,71.1,41.0,51.2,52.4,52.1,27.6,32.2,59.1,74.0,75.0,25.2,56.0,71.2,78.3,128.7,169.8,152.1,234.1,251.9,189.6,113.3,116.8,47.1,65.8,8.1,6.3,11.6,12.4,14.9,20.1,24.6,21.7,16.9,14.0,12.5,9.5,5.0,3.1,7.8,8.4,11.0,15.1,19.0,16.9,13.3,10.3,9.7,6.2,2.0,0.0,4.1,4.3,7.1,10.1,13.3,12.2,9.7,6.5,7.0,2.9
East,1995,9.3,2.7,12.1,3.7,0.8,0.0,0.0,0.0,0.0,0.5,4.3,15.5,15.3,15.8,11.4,4.8,5.1,6.9,6.0,2.6,16.5,3.5,7.3,11.4,102.5,66.5,54.8,15.3,25.9,27.2,29.3,8.1,103.6,11.9,33.1,71.4,56.7,85.1,185.8,172.8,222.2,176.7,266.6,272.2,137.3,143.5,63.3,35.4,7.6,9.5,9.9,13.6,17.4,18.3,24.9,24.8,18.0,17.4,10.7,4.5,4.5,6.3,5.6,9.1,11.9,13.8,19.1,19.0,14.0,13.2,7.7,2.2,1.4,3.1,1.5,4.6,6.3,9.3,13.3,13.1,9.9,9.0,4.7,-0.1
East,1996,7.5,18.8,9.4,6.0,3.4,0.0,0.0,0.0,0.0,0.0,11.5,13.9,6.0,10.4,6.8,2.6,6.3,2.8,8.1,9.1,4.6,11.1,14.2,6.7,31.7,49.9,19.5,9.2,21.8,14.0,42.3,81.4,17.6,41.7,94.9,33.6,23.0,88.0,69.3,160.1,177.2,246.9,227.3,193.9,135.5,137.9,94.3,56.6,5.5,5.4,6.7,13.4,13.8,20.8,22.5,22.0,17.8,15.4,9.2,5.2,3.8,2.2,3.9,8.4,9.1,14.8,16.8,17.0,13.8,11.5,5.8,2.8,1.9,-0.9,1.1,3.5,4.5,8.8,11.2,12.0,9.9,7.6,2.4,0.5
East,1997,19.7,5.3,1.5,3.9,0.9,0.0,0.0,0.0,0.0,5.3,4.3,4.9,3.2,12.0,4.0,3.3,8.7,17.0,8.9,8.3,3.9,7.1,12.4,14.5,10.7,46.0,10.9,13.5,42.9,128.8,34.0,47.2,12.1,49.1,57.1,80.3,51.7,61.8,137.1,173.5,247.4,156.3,221.0,219.5,167.9,147.3,57.2,36.2,4.5,9.9,12.5,13.5,17.1,18.6,22.0,25.2,19.5,14.7,11.4,8.3,1.8,6.4,8.3,8.6,11.9,14.6,16.9,19.9,14.8,10.4,8.3,5.8,-1.0,3.0,4.2,3.7,6.6,10.6,11.9,14.6,10.2,6.1,5.2,3.2
East,1998,7.0,5.6,3.6,2.3,0.1,0.0,0.0,0.0,0.0,0.6,7.5,8.5,11.1,2.3,9.4,21.2,4.1,17.5,8.4,5.4,11.7,15.3,11.1,14.4,61.5,6.9,50.2,117.8,15.5,96.1,32.2,34.3,76.1,93.2,59.4,69.1,52.9,117.4,73.3,117.5,211.6,151.2,163.3,221.1,121.5,97.7,78.0,40.8,8.0,11.0,11.4,12.0,17.9,19.2,20.7,22.0,19.1,13.9,8.5,8.4,5.1,6.9,7.9,8.4,13.0,15.0,16.1,16.6,15.2,10.7,5.2,5.5,2.3,2.9,4.5,4.7,8.1,10.9,11.6,11.1,11.3,7.5,2.1,2.6
East,1999,5.3,9.0,1.9,3.2,0.0,0.0,0.0,0.0,0.0,0.1,1.1,10.2,13.4,8.7,10.8,9.3,6.9,12.9,4.8,11.9,12.9,8.2,9.0,15.7,66.5,28.7,49.5,42.6,25.9,87.6,30.5,96.9,79.7,51.8,37.4,72.3,68.5,91.1,104.7,174.0,196.8,212.8,250.4,161.0,150.9,138.0,72.0,73.5,8.7,8.0,11.3,14.0,18.1,19.1,23.5,21.7,20.9,14.8,10.5,7.4,5.6,4.8,7.6,9.7,13.3,14.1,18.1,16.9,16.5,11.0,7.7,4.4,2.5,1.5,3.8,5.3,8.5,9.2,12.7,12.1,12.0,7.2,4.9,1.5
East,2000,9.1,5.8,3.5,3.5,0.0,0.0,0.0,0.0,0.0,0.0,1.7,7.3,6.3,14.8,5.3,18.4,13.8,4.7,10.7,7.8,10.6,13.9,16.6,12.7,21.4,60.1,16.4,93.4,92.0,17.2,60.3,39.1,80.8,125.0,110.1,63.7,72.7,107.1,109.9,145.2,186.9,182.4,129.6,218.6,124.8,94.5,71.7,46.6,7.9,9.5,11.1,12.5,16.9,20.2,19.4,22.7,19.8,14.0,10.3,8.0,4.8,6.0,7.4,8.4,12.5,15.6,15.2,17.4,15.7,10.7,7.0,5.6,1.7,2.5,3.7,4.4,8.0,11.0,11.1,12.2,11.6,7.4,3.7,3.4
East,2001,13.3,12.1,6.9,1.5,0.1,0.0,0.0,0.0,0.0,0.0,4.2,16.8,9.3,13.5,17.0,18.4,5.4,5.9,10.2,12.4,14.8,13.3,11.5,8.1,54.2,84.5,89.4,73.3,39.9,36.8,80.2,72.6,85.6,86.6,52.3,24.2,85.4,76.4,76.5,141.1,244.7,203.5,201.8,200.0,112.2,111.7,78.7,77.3,6.2,8.0,8.7,11.9,17.6,19.4,22.6,22.5,17.3,17.2,10.6,6.6,3.3,4.6,5.4,8.0,12.5,14.4,17.8,17.7,13.5,13.9,7.1,3.5,0.4,1.1,2.2,4.0,7.5,9.4,12.9,13.0,9.7,10.5,3.6,0.4
East,2002,8.3,4.1,4.4,1.5,0.0,0.0,0.0,0.0,0.0,1.1,0.4,3.9,10.8,11.9,7.6,6.3,12.7,8.9,11.8,8.6,4.4,12.7,17.8,14.7,45.4,56.8,35.8,32.5,58.0,34.1,69.0,54.8,30.5,85.1,105.8,99.7,51.1,85.5,116.2,206.1,182.2,179.5,178.2,163.0,151.2,91.9,56.9,24.1,8.4,10.5,11.7,14.4,16.5,20.0,21.6,22.7,19.3,14.1,11.5,7.8,5.3,7.1,7.6,9.4,12.2,15.1,16.7,17.9,14.7,10.3,8.4,5.8,2.3,3.6,3.4,4.4,7.9,10.3,11.9,13.2,10.1,6.5,5.4,3.8
East,2003,12.0,14.1,8.0,4.5,0.0,0.0,0.0,0.0,0.1,2.8,2.1,10.7,13.9,5.7,2.8,5.4,11.1,9.8,10.3,1.6,4.4,8.5,12.7,11.7,80.4,17.2,17.5,25.2,45.5,63.5,54.9,5.6,21.1,39.8,85.7,60.3,60.7,110.1,169.2,198.8,200.7,210.6,202.7,228.6,209.4,151.0,72.0,57.7,7.0,7.4,12.2,14.6,17.5,21.9,23.1,24.4,20.9,13.6,11.6,7.9,4.3,3.9,7.3,9.5,12.5,16.6,18.2,18.8,14.7,9.4,8.4,4.9,1.6,0.5,2.4,4.5,7.5,11.4,13.3,13.3,8.4,5.2,5.2,1.8
East,2004,8.9,10.2,4.4,0.5,0.0,0.0,0.0,0.0,0.0,0.0,3.8,9.4,18.4,9.7,9.6,14.0,7.5,8.1,10.9,16.9,6.8,13.6,8.7,5.1,83.6,37.5,33.1,58.8,44.6,39.3,70.1,116.5,29.5,88.8,45.4,29.7,55.0,70.8,106.4,151.6,191.3,199.3,185.1,184.6,169.6,103.7,53.4,57.2,7.8,8.1,10.3,14.2,16.9,21.0,21.5,22.9,19.9,14.7,10.4,8.2,4.9,5.5,6.6,9.6,12.2,15.9,16.5,18.3,15.3,11.2,7.6,4.9,2.0,2.9,3.0,5.1,7.3,10.9,11.6,13.8,10.8,7.7,4.9,1.7
East,2005,4.3,10.8,7.9,1.3,0.4,0.0,0.0,0.0,0.0,0.0,10.1,12.7,8.8,11.2,8.8,9.8,8.8,7.7,8.0,9.0,9.5,11.6,8.1,6.7,28.8,40.4,31.7,38.5,39.0,45.6,51.8,54.6,61.2,66.3,39.7,32.1,75.1,63.3,70.5,147.0,217.1,190.6,158.2,196.9,156.5,107.8,94.7,65.6,8.8,6.8,10.4,13.9,16.5,21.1,21.5,21.7,20.6,17.1,10.0,7.3,5.7,4.0,6.9,9.3,11.8,15.7,17.1,16.4,15.9,13.7,6.4,4.1,2.6,1.2,3.4,4.7,7.0,10.4,12.6,11.2,11.2,10.3,2.7,1.0
East,2006,8.5,8.0,12.3,3.7,0.0,0.0,0.0,0.0,0.0,0.0,3.0,7.0,5.2,8.9,9.4,8.0,15.0,4.0,6.1,15.9,8.7,11.7,11.5,11.0,15.6,38.1,37.9,34.3,81.0,20.1,28.8,105.9,56.4,66.2,66.7,55.4,50.8,65.0,113.4,151.9,157.7,237.8,284.1,150.7,168.3,112.5,103.5,43.1,6.5,6.5,8.4,13.1,17.2,21.4,26.7,20.9,22.2,17.1,12.0,9.2,4.1,3.9,4.9,8.7,12.7,16.0,20.4,16.5,17.7,13.6,8.3,6.3,1.7,1.3,1.4,4.3,8.3,10.5,14.2,12.1,13.2,10.0,4.6,3.4
East,2007,4.2,8.3,2.1,1.0,0.0,0.0,0.0,0.0,0.0,0.6,5.2,10.3,13.3,14.8,7.9,0.1,14.0,15.1,12.0,9.1,7.1,4.1,8.6,9.7,65.1,65.4,38.9,1.0,118.0,99.5,73.7,53.8,34.0,52.5,41.2,45.7,62.8,63.5,169.0,214.9,138.6,160.1,190.5,183.6,160.6,97.4,77.5,55.3,9.9,9.2,11.8,16.9,16.7,19.9,20.9,21.1,19.1,14.8,10.5,8.1,6.9,5.9,7.4,11.3,12.4,15.4,16.3,16.1,14.6,10.9,6.9,5.1,4.0,2.6,3.2,5.7,8.1,11.0,11.8,11.2,10.0,7.0,3.4,2.1
East,2008,1.0,13.3,5.2,4.9,0.1,0.0,0.0,0.0,0.0,3.3,4.5,13.0,12.4,5.9,15.4,11.5,6.9,7.3,9.3,14.3,10.2,9.3,13.6,6.6,70.6,18.6,83.1,45.4,68.0,43.3,54.6,80.6,51.7,60.5,80.9,27.1,56.8,123.0,110.6,164.9,205.5,199.1,212.2,132.0,113.3,128.9,52.5,67.9,9.7,9.9,9.7,12.9,18.3,19.5,22.1,21.5,18.1,14.2,10.0,6.4,6.7,5.3,6.2,8.3,13.3,14.8,17.1,17.3,14.0,9.8,7.2,3.7,3.7,0.7,2.8,3.7,8.3,10.1,12.1,13.1,9.8,5.5,4.4,0.9
East,2009,14.7,12.3,7.2,0.3,0.0,0.0,0.0,0.0,0.0,0.1,0.1,14.1,12.1,9.1,8.4,4.6,7.1,6.6,14.9,5.4,2.4,8.3,17.4,17.6,47.5,58.8,35.4,16.0,33.7,49.5,79.6,34.3,15.8,42.8,104.5,79.5,53.1,56.5,141.4,184.6,220.9,204.6,206.1,211.0,156.8,85.4,80.1,64.9,5.6,7.0,11.5,15.3,17.8,20.1,22.1,23.5,19.8,15.4,11.9,6.1,2.7,4.1,6.9,10.3,12.8,15.0,17.1,18.1,15.2,11.7,8.9,3.3,-0.1,1.3,2.3,5.4,7.7,10.1,12.1,12.7,10.6,7.9,6.0,0.5
East,2010,16.0,15.8,8.3,2.8,1.7,0.0,0.0,0.0,0.0,1.4,9.4,23.9,12.3,17.1,8.0,5.2,5.8,6.7,6.3,14.4,10.3,12.0,11.5,7.6,49.4,82.3,34.0,15.2,25.5,30.3,30.0,122.2,59.1,60.4,51.1,25.6,51.7,54.0,115.7,215.5,213.0,229.8,191.3,145.3,129.1,105.6,54.8,41.5,3.6,5.6,10.4,14.4,15.9,20.9,24.1,20.7,18.5,14.4,8.4,2.8,1.4,2.8,6.4,9.0,10.8,15.5,18.8,16.3,14.3,10.9,5.6,0.0,-0.8,0.0,2.5,3.7,5.8,10.1,13.5,12.0,10.0,7.5,2.9,-2.8
East,2011,9.9,2.6,6.0,0.1,0.7,0.0,0.0,0.0,0.0,0.5,1.2,5.2,10.3,9.4,2.1,1.7,3.7,11.7,9.7,10.0,6.5,6.7,4.4,13.5,65.1,41.2,7.3,4.3,16.2,68.8,51.8,59.5,25.8,25.4,29.9,59.0,40.6,39.3,113.5,215.8,233.0,208.9,165.0,152.6,174.7,152.1,64.2,66.7,6.7,9.1,10.9,17.9,18.5,20.2,20.4,21.1,20.9,17.3,12.8,8.8,4.2,6.4,6.6,12.1,13.1,15.0,15.6,16.4,16.0,13.1,9.6,5.6,1.8,3.6,2.4,6.3,7.7,9.8,10.8,11.8,11.1,8.9,6.3,2.5
East,2012,9.2,14.1,3.1,3.9,0.1,0.0,0.0,0.0,0.0,0.6,3.5,10.0,10.0,3.8,4.1,19.2,10.2,15.0,16.4,9.7,6.6,16.1,13.1,17.0,42.1,17.8,34.1,112.4,48.5,98.9,107.2,47.9,40.3,88.1,74.6,97.9,72.1,83.6,155.6,136.8,170.1,146.4,171.9,188.9,179.0,92.0,74.5,51.3,8.8,7.0,12.8,11.9,16.5,18.3,20.7,22.7,19.0,13.4,10.0,7.8,5.5,3.6,7.8,7.7,12.2,14.1,16.1,17.7,13.8,10.1,6.8,4.7,2.4,0.3,2.8,3.5,7.8,10.0,11.6,12.7,8.5,6.7,3.6,1.6
East,2013,16.2,11.9,16.8,9.1,1.2,0.0,0.0,0.0,0.0,0.0,2.8,2.9,10.4,6.9,9.7,6.4,10.1,6.3,6.2,7.9,8.1,15.2,11.2,11.9,47.0,31.1,53.1,23.8,49.0,20.2,32.7,52.2,43.6,96.6,52.9,59.2,51.0,59.5,66.8,193.5,193.4,169.4,263.3,217.1,144.2,93.1,76.4,62.4,5.7,5.5,5.7,12.7,15.5,18.6,24.3,23.2,18.8,16.0,9.5,9.3,3.0,2.9,2.9,7.9,10.6,14.0,18.4,17.9,14.2,12.7,6.5,5.9,0.3,0.3,0.1,3.1,5.8,9.5,12.6,12.8,9.6,9.3,3.4,2.5
East,2014,5.0,0.4,5.2,0.8,0.3,0.0,0.0,0.0,0.0,0.0,2.4,10.5,22.8,13.7,5.9,6.3,12.9,8.2,9.6,11.1,4.4,12.3,14.0,8.9,102.1,73.5,21.5,19.5,93.6,37.6,58.4,95.2,17.9,79.4,87.9,50.3,64.5,102.2,157.7,155.7,185.3,211.1,229.0,200.1,132.4,113.3,52.2,79.6,8.8,9.7,13.1,15.2,17.4,20.5,23.8,20.9,20.2,16.9,11.7,8.3,5.7,6.6,8.1,10.7,12.9,15.4,18.6,16.1,15.6,13.3,8.8,5.3,2.7,3.4,3.2,6.2,8.4,10.3,13.4,11.2,10.9,9.7,5.9,2.3
East,2015,12.9,9.5,4.8,1.3,0.4,0.0,0.0,0.0,0.0,0.0,2.3,0.0,12.5,8.1,6.3,6.0,11.2,6.1,10.3,11.6,8.6,9.6,17.3,14.5,55.4,38.7,24.0,20.7,50.0,22.0,84.2,72.5,50.4,43.3,71.2,51.5,71.6,88.3,144.6,215.8,193.4,227.5,202.9,163.5,170.7,97.9,41.7,44.2,7.6,7.3,10.8,14.4,16.4,20.1,22.4,22.0,17.8,14.8,12.8,12.7,4.3,4.1,6.8,9.1,11.6,14.7,17.2,17.2,13.1,11.2,9.6,9.9,0.9,0.9,2.7,3.9,6.8,9.2,11.9,12.4,8.5,7.6,6.3,7.2
East,2016,7.9,10.8,6.1,3.8,0.8,0.0,0.0,0.0,0.0,0.0,4.3,8.1,15.0,7.6,11.4,13.0,7.2,15.2,6.0,6.7,5.9,7.9,12.1,3.4,69.0,28.4,65.3,55.4,48.7,102.2,27.2,27.7,42.4,32.6,69.1,19.5,54.2,93.5,129.0,175.7,203.8,132.0,226.5,240.5,140.9,105.3,86.5,53.5,8.4,8.5,9.7,12.3,17.5,19.6,23.0,23.6,21.7,15.1,9.6,9.1,5.3,5.1,5.9,7.8,12.7,15.3,17.9,18.2,17.1,11.3,6.1,5.7,2.1,1.6,2.1,3.3,7.9,11.1,12.7,12.7,12.6,7.5,2.7,2.4
East,2017,16.1,2.0,0.1,2.3,0.1,0.0,0.0,0.0,0.0,0.0,4.5,11.3,9.3,9.8,8.2,4.7,7.3,5.7,10.2,9.3,14.3,5.0,9.4,14.5,47.5,37.7,32.8,13.5,61.2,64.1,79.0,60.3,57.7,18.0,42.2,89.8,67.3,56.3,127.9,182.8,183.4,210.2,188.5,191.5,124.1,89.3,86.6,60.6,6.5,9.1,13.1,14.2,18.4,22.0,22.3,21.6,18.4,16.2,10.1,7.5,3.3,6.3,9.1,9.2,13.6,17.1,17.6,16.6,14.1,12.7,6.8,4.7,0.2,3.6,5.0,4.2,8.8,12.2,12.9,11.7,9.7,9.2,3.5,1.8
East,2018,6.8,16.1,9.4,0.0,0.0,0.0,0.0,0.0,0.0,1.1,1.1,3.4,13.0,10.6,15.2,11.7,5.4,1.1,3.6,11.0,6.3,7.1,8.2,13.4,54.5,42.9,70.6,65.6,37.4,5.8,24.1,61.1,29.8,56.1,47.9,60.7,62.3,99.1,75.6,125.0,256.6,241.1,282.5,200.8,176.8,158.4,85.0,52.5,8.4,5.8,8.4,14.3,19.0,21.6,26.3,23.0,19.5,15.9,11.4,9.5,5.4,2.7,5.2,10.5,13.4,16.2,19.9,17.9,14.6,11.5,8.2,6.7,2.4,-0.5,1.9,6.6,7.9,10.8,13.5,12.8,9.6,7.2,5.1,3.8
East,2019,12.7,8.3,0.9,5.1,0.0,0.0,0.0,0.0,0.0,0.4,4.0,6.7,6.2,7.7,11.0,3.7,9.6,11.4,8.0,7.8,10.6,15.4,15.9,14.8,26.1,27.9,47.1,11.0,40.9,87.8,41.5,36.7,63.8,92.0,71.5,82.0,60.1,137.2,133.3,192.1,209.2,177.0,205.1,241.7,178.1,82.5,54.9,66.4,6.7,11.5,12.0,14.1,16.7,20.1,23.6,24.0,20.0,14.4,9.5,8.9,3.8,6.7,8.2,8.8,11.6,15.5,18.5,18.2,15.0,10.8,6.5,5.8,0.9,1.8,4.4,3.6,6.5,10.8,13.3,12.5,9.9,7.2,3.5,2.8
East,2020,3.4,3.5,4.2,1.3,1.2,0.0,0.0,0.0,0.0,0.0,3.5,8.5,9.1,17.0,6.3,5.3,0.8,9.8,9.2,10.7,7.6,20.4,8.5,14.2,50.3,78.7,24.6,27.0,2.8,59.6,52.1,80.7,59.2,113.6,38.4,109.9,59.7,90.4,166.4,249.0,309.3,216.1,179.6,182.2,176.9,62.9,72.5,46.1,9.2,10.2,10.8,16.1,19.1,20.9,21.8,23.8,20.0,14.1,12.1,7.5,6.5,6.7,6.8,10.5,13.0,15.8,16.9,19.0,14.9,11.0,8.7,4.9,3.8,3.2,2.7,4.8,6.9,10.6,11.9,14.2,9.9,8.0,5.4,2.4
East,2021,16.1,10.6,2.1,12.1,1.2,0.0,0.0,0.0,0.0,0.0,3.4,4.1,16.7,10.9,9.6,1.5,15.8,7.8,11.3,7.5,6.9,10.0,5.8,14.8,94.4,44.7,33.6,4.8,81.2,60.0,58.2,32.1,49.8,82.9,26.5,66.8,43.7,75.9,110.6,217.5,171.3,205.9,182.6,127.3,155.0,99.6,85.2,27.3,5.7,8.3,10.8,11.3,15.2,20.8,22.7,20.9,21.4,15.9,10.7,8.9,3.1,5.1,7.1,6.3,10.5,16.2,17.8,16.6,16.7,12.2,7.5,6.2,0.4,1.8,3.3,1.1,5.9,11.7,13.0,12.3,11.9,8.4,4.3,3.6
East,2022,13.2,2.4,2.5,4.6,0.0,0.0,0.0,0.0,0.0,0.0,0.2,11.7,4.9,13.2,6.3,3.1,9.6,6.6,1.3,3.3,10.4,11.8,16.5,11.0,16.7,65.0,29.3,11.7,36.8,35.1,5.0,31.9,50.3,63.7,103.3,54.3,96.0,96.3,182.1,206.7,188.1,248.3,235.0,256.8,138.4,150.6,58.8,64.7,8.0,10.6,12.1,14.3,18.6,21.4,25.5,25.8,19.8,17.6,12.2,7.0,4.5,6.8,7.8,9.3,13.5,15.7,19.3,19.7,15.1,13.4,9.3,3.7,1.0,3.1,3.5,4.3,8.5,10.0,13.1,13.7,10.4,9.2,6.5,0.6
East,2023,10.6,9.0,5.1,2.1,0.0,0.0,0.0,0.0,0.0,0.2,3.9,4.8,10.8,1.8,20.1,10.6,6.7,4.2,11.6,11.0,6.4,13.5,11.9,17.5,47.9,5.9,98.6,55.2,46.5,24.4,80.8,61.9,56.8,135.5,75.9,85.9,79.6,104.6,78.6,184.5,211.7,260.5,171.3,201.4,175.3,107.9,89.2,30.6,8.3,10.3,10.6,13.3,16.7,23.0,22.0,22.3,22.9,17.0,10.6,9.8,5.0,6.4,7.2,8.8,12.2,17.2,17.2,17.3,17.8,13.1,7.4,7.2,1.7,2.5,3.8,4.3,7.6,11.5,12.5,12.3,12.8,9.2,4.2,4.7
East,2024,8.8,2.2,1.4,0.5,0.0,0.0,0.0,0.0,0.0,0.2,5.7,0.7,7.0,14.3,12.7,12.5,11.5,6.3,10.2,4.4,12.5,10.7,7.6,9.8,55.7,112.8,47.1,58.6,79.7,23.6,77.8,19.1,95.5,56.8,50.9,52.0,80.1,59.5,98.2,142.4,195.4,234.5,200.4,222.8,142.3,104.6,58.8,29.9,7.6,11.4,12.0,14.1,18.5,20.1,22.0,23.8,19.5,15.6,10.3,9.2,4.7,8.2,8.6,10.0,14.0,14.7,17.1,18.4,15.2,11.9,7.5,6.8,1.9,4.9,5.1,6.0,9.5,9.4,12.1,13.0,11.0,8.2,4.7,4.5
East,2025,11.9,7.0,9.3,1.1,0.0,0.0,0.0,0.0,0.0,0.0,5.1,2.9,10.0,8.3,1.6,3.8,4.4,6.2,9.8,5.2,9.8,9.3,13.1,9.2,55.7,39.8,6.0,21.8,22.4,28.0,55.5,21.4,48.2,58.6,95.4,48.0,73.0,66.5,213.8,259.0,249.9,271.1,207.9,203.8,181.0,73.2,69.4,70.6,6.4,7.9,13.1,16.3,18.8,24.0,24.3,23.8,19.8,14.8,11.6,9.6,3.4,5.0,7.7,10.5,13.3,18.2,18.9,18.2,14.9,11.7,8.7,6.7,0.5,2.1,2.4,4.8,7.9,12.4,13.6,12.7,9.9,8.6,5.8,3.9
East,2026,11.4,2.0,3.0,1.6,1.1,0.0,,,,,,,13.8,16.9,5.6,0.9,5.1,11.7,,,,,,,81.4,72.1,24.2,4.0,16.7,56.3,,,,,,,62.2,44.5,155.5,248.5,246.2,232.2,,,,,,,7.0,9.6,12.3,16.2,20.0,23.6,,,,,,,4.1,7.2,8.0,10.6,14.2,18.3,,,,,,,1.1,4.7,3.8,5.0,8.3,13.0,,,,,,
East Midlands,1836,,,,,,,,,,,,,,,,,,,,,,,,,61.1,57.0,103.7,59.2,14.7,60.1,69.6,44.0,63.6,77.2,131.4,59.5,,,,,,,,,,,,,,,,,,,,,,,,,,,,,,,,,,,,,,,,,,,,,,,,
East Midlands,1837,,,,,,,,,,,,,,,,,,,,,,,,,89.5,82.7,28.8,46.3,31.2,50.9,63.1,87.3,57.9,71.9,67.7,72.9,,,,,,,,,,,,,,,,,,,,,,,,,,,,,,,,,,,,,,,,,,,,,,,,
East Midlands,1838,,,,,,,,,,,,,,,,,,,,,,,,,22.7,57.0,42.0,46.7,65.7,90.4,65.3,67.9,59.2,69.9,94.4,39.4,,,,,,,,,,,,,,,,,,,,,,,,,,,,,,,,,,,,,,,,,,,,,,,,
East Midlands,1839,,,,,,,,,,,,,,,,,,,,,,,,,45.1,47.1,58.9,37.3,20.2,121.0,127.2,78.4,102.5,75.4,118.4,64.8,,,,,,,,,,,,,,,,,,,,,,,,,,,,,,,,,,,,,,,,,,,,,,,,
East Midlands,1840,,,,,,,,,,,,,,,,,,,,,,,,,85.7,55.1,7.0,19.0,75.3,50.4,74.0,63.9,70.9,36.6,122.0,15.9,,,,,,,,,,,,,,,,,,,,,,,,,,,,,,,,,,,,,,,,,,,,,,,,
East Midlands,1841,,,,,,,,,,,,,,,,,,,,,,,,,62.2,37.1,49.9,41.2,64.0,74.0,78.8,95.8,114.7,110.4,91.7,78.4,,,,,,,,,,,,,,,,,,,,,,,,,,,,,,,,,,,,,,,,,,,,,,,,
East Midlands,1842,,,,,,,,,,,,,,,,,,,,,,,,,51.2,35.3,79.3,15.9,62.2,55.6,75.1,47.1,76.7,35.1,132.4,38.1,,,,,,,,,,,,,,,,,,,,,,,,,,,,,,,,,,,,,,,,,,,,,,,,
East Midlands,1843,,,,,,,,,,,,,,,,,,,,,,,,,59.3,66.2,27.4,71.7,104.3,69.8,67.2,86.4,21.1,129.6,77.2,13.1,,,,,,,,,,,,,,,,,,,,,,,,,,,,,,,,,,,,,,,,,,,,,,,,
East Midlands,1844,,,,,,,,,,,,,,,,,,,,,,,,,42.1,65.0,70.3,11.7,7.6,30.9,65.7,69.6,62.2,65.5,79.4,10.6,,,,,,,,,,,,,,,,,,,,,,,,,,,,,,,,,,,,,,,,,,,,,,,,
East Midlands,1845,,,,,,,,,,,,,,,,,,,,,,,,,43.6,23.3,46.0,43.6,59.7,75.6,84.1,110.4,64.9,58.9,57.9,95.5,,,,,,,,,,,,,,,,,,,,,,,,,,,,,,,,,,,,,,,,,,,,,,,,
East Midlands,1846,,,,,,,,,,,,,,,,,,,,,,,,,79.4,27.6,47.4,113.4,35.8,47.2,71.6,101.1,41.8,122.8,39.3,26.2,,,,,,,,,,,,,,,,,,,,,,,,,,,,,,,,,,,,,,,,,,,,,,,,
East Midlands,1847,,,,,,,,,,,,,,,,,,,,,,,,,53.3,39.8,34.4,43.9,90.7,60.3,27.0,44.0,60.1,95.8,54.5,103.1,,,,,,,,,,,,,,,,,,,,,,,,,,,,,,,,,,,,,,,,,,,,,,,,
East Midlands,1848,,,,,,,,,,,,,,,,,,,,,,,,,34.5,102.4,93.7,70.8,22.9,123.5,69.0,114.9,101.5,122.6,37.0,73.3,,,,,,,,,,,,,,,,,,,,,,,,,,,,,,,,,,,,,,,,,,,,,,,,
East Midlands,1849,,,,,,,,,,,,,,,,,,,,,,,,,70.9,36.2,22.2,72.0,64.4,39.4,74.6,46.9,100.1,80.4,45.4,84.4,,,,,,,,,,,,,,,,,,,,,,,,,,,,,,,,,,,,,,,,,,,,,,,,
East Midlands,1850,,,,,,,,,,,,,,,,,,,,,,,,,44.1,44.1,14.6,69.3,50.9,32.9,91.8,52.0,46.1,48.8,68.5,48.6,,,,,,,,,,,,,,,,,,,,,,,,,,,,,,,,,,,,,,,,,,,,,,,,
East Midlands,1851,,,,,,,,,,,,,,,,,,,,,,,,,79.9,23.7,81.9,36.4,34.9,73.3,82.2,55.1,28.8,64.1,25.3,34.9,,,,,,,,,,,,,,,,,,,,,,,,,,,,,,,,,,,,,,,,,,,,,,,,
East Midlands,1852,,,,,,,,,,,,,,,,,,,,,,,,,108.9,52.8,12.0,11.8,39.2,111.9,70.3,110.0,90.5,84.6,173.5,88.3,,,,,,,,,,,,,,,,,,,,,,,,,,,,,,,,,,,,,,,,,,,,,,,,
East Midlands,1853,,,,,,,,,,,,,,,,,,,,,,,,,73.4,28.2,33.1,51.0,44.3,102.8,89.6,67.9,58.0,93.0,52.5,25.7,,,,,,,,,,,,,,,,,,,,,,,,,,,,,,,,,,,,,,,,,,,,,,,,
East Midlands,1854,,,,,,,,,,,,,,,,,,,,,,,,,65.5,26.3,18.0,14.3,58.1,45.2,76.8,40.3,30.5,46.0,53.0,64.3,,,,,,,,,,,,,,,,,,,,,,,,,,,,,,,,,,,,,,,,,,,,,,,,
East Midlands,1855,,,,,,,,,,,,,,,,,,,,,,,,,12.0,34.5,46.2,18.7,46.4,68.1,121.4,47.2,30.0,128.3,24.9,27.0,,,,,,,,,,,,,,,,,,,,,,,,,,,,,,,,,,,,,,,,,,,,,,,,
East Midlands,1856,,,,,,,,,,,,,,,,,,,,,,,,,73.5,52.4,22.5,62.7,76.5,49.1,46.7,109.7,82.5,66.3,32.1,65.8,,,,,,,,,,,,,,,,,,,,,,,,,,,,,,,,,,,,,,,,,,,,,,,,
East Midlands,1857,,,,,,,,,,,,,,,,,,,,,,,,,69.6,29.7,52.1,64.0,41.4,66.2,61.5,117.3,72.4,68.1,41.9,20.3,,,,,,,,,,,,,,,,,,,,,,,,,,,,,,,,,,,,,,,,,,,,,,,,
East Midlands,1858,,,,,,,,,,,,,,,,,,,,,,,,,19.3,21.7,27.7,80.2,58.4,52.3,48.8,68.2,66.8,86.6,25.6,60.6,,,,,,,,,,,,,,,,,,,,,,,,,,,,,,,,,,,,,,,,,,,,,,,,
East Midlands,1859,,,,,,,,,,,,,,,,,,,,,,,,,37.4,44.5,62.3,73.1,29.1,64.3,55.6,89.1,83.7,75.7,71.1,66.0,,,,,,,,,,,,,,,,,,,,,,,,,,,,,,,,,,,,,,,,,,,,,,,,
East Midlands,1860,,,,,,,,,,,,,,,,,,,,,,,,,88.6,28.5,65.7,29.4,79.4,138.4,49.2,128.0,69.8,63.3,68.0,75.5,,,,,,,,,,,,,,,,,,,,,,,,,,,,,,,,,,,,,,,,,,,,,,,,
East Midlands,1861,,,,,,,,,,,,,,,,,,,,,,,,,22.1,72.4,87.4,29.1,27.9,68.3,113.2,31.2,70.5,39.0,83.8,45.8,,,,,,,,,,,,,,,,,,,,,,,,,,,,,,,,,,,,,,,,,,,,,,,,
East Midlands,1862,,,,,,,,,,,,,,,,,,,,,,,,,59.5,17.0,99.3,59.7,93.9,67.4,60.2,57.3,85.0,97.5,25.4,50.6,,,,,,,,,,,,,,,,,,,,,,,,,,,,,,,,,,,,,,,,,,,,,,,,
East Midlands,1863,,,,,,,,,,,,,,,,,,,,,,,,,92.0,20.0,23.8,34.0,29.0,102.7,28.3,76.0,85.4,96.8,64.5,42.1,,,,,,,,,,,,,,,,,,,,,,,,,,,,,,,,,,,,,,,,,,,,,,,,
East Midlands,1864,,,,,,,,,,,,,,,,,,,,,,,,,32.4,47.2,69.9,38.2,50.1,43.1,19.3,28.5,68.8,60.5,69.7,51.0,,,,,,,,,,,,,,,,,,,,,,,,,,,,,,,,,,,,,,,,,,,,,,,,
East Midlands,1865,,,,,,,,,,,,,,,,,,,,,,,,,67.7,58.4,30.1,27.0,68.9,44.7,75.9,109.2,7.5,134.8,72.4,37.3,,,,,,,,,,,,,,,,,,,,,,,,,,,,,,,,,,,,,,,,,,,,,,,,
East Midlands,1866,,,,,,,,,,,,,,,,,,,,,,,,,79.9,80.3,47.2,36.6,35.5,86.5,72.2,101.5,149.9,63.2,74.8,67.1,,,,,,,,,,,,,,,,,,,,,,,,,,,,,,,,,,,,,,,,,,,,,,,,
East Midlands,1867,,,,,,,,,,,,,,,,,,,,,,,,,84.6,54.6,70.7,80.6,62.7,46.4,79.8,62.1,59.8,73.9,26.5,54.2,,,,,,,,,,,,,,,,,,,,,,,,,,,,,,,,,,,,,,,,,,,,,,,,
East Midlands,1868,,,,,,,,,,,,,,,,,,,,,,,,,72.4,53.5,62.9,47.9,34.4,11.7,14.5,97.9,75.6,74.4,47.8,168.1,,,,,,,,,,,,,,,,,,,,,,,,,,,,,,,,,,,,,,,,,,,,,,,,
East Midlands,1869,,,,,,,,,,,,,,,,,,,,,,,,,94.2,77.6,44.3,44.9,117.4,32.6,17.3,39.4,121.2,47.8,67.0,108.2,,,,,,,,,,,,,,,,,,,,,,,,,,,,,,,,,,,,,,,,,,,,,,,,
East Midlands,1870,,,,,,,,,,,,,,,,,,,,,,,,,51.8,49.4,46.4,22.0,31.2,28.4,32.1,47.8,37.6,135.6,56.5,62.8,,,,,,,,,,,,,,,,,,,,,,,,,,,,,,,,,,,,,,,,,,,,,,,,
East Midlands,1871,,,,,,,,,,,,,,,,,,,,,,,,,38.2,49.6,33.9,78.7,35.7,89.1,105.0,36.0,137.3,66.7,26.6,44.0,,,,,,,,,,,,,,,,,,,,,,,,,,,,,,,,,,,,,,,,,,,,,,,,
East Midlands,1872,,,,,,,,,,,,,,,,,,,,,,,,,116.6,74.7,61.9,78.3,53.6,112.1,119.9,80.1,82.1,121.2,114.4,105.0,,,,,,,,,,,,,,,,,,,,,,,,,,,,,,,,,,,,,,,,,,,,,,,,
East Midlands,1873,,,,,,,,,,,,,,,,,,,,,,,,,79.3,29.5,67.8,20.7,60.0,64.6,68.8,78.2,50.7,68.4,56.3,18.6,,,,,,,,,,,,,,,,,,,,,,,,,,,,,,,,,,,,,,,,,,,,,,,,
East Midlands,1874,,,,,,,,,,,,,,,,,,,,,,,,,64.3,52.8,39.3,40.0,38.1,22.2,37.0,73.8,86.2,80.4,76.9,63.8,,,,,,,,,,,,,,,,,,,,,,,,,,,,,,,,,,,,,,,,,,,,,,,,
East Midlands,1875,,,,,,,,,,,,,,,,,,,,,,,,,93.5,37.5,22.9,34.2,52.3,83.6,145.7,65.2,84.2,150.3,113.4,36.2,,,,,,,,,,,,,,,,,,,,,,,,,,,,,,,,,,,,,,,,,,,,,,,,
East Midlands,1876,,,,,,,,,,,,,,,,,,,,,,,,,48.7,78.1,86.4,74.7,18.5,55.7,41.0,64.5,125.4,60.2,96.3,157.8,,,,,,,,,,,,,,,,,,,,,,,,,,,,,,,,,,,,,,,,,,,,,,,,
East Midlands,1877,,,,,,,,,,,,,,,,,,,,,,,,,113.7,61.1,61.9,73.7,70.0,39.8,93.2,117.5,67.5,67.4,93.6,60.7,,,,,,,,,,,,,,,,,,,,,,,,,,,,,,,,,,,,,,,,,,,,,,,,
East Midlands,1878,,,,,,,,,,,,,,,,,,,,,,,,,58.8,38.0,28.8,57.5,128.0,75.3,32.4,152.6,66.4,87.0,82.1,50.3,,,,,,,,,,,,,,,,,,,,,,,,,,,,,,,,,,,,,,,,,,,,,,,,
East Midlands,1879,,,,,,,,,,,,,,,,,,,,,,,,,49.4,79.9,30.0,65.6,67.9,128.2,97.7,133.8,75.5,31.5,29.5,32.6,,,,,,,,,,,,,,,,,,,,,,,,,,,,,,,,,,,,,,,,,,,,,,,,
East Midlands,1880,,,,,,,,,,,,,,,,,,,,,,,,,13.0,77.5,44.9,48.3,47.5,86.4,154.1,35.0,107.8,137.7,69.9,97.5,,,,,,,,,,,,,,,,,,,,,,,,,,,,,,,,,,,,,,,,,,,,,,,,
East Midlands,1881,,,,,,,,,,,,,,,,,,,,,,,,,22.1,98.1,65.8,25.8,43.5,60.8,60.5,127.3,53.3,76.1,86.0,82.7,,,,,,,,,,,,,,,,,,,,,,,,,,,,,,,,,,,,,,,,,,,,,,,,
East Midlands,1882,,,,,,,,,,,,,,,,,,,,,,,,,65.2,59.8,50.7,95.4,52.2,105.7,102.0,62.0,65.9,139.1,112.7,103.0,,,,,,,,,,,,,,,,,,,,,,,,,,,,,,,,,,,,,,,,,,,,,,,,
East Midlands,1883,,,,,,,,,,,,,,,,,,,,,,,,,91.8,84.7,29.8,45.3,40.7,87.7,83.2,37.1,131.7,80.6,95.4,35.2,,,,,,,,,,,,,,,,,,,,,,,,,,,,,,,,,,,,,,,,,,,,,,,,
East Midlands,1884,,,,,,,,,,,,,,,,,,,,,,,,,89.7,50.9,55.8,43.5,31.4,47.1,90.4,47.3,45.0,36.7,40.1,74.9,,,,,,,,,,,,,8.3,7.6,9.7,10.8,16.2,18.8,20.4,22.5,18.5,12.4,8.0,6.2,5.8,4.6,5.7,6.5,10.7,13.4,15.6,16.5,14.0,8.6,4.9,3.7,3.3,1.7,1.7,2.1,5.3,8.0,10.9,10.6,9.5,4.7,1.8,1.3
East Midlands,1885,,,,,,,,,,,,,,,,,,,,,,,,,53.1,77.8,37.0,55.4,62.0,70.2,15.2,60.6,93.1,125.2,86.7,27.3,,,,,,,,,,,,,4.3,8.5,8.0,11.9,12.9,18.8,21.6,17.9,16.5,10.1,7.7,5.9,2.0,5.2,4.0,7.2,8.3,13.6,15.9,13.3,11.8,6.8,5.1,3.0,-0.2,2.0,0.1,2.5,3.6,8.4,10.2,8.7,7.0,3.5,2.5,0.0
East Midlands,1886,,,,,,,,,,,,,,,,,,,,,,,,,100.7,19.5,68.5,53.4,140.9,32.8,87.5,44.7,57.2,115.6,61.6,109.9,,,,,,,,,,,,,4.1,3.3,6.9,11.7,14.6,17.6,20.4,20.4,17.5,13.8,8.8,4.7,1.4,0.8,3.4,7.2,9.9,12.9,15.5,15.6,13.2,10.7,5.9,1.7,-1.2,-1.7,0.1,2.7,5.2,8.1,10.7,10.8,8.9,7.5,3.1,-1.3
East Midlands,1887,,,,,,,,,,,,,,,,,,,,,,,,,63.3,19.0,40.1,30.8,49.6,28.1,31.5,45.7,69.7,57.8,58.3,50.1,,,,,,,,,,,,,4.5,7.3,6.8,11.0,13.1,21.4,23.1,21.2,15.3,10.5,6.9,5.3,1.5,3.5,3.2,6.0,9.0,15.2,17.1,15.1,11.2,6.6,4.1,2.4,-1.7,-0.4,-0.4,1.0,4.8,9.0,11.2,9.2,7.0,2.7,1.3,-0.5
East Midlands,1888,,,,,,,,,,,,,,,,,,,,,,,,,25.0,32.5,75.0,50.4,26.5,61.1,139.3,71.0,27.7,22.6,137.4,62.0,,,,,,,,,,,,,5.4,3.8,5.9,9.7,15.7,17.5,16.9,18.3,16.3,12.0,9.6,7.2,2.6,1.3,2.7,5.8,10.2,12.7,13.1,13.7,11.8,7.3,7.2,4.2,-0.2,-1.2,-0.5,2.0,4.9,8.0,9.2,9.3,7.3,2.7,4.7,1.2
East Midlands,1889,,,,,,,,,,,,,,,,,,,,,,,,,29.4,47.3,78.0,87.7,89.6,20.2,66.1,85.7,54.8,89.2,29.5,47.7,,,,,,,,,,,,,5.3,5.6,8.0,10.3,17.0,20.5,19.4,18.6,16.5,11.6,9.2,5.7,2.4,2.4,4.2,6.6,12.3,15.1,14.6,14.2,12.3,8.0,6.2,2.5,-0.5,-0.7,0.4,2.8,7.7,9.6,9.8,9.9,8.1,4.4,3.2,-0.6
East Midlands,1890,,,,,,,,,,,,,,,,,,,,,,,,,85.6,20.1,46.6,26.8,57.0,57.2,70.8,83.2,34.8,42.4,91.4,21.1,,,,,,,,,,,,,8.4,5.6,9.7,11.1,16.5,18.0,18.4,18.4,19.4,13.2,8.8,0.7,5.1,2.6,5.7,6.5,11.2,13.3,14.0,13.9,14.4,9.1,5.3,-1.6,1.8,-0.4,1.7,1.8,5.8,8.8,9.7,9.5,9.4,5.1,1.8,-3.8
East Midlands,1891,,,,,,,,,,,,,9.9,0.8,9.3,9.3,16.2,8.7,13.0,20.3,11.3,19.5,13.0,17.4,54.2,3.6,39.3,47.2,84.4,62.7,66.5,120.9,48.3,142.7,71.9,109.2,,,,,,,,,,,,,4.1,8.7,7.2,9.9,13.8,19.1,18.8,17.6,18.4,12.6,8.0,6.8,0.7,4.1,3.6,5.5,9.0,14.1,14.2,13.6,13.6,8.8,4.9,3.3,-2.6,-0.5,-0.1,1.1,4.2,9.1,9.7,9.8,8.9,5.1,1.8,-0.2
East Midlands,1892,,,,,,,,,,,,,11.9,11.0,5.4,6.6,12.2,12.6,9.7,12.1,11.6,16.1,10.3,10.0,46.0,44.8,23.1,27.1,61.1,77.3,60.4,75.9,71.0,102.4,49.3,35.9,,,,,,,,,,,,,4.2,5.8,6.4,13.1,16.2,17.9,17.7,19.3,15.9,10.2,8.9,4.4,1.4,2.7,2.2,6.9,11.0,12.7,13.4,14.7,11.7,6.4,5.8,1.3,-1.5,-0.4,-2.0,0.6,5.8,7.6,9.0,10.0,7.4,2.6,2.7,-2.0
East Midlands,1893,,,,,,,,,,,,,10.9,17.2,3.7,2.7,8.5,7.2,14.8,11.4,9.6,12.5,10.4,13.7,44.8,84.1,13.7,10.2,52.3,35.8,77.0,53.9,42.2,66.7,48.7,78.8,,,,,,,,,,,,,4.2,7.1,12.9,16.7,18.1,20.9,20.7,22.4,17.4,13.6,7.9,7.4,1.5,4.1,7.0,9.8,12.3,14.9,15.9,17.0,12.5,9.4,4.5,4.0,-1.3,1.1,1.1,2.7,6.6,9.0,11.1,11.7,7.5,5.2,1.0,0.5
East Midlands,1894,,,,,,,,,,,,,16.6,12.1,8.7,12.0,12.9,10.8,13.5,15.2,5.6,14.1,10.9,12.4,61.5,77.1,43.5,50.5,55.5,61.5,78.7,72.7,38.6,93.9,81.3,61.1,,,,,,,,,,,,,5.5,8.0,11.2,14.3,13.1,17.9,20.3,17.7,15.1,12.1,10.2,7.3,2.7,4.4,6.0,9.1,8.5,13.2,15.4,13.8,11.1,8.7,7.2,4.5,-0.2,0.7,0.9,4.0,3.9,8.5,10.5,10.0,7.0,5.2,4.3,1.7
East Midlands,1895,,,,,,,,,,,,,17.3,2.0,14.4,10.3,4.1,6.3,14.0,13.9,4.5,13.1,17.3,12.4,92.4,7.3,58.8,53.8,17.3,35.9,98.2,69.3,23.4,80.1,103.9,65.8,,,,,,,,,,,,,2.0,1.3,8.8,12.4,17.8,20.1,19.4,19.9,21.5,10.7,10.0,5.8,-0.7,-2.7,4.8,7.9,11.8,14.1,14.9,15.2,15.2,6.7,6.9,3.1,-3.5,-6.6,0.9,3.3,5.8,8.0,10.4,10.6,8.9,2.6,3.8,0.4
East Midlands,1896,,,,,,,,,,,,,6.9,4.7,18.4,9.1,2.5,12.0,9.0,11.9,20.0,17.6,6.0,17.8,27.9,19.8,79.2,29.4,10.8,65.9,42.9,53.7,131.8,86.6,32.2,99.1,,,,,,,,,,,,,6.8,7.3,10.2,13.0,17.5,21.1,21.4,18.1,16.1,10.1,7.0,5.9,4.1,3.8,6.3,8.4,11.4,15.7,15.9,13.7,12.6,6.5,3.8,3.1,1.4,0.3,2.4,3.9,5.3,10.3,10.4,9.4,9.0,2.9,0.6,0.4
East Midlands,1897,,,,,,,,,,,,,11.1,11.5,16.7,13.5,8.6,11.0,5.5,17.3,10.8,6.6,9.8,14.3,53.4,75.1,86.9,52.6,32.6,75.1,25.9,100.9,71.7,38.2,53.0,87.8,,,,,,,,,,,,,2.9,7.8,9.7,10.6,14.8,19.5,21.3,20.7,15.8,13.2,9.7,7.1,0.7,5.1,6.2,6.5,9.5,14.6,15.9,15.7,11.5,9.2,6.7,4.0,-1.5,2.4,2.7,2.5,4.2,9.8,10.4,10.8,7.1,5.1,3.6,1.0
East Midlands,1898,,,,,,,,,,,,,4.8,11.3,7.7,10.8,16.5,10.2,4.7,12.7,2.4,13.1,10.2,11.5,30.2,42.6,28.4,55.6,81.9,39.8,27.9,81.9,19.9,94.9,62.3,73.6,,,,,,,,,,,,,8.2,7.3,7.6,12.6,13.7,18.0,20.1,20.9,20.3,13.9,9.4,9.5,5.6,4.0,3.6,7.6,9.8,13.0,14.7,15.9,14.6,10.6,6.4,6.5,2.9,0.6,-0.4,2.7,5.7,8.0,9.4,10.9,8.9,7.4,3.4,3.7
East Midlands,1899,,,,,,,,,,,,,17.0,10.0,6.5,15.3,12.7,6.6,7.4,6.4,14.7,9.0,8.1,12.7,98.1,58.9,27.9,65.3,63.8,45.0,41.3,32.4,85.3,73.6,51.1,60.9,,,,,,,,,,,,,7.2,8.3,9.5,11.3,14.3,20.8,22.0,23.6,17.3,13.3,11.0,4.1,4.2,4.4,4.6,7.4,9.3,14.8,16.8,17.3,12.9,8.4,7.8,1.3,1.2,0.4,-0.4,3.5,4.5,8.8,11.6,11.1,8.5,3.6,4.7,-1.6
East Midlands,1900,,,,,,,,,,,,,18.3,16.6,6.3,8.5,9.3,15.1,9.9,15.5,5.0,16.4,16.7,16.6,95.9,114.3,21.6,32.6,45.5,71.1,56.7,107.5,20.7,84.5,69.3,114.0,,,,,,,,,,,,,6.1,4.8,6.2,12.9,14.2,18.9,22.9,19.3,18.1,12.9,9.1,9.2,3.5,1.9,2.8,7.7,9.4,14.1,17.3,14.7,12.9,9.0,6.4,6.4,0.9,-1.3,-0.5,2.6,4.8,9.4,11.7,10.2,7.8,5.1,3.7,3.6
East Midlands,1901,,,,,,,,,,,,,11.2,8.8,12.8,13.2,7.0,9.2,8.2,10.0,8.4,12.2,7.2,17.5,41.9,34.4,60.9,57.6,30.1,48.5,75.1,52.4,35.0,50.6,55.4,117.3,,,,,,,,,,,,,5.3,4.2,6.8,13.3,16.7,18.7,22.8,20.4,17.7,12.9,7.4,5.3,2.5,1.4,3.5,8.0,10.8,13.3,17.4,15.4,13.2,8.8,4.0,2.5,-0.3,-1.2,0.1,2.7,5.0,7.9,12.0,10.4,8.7,4.8,0.6,-0.3
East Midlands,1902,,,,,,,,,,,,,8.2,8.8,9.4,10.0,15.6,13.0,9.3,16.7,8.4,13.0,11.0,10.3,35.5,36.3,41.7,50.8,65.8,58.6,43.3,91.0,40.8,71.4,56.5,54.4,,,,,,,,,,,,,6.9,3.8,10.3,11.8,12.6,17.9,19.0,18.1,16.8,12.0,8.8,6.4,4.1,0.7,6.3,6.8,8.2,13.1,14.1,13.6,12.2,8.9,6.1,3.9,1.2,-2.4,2.4,2.0,3.8,8.4,9.2,9.2,7.6,5.8,3.3,1.5
East Midlands,1903,,,,,,,,,,,,,13.6,8.1,17.3,10.2,14.6,7.8,12.9,15.6,12.9,25.3,10.4,9.7,71.4,47.3,100.4,46.9,88.7,65.1,76.8,110.5,86.6,178.4,52.7,45.3,,,,,,,,,,,,,5.9,9.4,10.1,10.2,14.9,17.0,19.4,17.8,16.7,12.8,8.7,4.8,3.3,6.2,6.4,5.8,10.2,12.2,14.6,13.5,12.3,9.7,5.6,2.5,0.6,3.1,2.8,1.3,5.6,7.3,10.0,9.3,8.0,6.7,2.5,0.3
East Midlands,1904,,,,,,,,,,,,,16.5,17.2,11.4,10.1,12.1,5.9,9.6,11.3,8.1,5.8,8.0,11.8,75.0,97.1,44.8,40.0,61.6,23.2,65.9,77.4,44.8,23.5,44.4,51.2,,,,,,,,,,,,,6.2,5.2,7.4,12.5,14.7,17.8,22.0,19.4,16.7,13.0,8.1,5.9,3.3,2.6,3.7,8.3,10.1,12.7,16.5,14.4,11.9,8.9,4.5,3.0,0.2,-0.1,0.1,3.9,5.6,7.5,11.1,9.5,7.2,5.0,1.0,0.2
East Midlands,1905,,,,,,,,,,,,,7.6,7.4,17.3,14.8,3.7,11.5,6.4,16.8,8.9,9.9,14.0,5.6,27.2,26.9,82.9,57.4,16.6,74.9,36.4,105.6,44.1,44.2,85.1,22.2,,,,,,,,,,,,,5.7,7.5,10.3,10.4,15.4,19.2,22.1,18.5,15.6,10.4,7.4,6.7,2.7,4.4,6.3,6.6,10.0,14.1,16.8,14.0,11.6,6.5,4.2,4.0,-0.3,1.3,2.2,2.9,4.6,9.1,11.5,9.5,7.6,2.4,1.0,1.3
East Midlands,1906,,,,,,,,,,,,,17.4,14.0,11.1,8.3,13.9,9.3,6.9,10.9,5.1,19.0,12.9,16.1,105.1,58.3,45.3,24.6,60.1,65.1,28.1,46.3,27.0,132.9,85.3,63.5,,,,,,,,,,,,,7.3,5.4,8.4,12.4,14.1,18.8,20.9,21.8,18.9,13.7,9.6,5.3,4.5,2.4,4.4,6.5,9.9,13.5,15.3,16.4,13.3,10.2,6.6,2.4,1.6,-0.9,0.6,0.8,5.8,8.2,9.8,11.1,7.8,6.6,3.5,-0.6
East Midlands,1907,,,,,,,,,,,,,6.7,9.4,9.1,13.7,15.4,17.9,13.9,12.7,4.1,19.7,11.6,13.6,32.0,39.4,38.4,57.9,88.1,84.9,70.2,67.2,18.2,141.0,63.8,89.1,,,,,,,,,,,,,5.5,5.6,11.0,11.4,14.3,16.1,18.2,18.4,18.5,12.9,9.0,6.4,2.7,2.2,5.8,7.0,9.9,12.0,13.4,13.9,13.1,9.1,5.9,3.9,-0.1,-1.2,0.7,2.7,5.6,8.0,8.7,9.5,7.8,5.3,2.7,1.3
East Midlands,1908,,,,,,,,,,,,,7.9,10.3,15.7,12.1,12.5,6.5,10.4,13.1,12.6,7.8,9.8,14.7,38.7,41.3,79.6,72.6,58.3,43.5,71.6,82.4,59.9,41.9,41.7,55.3,,,,,,,,,,,,,4.9,7.8,7.1,9.5,16.8,19.1,20.4,18.8,16.5,15.3,10.1,6.1,1.6,4.7,3.5,5.4,12.0,13.5,15.4,14.0,12.3,11.2,6.7,3.3,-1.7,1.5,0.0,1.3,7.2,8.1,10.3,9.2,8.1,7.2,3.4,0.5
East Midlands,1909,,,,,,,,,,,,,8.5,4.3,15.5,11.0,7.8,13.0,14.4,10.6,14.0,19.7,6.2,19.1,34.1,22.3,79.4,55.1,39.2,85.3,87.3,66.1,72.0,99.4,23.1,115.8,,,,,,,,,,,,,5.4,5.8,6.2,13.9,16.3,15.5,18.5,20.4,15.2,13.4,7.7,6.1,2.5,2.1,2.8,8.2,10.1,11.3,14.2,15.0,11.4,9.8,4.3,3.1,-0.3,-1.5,-0.6,2.5,4.1,7.1,10.0,9.8,7.5,6.2,0.9,0.1
East Midlands,1910,,,,,,,,,,,,,14.6,18.4,5.1,13.6,14.8,10.9,11.2,15.3,2.3,11.1,14.7,18.1,69.7,82.0,19.3,59.2,55.2,64.6,69.3,105.4,13.9,74.4,107.0,128.5,60.5,76.7,144.9,113.3,193.0,170.5,152.8,131.4,110.2,64.7,67.7,26.5,5.8,7.6,9.8,11.0,15.7,19.2,18.0,18.8,16.2,13.2,6.0,8.1,2.8,4.4,5.4,6.7,10.7,14.3,13.8,14.7,12.1,10.1,2.6,5.7,-0.2,1.1,1.0,2.5,5.6,9.3,9.6,10.5,7.8,6.9,-0.8,3.2
East Midlands,1911,,,,,,,,,,,,,6.2,11.3,11.1,7.9,5.9,9.5,2.7,8.6,8.4,12.3,15.4,21.6,27.2,51.9,45.7,32.4,35.0,61.3,9.2,50.6,48.6,64.4,80.6,137.7,47.7,59.1,83.7,129.9,189.4,200.5,282.0,210.5,181.8,81.4,57.5,42.4,5.7,7.3,7.6,11.2,17.9,19.3,24.2,23.6,19.2,12.4,8.3,8.1,3.1,4.2,4.5,7.1,12.3,14.0,17.7,17.9,13.5,8.8,5.4,5.5,0.5,1.0,1.4,3.0,6.9,8.5,11.1,12.1,7.7,4.9,2.4,2.6
East Midlands,1912,,,,,,,,,,,,,16.7,12.1,18.3,1.8,10.3,20.5,14.7,22.0,5.4,10.0,10.4,15.8,104.0,46.0,99.7,7.9,68.0,117.3,103.4,167.4,32.5,79.6,57.0,93.1,34.5,48.3,82.1,218.2,138.5,144.1,119.8,90.1,106.5,100.2,31.2,23.7,5.3,7.7,10.0,13.8,16.2,17.7,19.7,16.3,14.5,12.4,8.5,9.2,2.7,4.6,6.6,8.2,11.4,13.3,15.5,12.4,10.6,7.6,5.6,6.0,-0.1,1.5,3.3,2.7,6.7,8.9,11.3,8.5,6.7,2.8,2.8,2.9
East Midlands,1913,,,,,,,,,,,,,13.8,7.0,17.7,14.7,11.4,7.2,6.9,7.7,10.0,13.0,14.4,7.0,98.2,30.0,105.7,89.1,59.5,29.5,27.8,36.0,55.1,93.0,73.4,37.1,29.9,54.9,99.5,104.9,167.6,186.9,106.7,139.8,110.6,82.9,67.8,28.9,6.2,7.5,9.3,11.3,16.0,18.9,18.5,20.0,17.8,13.9,11.0,6.8,3.5,4.0,5.5,7.4,11.0,13.7,14.2,14.8,13.6,10.3,7.5,4.3,0.8,0.5,1.7,3.5,6.0,8.6,9.9,9.6,9.3,6.7,4.0,1.8
East Midlands,1914,,,,,,,,,,,,,8.1,11.9,18.8,7.5,10.6,7.9,14.5,10.9,7.4,10.4,15.9,20.7,37.1,57.0,81.9,28.2,41.6,61.8,89.0,52.7,34.7,57.0,92.9,156.7,32.5,64.1,78.9,224.2,158.2,227.0,142.3,177.0,182.1,68.3,52.6,39.9,5.6,9.6,9.1,15.0,15.0,19.5,20.2,20.8,18.2,13.5,9.4,6.7,2.9,6.1,5.6,9.2,10.0,14.0,15.5,15.6,12.7,9.8,6.0,3.9,0.2,2.6,2.0,3.4,5.1,8.5,10.8,10.4,7.2,6.1,2.6,1.0
East Midlands,1915,,,,,,,,,,,,,15.2,15.8,7.0,8.0,8.5,5.6,17.0,13.5,4.6,8.3,7.5,21.7,88.7,97.7,27.7,29.7,58.3,30.7,132.8,71.1,28.3,58.0,63.1,144.8,33.5,75.9,101.3,153.6,218.8,220.2,159.8,150.4,166.2,51.1,74.4,28.7,5.8,6.9,8.5,11.9,15.7,19.8,18.4,19.4,18.0,12.1,6.0,7.7,3.4,3.5,4.6,7.2,10.3,13.7,14.0,14.8,12.8,8.4,2.5,4.6,1.0,0.1,0.7,2.4,4.8,7.7,9.5,10.2,7.6,4.6,-1.1,1.5
East Midlands,1916,,,,,,,,,,,,,10.0,19.5,17.3,9.5,11.7,11.6,10.2,11.9,7.1,20.0,12.5,14.0,42.9,112.4,103.8,37.8,64.5,51.9,51.1,73.8,36.5,109.2,83.3,70.4,46.1,62.9,57.7,181.4,162.5,130.3,166.6,165.0,107.3,83.2,52.4,29.6,9.7,5.8,5.5,12.7,16.0,15.5,19.7,20.9,16.7,13.7,9.1,4.2,6.9,3.0,2.7,7.7,10.9,11.1,14.8,16.0,12.4,10.0,5.9,1.2,3.9,0.1,-0.1,2.7,5.9,6.8,9.9,10.9,8.2,6.4,2.8,-1.7
East Midlands,1917,,,,,,,,,,,,,9.8,6.5,13.1,11.4,9.7,11.0,8.1,22.3,7.9,16.6,10.5,7.9,54.1,25.8,54.9,42.6,67.5,60.0,49.0,147.7,46.2,101.7,43.5,32.5,18.9,40.8,86.5,128.4,194.2,204.9,203.5,127.7,126.2,118.9,47.2,45.5,2.6,3.6,6.3,9.3,18.0,19.9,20.8,18.7,17.8,11.2,10.4,4.5,0.9,0.3,2.5,4.8,12.1,14.4,15.5,15.0,13.6,7.0,7.4,1.7,-0.7,-2.9,-1.3,0.4,6.5,9.0,10.2,11.4,9.3,2.8,4.5,-1.2
East Midlands,1918,,,,,,,,,,,,,11.1,12.0,6.7,10.5,9.1,6.9,15.9,8.6,22.4,12.8,10.3,18.0,64.5,55.5,32.9,55.5,58.9,24.8,88.8,48.9,161.6,46.5,50.2,96.3,48.4,55.7,112.7,119.2,204.5,208.7,197.6,159.4,128.3,69.2,62.9,30.4,6.2,8.7,9.6,10.2,18.1,18.1,20.2,20.5,15.2,12.1,8.3,9.2,3.2,5.8,5.4,6.3,12.3,12.6,15.1,15.7,11.5,8.7,4.7,6.3,0.3,2.9,1.1,2.4,6.7,7.1,9.9,10.9,7.8,5.3,1.1,3.5
East Midlands,1919,,,,,,,,,,,,,17.4,8.6,14.3,11.9,5.7,7.8,10.0,10.1,9.7,8.6,12.7,18.8,97.6,64.1,116.5,51.1,27.5,28.5,71.3,68.8,50.0,63.4,49.9,113.4,39.6,49.8,92.8,119.0,228.5,198.9,129.0,194.4,139.5,132.7,42.3,31.8,4.6,3.6,6.2,10.9,18.6,19.1,18.0,20.5,17.0,11.5,5.4,7.8,2.1,0.8,2.9,6.6,12.7,13.7,13.5,15.3,12.2,6.8,2.7,4.8,-0.4,-1.9,-0.4,2.3,6.9,8.5,9.0,10.2,7.4,2.2,-0.2,1.8
East Midlands,1920,,,,,,,,,,,,,14.8,7.9,13.7,21.5,12.5,10.5,18.4,7.8,9.8,9.3,7.1,13.4,86.7,45.6,68.5,118.9,70.3,66.8,123.1,35.3,52.3,59.3,32.0,71.1,47.0,73.0,112.0,74.0,183.1,181.7,113.1,123.3,99.9,91.2,46.7,31.0,7.7,8.8,10.8,10.8,16.0,18.7,17.4,17.5,17.0,13.7,9.3,6.3,4.5,5.2,6.6,7.6,11.2,13.7,13.6,13.1,12.3,9.8,6.1,3.7,1.3,1.7,2.4,4.4,6.5,8.6,9.8,8.9,7.6,5.9,2.8,1.1
East Midlands,1921,,,,,,,,,,,,,14.9,1.6,12.1,8.2,10.7,3.3,4.3,14.1,4.5,8.0,8.6,13.4,83.9,8.1,41.8,30.9,41.2,11.4,18.6,92.8,33.0,51.3,52.7,68.1,26.9,60.2,106.1,186.7,223.7,226.5,230.1,141.4,159.6,130.5,51.7,36.6,9.3,7.3,10.6,12.9,16.5,19.9,24.5,19.3,19.0,17.2,7.0,8.9,6.6,4.1,6.8,7.7,10.8,13.9,17.9,15.0,13.6,12.3,3.9,5.8,3.9,0.9,2.9,2.5,5.2,8.1,11.3,10.7,8.3,7.4,0.8,2.7
East Midlands,1922,,,,,,,,,,,,,18.1,15.1,12.9,15.1,6.7,8.2,16.4,14.2,11.6,5.6,7.3,14.8,91.1,79.6,57.6,74.3,27.3,30.2,114.5,118.3,65.5,21.0,36.3,97.2,40.2,76.7,82.9,141.9,228.4,208.9,141.4,122.5,95.5,111.2,53.8,35.2,5.8,7.1,7.1,9.4,18.2,18.7,17.3,17.0,15.7,11.7,8.7,7.5,2.9,3.7,4.0,5.0,12.3,13.2,13.0,12.8,11.6,7.7,5.1,5.1,0.0,0.3,0.8,0.6,6.6,7.8,8.7,8.7,7.5,3.8,1.6,2.7
East Midlands,1923,,,,,,,,,,,,,10.3,20.9,11.1,12.0,12.9,5.0,11.8,13.7,12.2,18.1,10.5,14.0,48.8,129.3,45.9,61.8,60.0,16.2,85.4,73.1,73.0,101.8,66.1,79.8,47.9,47.6,78.6,121.0,156.0,122.2,171.8,192.4,145.5,83.1,76.4,37.1,8.0,7.4,9.4,11.1,13.0,16.1,21.7,19.4,16.5,12.4,6.0,6.0,5.0,4.8,5.9,7.0,8.7,12.0,17.1,14.6,11.8,9.0,2.6,3.0,2.0,2.2,2.4,3.0,4.5,7.9,12.4,9.8,7.2,5.7,-0.7,0.1
East Midlands,1924,,,,,,,,,,,,,13.5,6.4,6.1,11.6,18.7,11.2,14.3,16.0,16.7,13.8,9.2,14.1,72.5,18.6,29.2,65.3,123.8,59.6,95.9,84.3,93.5,109.7,59.8,90.0,47.5,42.3,136.4,132.8,140.0,160.3,191.9,131.5,110.0,80.0,40.8,37.0,6.5,5.3,8.2,11.3,15.3,18.0,19.6,17.8,16.4,12.9,9.2,8.7,3.8,2.6,3.4,6.6,10.9,13.4,14.8,13.5,12.9,9.5,6.4,6.1,1.2,-0.1,-1.3,2.0,6.7,8.9,10.0,9.3,9.4,6.1,3.7,3.6
East Midlands,1925,,,,,,,,,,,,,9.9,16.8,7.0,13.5,17.0,0.7,9.5,13.1,12.6,12.2,9.0,13.4,60.2,95.7,23.2,56.2,93.3,2.2,64.9,71.0,87.6,91.6,50.8,72.3,38.5,64.7,85.8,140.1,161.4,248.3,177.6,128.8,121.5,86.2,83.9,46.9,7.4,7.6,7.8,11.2,15.8,20.3,21.8,19.6,15.1,13.9,6.2,4.9,4.5,4.5,4.4,6.9,11.1,14.3,16.5,15.1,10.9,9.9,3.1,2.1,1.7,1.4,1.1,2.6,6.6,8.5,11.2,10.7,6.8,5.9,-0.1,-0.7
East Midlands,1926,,,,,,,,,,,,,16.9,11.9,5.2,12.7,15.1,11.1,10.7,11.5,9.8,11.7,18.7,5.6,88.8,64.6,21.5,56.8,76.2,60.3,61.1,62.5,41.0,71.0,131.6,21.7,35.9,39.2,92.3,104.9,155.0,181.4,162.3,187.2,114.4,96.3,47.2,38.6,6.6,8.9,9.3,13.1,14.0,17.9,20.9,20.7,18.2,11.3,8.4,6.3,3.7,6.1,5.8,8.6,9.4,12.9,16.3,15.8,13.9,7.4,5.2,3.6,0.8,3.4,2.4,4.1,5.0,8.0,11.8,10.9,9.6,3.6,2.0,1.0
East Midlands,1927,,,,,,,,,,,,,15.0,11.7,14.8,10.9,7.7,16.3,13.9,18.1,15.2,10.9,12.1,8.9,70.8,62.1,69.5,53.2,33.5,97.5,82.6,117.2,121.3,62.5,85.4,64.4,43.8,46.7,103.8,152.9,165.6,162.4,116.5,140.2,95.2,82.3,54.5,23.9,6.8,6.6,10.3,11.7,15.7,16.4,19.1,19.4,15.6,13.8,8.5,3.0,3.9,3.4,6.7,7.5,10.4,11.8,15.0,15.1,11.9,9.8,5.4,1.1,1.1,0.2,3.1,3.3,5.2,7.2,11.0,10.8,8.3,5.9,2.4,-0.8
East Midlands,1928,,,,,,,,,,,,,19.6,11.7,13.3,9.0,7.6,14.7,5.8,12.9,5.0,17.7,16.4,12.3,134.9,68.5,61.4,31.5,30.4,86.5,43.0,78.9,21.5,120.0,99.3,61.0,55.2,74.3,69.8,122.3,137.4,190.4,236.0,172.5,158.3,102.9,55.6,34.2,7.8,8.6,9.0,12.0,14.8,17.1,21.2,19.5,17.4,13.3,10.2,5.8,4.5,5.1,5.5,7.6,10.0,12.3,15.8,14.8,12.1,9.5,7.0,2.7,1.1,1.7,2.0,3.2,5.2,7.6,10.5,10.2,6.9,5.6,3.8,-0.5
East Midlands,1929,,,,,,,,,,,,,7.9,4.5,1.5,7.5,9.2,8.9,7.7,10.8,3.5,13.1,18.1,20.8,38.1,17.9,6.7,28.5,49.3,38.7,51.5,58.1,24.0,101.2,167.2,153.5,32.2,44.2,166.3,138.3,223.8,201.7,196.6,161.7,179.0,104.8,57.3,56.7,3.2,2.4,11.9,10.6,16.0,17.6,21.0,19.5,20.7,12.8,9.5,7.8,1.0,-0.6,5.8,6.1,10.6,12.6,15.5,14.7,14.9,9.0,6.0,5.0,-1.3,-3.6,-0.5,1.5,5.2,7.5,10.0,10.0,9.2,5.1,2.5,2.3
East Midlands,1930,,,,,,,,,,,,,15.6,5.1,9.9,14.3,11.7,7.6,13.9,15.0,13.9,15.4,14.7,14.6,114.4,17.7,63.1,72.3,55.1,37.3,113.9,82.4,98.7,76.0,94.5,78.5,48.6,43.6,97.6,96.4,136.2,206.2,157.0,186.1,108.4,110.1,65.8,22.7,7.9,4.3,8.3,11.2,14.5,19.9,18.8,20.0,16.8,13.4,9.1,6.2,4.9,1.9,4.6,7.6,10.0,14.6,14.6,15.3,13.0,9.8,5.6,3.6,1.9,-0.4,0.9,4.1,5.6,9.4,10.3,10.7,9.3,6.3,2.1,1.1
East Midlands,1931,15.7,13.0,19.8,1.5,0.7,0.0,0.0,0.0,0.1,8.4,1.0,10.4,13.3,15.2,2.4,16.4,12.5,12.7,16.1,13.6,9.6,5.1,15.6,7.4,57.0,71.6,8.4,92.6,86.5,99.2,96.4,118.4,75.0,24.4,107.3,33.8,52.9,57.1,135.6,96.8,157.5,150.7,126.0,149.9,89.0,115.8,50.2,37.4,5.5,6.1,7.7,10.7,15.2,18.3,18.9,17.9,15.0,12.6,9.9,7.4,2.6,3.2,3.4,7.1,10.6,13.9,14.9,13.7,11.2,8.1,7.0,4.7,-0.2,0.4,-1.0,3.6,6.0,9.6,10.9,9.5,7.5,3.6,4.1,2.0
East Midlands,1932,9.2,16.0,15.2,4.2,2.0,0.0,0.0,0.0,1.0,1.9,2.9,8.6,9.9,2.3,9.6,19.0,16.8,3.9,14.0,6.7,14.0,18.1,10.6,8.1,67.5,7.5,49.5,81.5,143.9,24.6,91.6,53.5,74.8,112.6,52.8,30.5,48.8,53.4,109.1,112.4,96.1,188.8,118.3,154.5,119.8,86.3,39.6,46.0,8.6,5.5,8.4,9.9,13.4,18.5,19.7,21.4,16.8,11.8,8.7,7.4,5.5,2.6,4.1,6.1,9.6,13.3,15.6,16.7,12.5,8.1,6.0,4.9,2.5,-0.3,-0.1,2.2,5.8,8.0,11.4,12.1,8.2,4.4,3.3,2.4
East Midlands,1933,21.5,17.0,7.6,4.4,0.0,0.0,0.0,0.0,0.0,1.2,6.4,20.1,11.5,10.9,11.8,6.7,11.2,10.7,10.1,5.5,7.3,13.3,7.6,4.3,53.5,89.3,66.9,29.6,48.5,55.0,53.2,21.4,43.3,97.2,38.0,12.9,57.5,82.5,155.5,133.4,137.6,203.5,215.5,217.1,163.7,79.4,47.8,33.8,4.6,6.7,11.7,13.1,16.2,20.4,22.7,22.8,19.7,12.9,7.8,3.3,1.7,3.5,6.7,8.4,11.5,14.8,17.3,17.1,14.5,9.5,5.1,1.0,-1.3,0.3,1.8,3.6,6.9,9.2,12.0,11.4,9.3,6.0,2.5,-1.2
East Midlands,1934,13.5,15.6,12.4,4.7,0.4,0.0,0.0,0.0,0.0,1.6,6.5,0.7,12.3,2.2,14.4,12.5,6.9,8.1,7.1,12.1,9.9,13.6,9.2,22.3,64.6,10.7,56.9,61.7,33.2,32.9,42.3,57.4,55.0,57.8,51.5,133.1,53.0,87.5,99.5,118.1,182.9,183.8,245.3,165.6,144.9,78.8,32.8,25.2,6.9,6.9,8.3,11.4,16.0,19.8,23.9,19.7,19.0,13.2,8.3,9.5,3.6,3.3,4.3,7.3,10.8,14.4,17.7,14.7,13.9,9.8,5.6,7.2,0.3,-0.4,0.3,3.2,5.6,9.0,11.4,9.7,8.8,6.5,2.9,5.0
East Midlands,1935,11.0,8.0,7.6,4.5,3.2,0.0,0.0,0.0,0.0,3.6,2.7,15.4,7.0,12.4,5.9,17.0,6.1,16.9,5.4,6.5,16.7,16.0,19.0,15.5,30.9,78.9,21.0,89.9,24.8,87.7,19.6,45.9,119.4,113.3,132.5,85.5,43.7,49.5,109.1,139.1,210.1,183.1,243.4,193.1,136.6,84.6,54.0,38.8,6.5,8.2,9.9,11.7,14.5,19.3,22.5,22.2,17.2,12.7,9.2,4.8,4.1,5.3,6.0,7.5,9.3,14.5,16.8,16.3,13.0,8.9,6.1,2.3,1.7,2.3,2.1,3.3,4.1,9.7,11.2,10.5,8.7,5.1,3.1,-0.2
East Midlands,1936,14.2,19.7,5.9,9.1,0.6,0.1,0.0,0.0,0.0,1.8,9.3,10.8,17.2,11.3,13.1,10.2,5.8,14.0,19.7,6.0,13.5,10.4,13.4,13.9,97.2,60.7,53.2,47.6,25.8,95.3,128.2,27.6,84.3,54.9,81.1,71.9,37.1,73.9,59.1,150.1,160.4,150.8,124.1,171.1,89.1,98.7,44.6,48.2,5.6,4.6,9.7,9.8,15.6,18.7,18.5,20.5,17.6,12.9,8.2,7.7,2.8,1.6,6.3,5.7,10.6,13.9,14.6,15.5,13.9,8.8,4.9,4.6,0.0,-1.5,2.9,1.7,5.6,9.1,10.7,10.5,10.1,4.8,1.6,1.6
East Midlands,1937,11.8,6.0,20.7,1.4,0.0,0.0,0.0,0.0,0.0,0.4,10.9,18.3,17.5,18.9,14.2,12.3,11.5,7.1,7.7,5.3,8.9,8.5,7.5,12.5,97.8,112.5,72.9,70.5,70.8,35.3,67.3,27.9,48.6,73.2,41.7,68.4,37.2,58.1,89.2,96.0,172.9,157.0,119.3,180.9,139.3,67.8,57.4,27.9,7.3,7.6,6.1,12.2,16.1,18.2,19.8,21.7,17.5,13.4,7.7,4.9,4.4,4.8,2.7,8.4,11.4,13.4,15.5,16.2,12.7,9.6,4.5,2.3,1.5,1.9,-0.7,4.6,6.6,8.6,11.2,10.8,7.9,5.9,1.4,-0.3
East Midlands,1938,3.0,7.8,5.0,10.1,1.5,0.0,0.0,0.0,0.1,0.3,1.4,12.2,16.6,5.2,3.4,1.1,10.4,9.2,13.3,12.8,11.7,15.5,14.2,17.7,88.7,26.0,11.8,4.6,59.2,49.2,77.4,84.2,53.2,102.7,90.5,96.3,40.3,54.4,138.2,157.5,151.8,176.9,130.7,137.3,102.8,99.2,72.8,43.7,8.0,7.3,13.5,12.2,15.0,18.5,19.0,19.8,17.4,13.3,11.7,6.3,5.2,4.4,8.6,6.9,10.0,13.8,14.5,15.3,13.0,9.7,8.5,3.6,2.4,1.7,3.6,1.7,5.2,9.0,9.9,10.9,8.6,6.0,5.4,0.9
East Midlands,1939,13.8,7.9,6.6,3.8,0.2,0.0,0.0,0.0,0.3,2.6,1.1,13.1,19.4,9.6,10.3,11.1,6.3,10.5,19.8,11.3,4.2,14.1,17.9,8.3,138.5,42.9,49.0,56.3,31.9,52.3,126.5,67.6,27.1,91.8,120.4,50.6,33.5,78.5,80.9,161.5,177.0,207.0,134.8,145.6,117.2,93.3,40.2,32.4,6.0,8.1,8.5,12.6,15.6,18.7,18.9,20.5,17.7,11.3,10.8,5.1,3.5,4.8,5.2,8.0,10.6,13.4,14.7,15.8,13.6,7.5,7.8,2.6,1.0,1.6,2.0,3.4,5.6,8.1,10.5,11.2,9.4,3.7,4.9,0.2
East Midlands,1940,28.8,16.3,12.2,5.4,0.0,0.0,0.0,0.0,0.0,1.2,3.5,11.9,7.9,12.4,11.2,12.1,8.2,4.8,14.4,3.1,7.9,13.7,16.8,11.5,69.3,64.5,56.7,63.9,43.5,22.1,89.7,12.3,38.4,97.1,167.5,54.6,55.6,20.5,108.8,110.5,198.6,272.9,170.9,179.1,160.5,72.7,60.0,35.9,1.2,4.1,9.6,12.3,17.6,22.0,19.3,20.2,17.3,12.6,9.1,6.1,-2.1,1.5,5.5,7.9,11.9,15.8,14.5,15.0,12.2,9.0,6.1,3.3,-5.5,-1.1,1.3,3.5,6.3,9.6,9.6,9.9,7.0,5.4,3.1,0.5
East Midlands,1941,25.1,16.0,15.4,5.9,6.4,0.0,0.0,0.0,0.1,2.6,5.3,10.1,13.8,14.9,11.0,7.5,10.2,4.6,11.4,17.9,3.3,10.5,14.9,8.1,83.9,77.8,79.9,40.1,59.1,34.9,84.6,104.4,16.1,73.8,76.2,38.8,33.1,63.8,101.9,91.1,134.8,199.5,205.9,164.2,87.6,96.6,34.7,35.2,1.8,5.8,8.4,9.7,13.2,19.8,22.4,18.4,18.2,13.5,8.9,7.7,-0.3,2.7,4.4,5.9,8.5,14.5,16.9,14.1,13.9,9.8,5.8,4.9,-2.4,-0.4,0.3,2.2,3.8,9.1,11.4,9.8,9.7,6.0,2.8,2.0
East Midlands,1942,23.8,26.5,15.3,0.8,2.1,0.0,0.0,0.0,0.2,1.2,8.4,5.2,12.8,4.7,9.6,7.5,13.5,2.7,11.3,12.6,10.6,12.5,6.2,15.4,82.4,27.0,54.2,34.8,90.5,16.4,59.9,78.8,43.0,75.8,38.6,76.5,34.3,47.8,55.7,206.7,203.4,215.6,165.9,122.3,138.7,85.0,45.8,30.0,2.9,2.4,8.0,13.3,15.7,19.7,19.6,20.3,17.5,13.7,7.8,8.7,0.2,-0.5,4.3,8.5,10.5,14.0,14.9,15.9,13.1,9.9,4.6,6.1,-2.4,-3.4,0.7,3.6,5.3,8.2,10.2,11.4,8.7,6.1,1.4,3.6
East Midlands,1943,10.9,4.7,11.1,0.7,0.5,0.0,0.0,0.0,0.1,1.1,8.4,13.9,18.6,7.9,4.5,8.4,9.6,10.4,7.3,13.3,11.0,10.7,12.8,7.0,122.4,37.6,25.8,31.1,73.6,56.3,37.0,65.7,69.8,60.7,52.9,35.3,41.5,83.8,122.1,158.3,234.5,191.4,204.6,140.9,130.2,94.0,60.3,35.6,6.8,8.7,10.7,14.9,16.9,18.6,21.3,19.9,17.0,14.0,8.6,5.8,4.2,5.4,6.1,10.1,11.3,13.8,15.8,15.4,12.6,9.9,5.6,3.0,1.6,2.0,1.5,5.4,5.8,9.0,10.2,10.9,8.2,5.8,2.6,0.3
East Midlands,1944,8.2,15.1,14.0,1.2,2.5,0.0,0.0,0.0,0.1,0.3,5.6,12.9,11.8,8.5,3.2,9.2,6.9,12.0,11.9,9.2,12.4,15.7,19.9,10.4,75.2,39.0,10.4,52.3,34.8,56.9,64.2,69.9,94.0,91.6,119.7,54.8,37.5,55.3,118.6,137.3,196.5,151.1,105.8,173.2,128.2,83.9,39.3,45.4,8.3,5.6,9.0,14.2,16.2,17.3,19.9,21.4,16.4,11.9,8.7,5.7,5.3,2.8,4.7,9.5,10.7,12.8,15.8,16.4,11.9,8.7,5.7,3.0,2.3,0.1,0.5,4.7,5.2,8.3,11.7,11.4,7.4,5.4,2.7,0.2
East Midlands,1945,23.7,4.6,5.8,4.2,2.5,0.0,0.0,0.0,0.0,0.0,3.9,10.3,11.3,11.2,6.0,7.8,12.8,15.0,8.4,10.7,10.1,10.0,3.4,13.6,59.0,64.8,25.5,37.5,72.0,75.2,54.2,66.7,48.5,103.2,11.0,76.6,45.5,63.7,124.0,190.3,158.0,175.8,163.9,150.8,78.1,89.0,30.8,35.5,2.6,9.9,12.0,14.7,16.5,18.5,20.7,20.0,17.3,15.0,9.2,7.1,-0.1,6.6,7.5,9.5,11.5,13.9,16.1,15.2,13.5,11.1,6.6,4.4,-2.9,3.3,3.0,4.4,6.5,9.3,11.5,10.6,9.8,7.2,4.1,1.7
East Midlands,1946,17.9,6.7,15.5,1.8,1.7,0.0,0.0,0.0,0.0,2.9,0.5,17.6,11.7,12.4,5.8,7.2,9.4,16.5,9.1,17.3,14.7,6.1,18.8,16.0,69.6,80.0,27.7,43.0,63.4,73.1,58.7,133.4,108.3,27.8,144.0,72.8,43.0,73.6,106.3,175.8,174.9,160.4,183.0,131.8,99.9,71.6,32.6,55.0,5.2,8.2,8.8,14.6,14.4,16.9,20.5,18.3,17.0,12.3,10.2,5.5,2.3,5.5,4.6,9.3,9.7,12.4,15.8,14.0,13.3,9.2,7.5,2.4,-0.5,2.8,0.5,4.1,4.9,8.0,11.1,9.7,9.7,6.1,4.9,-0.6
East Midlands,1947,20.7,27.8,16.2,1.5,0.0,0.0,0.0,0.0,0.0,1.0,9.4,7.7,13.6,9.2,22.2,11.6,11.4,9.9,12.7,2.1,9.3,4.3,12.2,11.2,60.2,48.2,146.4,66.0,56.5,49.6,67.7,13.0,41.6,13.7,62.9,64.8,45.0,25.7,67.4,140.3,161.0,172.6,148.5,259.6,139.3,96.5,77.2,28.9,3.9,-0.6,6.1,12.1,18.0,19.9,20.8,24.3,19.2,14.6,9.7,7.1,1.4,-2.6,2.9,8.0,12.7,15.0,16.4,17.9,14.4,10.1,6.5,4.6,-1.2,-4.7,-0.4,3.8,7.4,10.1,12.0,11.6,9.6,5.6,3.3,2.2
East Midlands,1948,7.3,11.5,7.0,3.4,1.3,0.0,0.0,0.0,0.2,2.9,7.2,9.8,22.7,9.9,4.9,10.0,9.8,15.9,7.7,13.3,8.5,9.7,9.9,12.6,144.1,41.0,30.1,48.5,65.8,78.2,36.2,106.7,66.5,64.5,42.1,94.7,39.5,68.6,152.0,182.1,240.5,151.1,170.1,115.2,118.0,84.3,56.8,49.9,7.5,6.8,12.8,13.4,16.3,17.2,19.6,18.4,17.3,13.2,9.6,7.8,4.8,4.0,7.7,8.3,10.6,12.9,15.1,14.4,13.4,9.4,6.6,4.9,2.1,1.3,2.7,3.3,4.9,8.7,10.6,10.4,9.5,5.6,3.5,2.1
East Midlands,1949,9.4,8.4,13.9,1.5,1.8,0.0,0.0,0.0,0.0,2.2,5.1,5.7,8.3,6.9,7.1,9.5,10.8,4.0,6.9,7.1,5.7,13.8,16.0,13.5,36.9,32.7,39.8,63.1,61.2,16.1,58.9,44.0,40.1,126.7,90.2,68.3,47.1,104.5,105.1,161.0,220.0,237.2,211.9,194.1,138.1,96.0,55.2,48.9,7.6,8.9,8.0,14.1,15.7,20.3,22.4,21.6,20.3,14.8,8.8,7.9,4.8,5.0,4.3,9.5,10.5,14.5,16.9,16.3,15.7,11.1,5.9,5.1,1.9,1.1,0.7,5.0,5.2,8.6,11.3,11.1,11.2,7.3,3.0,2.4
East Midlands,1950,13.0,7.2,5.5,4.0,0.4,0.0,0.0,0.0,0.0,4.0,5.3,24.6,5.2,15.3,8.6,14.9,9.3,8.0,11.2,16.2,17.7,7.8,17.9,11.7,27.5,126.0,33.3,64.8,50.5,43.8,78.2,98.5,101.9,31.6,115.7,45.8,29.6,59.4,115.8,149.8,155.5,238.4,176.8,162.1,109.4,94.4,48.9,38.7,6.1,8.1,11.1,11.1,14.8,20.9,19.9,19.6,16.1,12.7,7.9,2.9,3.6,4.8,6.9,6.9,10.3,15.6,15.4,15.1,12.4,9.1,5.0,0.6,1.1,1.4,2.7,2.8,6.0,10.3,10.9,10.5,8.7,5.6,2.2,-1.7
East Midlands,1951,10.6,12.7,16.8,4.7,0.9,0.0,0.0,0.0,0.0,3.6,1.3,8.6,14.0,16.1,17.2,12.4,14.1,7.3,7.8,17.9,10.3,5.8,20.8,13.5,73.8,86.7,102.4,60.3,83.7,30.4,38.4,119.3,59.9,26.1,168.8,78.9,38.0,53.1,79.8,181.1,148.1,216.5,186.6,145.8,102.9,100.7,57.1,51.8,5.7,5.8,6.7,10.7,13.4,18.2,20.7,18.5,17.6,13.0,10.5,7.9,3.2,3.0,3.5,6.3,9.2,13.1,15.7,14.3,13.6,8.9,7.7,4.8,0.6,0.2,0.2,2.0,5.1,8.0,10.8,10.1,9.6,4.8,4.9,1.8
East Midlands,1952,19.5,16.9,7.7,3.1,0.0,0.0,0.0,0.0,0.1,3.5,12.6,16.7,13.8,4.8,11.3,10.4,12.5,9.7,5.6,12.3,12.3,13.4,10.8,15.0,66.8,18.8,58.9,53.0,66.5,51.9,28.0,89.3,58.2,98.8,65.0,70.1,74.3,80.0,85.4,153.4,188.0,181.5,166.8,166.0,108.0,101.2,66.6,49.5,5.0,6.1,9.3,13.9,17.6,18.5,20.8,20.0,14.3,11.8,6.3,5.3,2.2,2.8,6.1,9.0,12.6,13.7,16.2,15.5,10.3,8.4,3.5,2.5,-0.6,-0.5,2.8,4.1,7.7,9.0,11.5,11.0,6.4,4.9,0.8,-0.3
East Midlands,1953,16.6,13.8,15.4,4.1,0.5,0.0,0.0,0.0,0.0,1.4,1.1,2.3,5.1,8.0,5.0,12.4,8.9,12.0,15.3,11.3,10.4,8.6,8.4,8.7,25.3,45.4,30.8,65.0,51.7,58.6,82.3,79.2,60.0,57.4,51.7,30.6,35.1,57.0,120.8,161.0,202.8,132.5,188.6,194.2,137.9,79.0,46.0,28.9,5.4,6.7,10.1,11.1,17.1,17.9,19.3,20.4,17.6,13.0,10.5,8.6,2.9,3.7,5.1,6.7,12.1,13.5,15.0,15.6,13.3,9.0,7.8,6.3,0.4,0.8,0.1,2.2,7.1,9.2,10.6,10.8,9.1,5.0,5.0,4.1
East Midlands,1954,17.0,13.7,6.6,7.6,0.2,0.0,0.0,0.0,0.0,1.0,4.2,4.9,8.6,13.6,11.2,3.7,12.3,10.5,13.9,17.6,15.8,16.0,17.4,11.5,46.9,67.2,61.3,12.3,73.7,82.4,73.1,119.6,72.1,103.0,145.3,78.9,51.9,60.2,92.9,167.4,125.7,131.0,128.9,113.4,161.4,79.3,52.5,45.9,4.9,4.8,8.6,11.9,15.0,16.7,17.4,17.9,16.5,14.6,9.5,8.6,2.3,2.0,5.2,7.0,10.6,12.8,13.6,14.0,12.2,11.4,6.2,6.0,-0.4,-0.9,1.8,2.1,6.2,9.0,9.9,10.0,8.0,8.2,3.0,3.5
East Midlands,1955,16.5,20.0,23.7,2.5,1.0,0.0,0.0,0.0,0.0,5.7,7.7,10.1,11.6,10.9,7.7,7.9,15.5,10.1,3.2,4.8,8.8,8.6,8.1,15.5,64.2,49.5,61.7,29.5,103.5,80.1,19.2,18.9,40.5,48.5,57.1,77.5,32.9,77.4,141.8,153.8,191.4,138.3,259.9,177.3,148.5,117.0,48.3,43.1,4.4,3.4,6.5,13.5,13.3,17.5,22.8,22.8,18.4,13.1,9.4,8.2,1.9,0.6,2.6,8.9,8.9,13.1,17.0,17.5,13.7,8.8,6.4,5.0,-0.7,-2.3,-1.3,4.4,4.6,8.6,11.1,12.2,9.0,4.5,3.4,1.8
East Midlands,1956,15.3,24.0,9.6,10.1,1.3,0.0,0.0,0.0,0.0,1.7,5.8,9.8,16.8,6.2,6.3,7.8,4.3,12.2,13.5,19.7,10.2,9.2,7.0,14.8,102.9,20.4,27.4,43.5,19.1,67.8,91.5,139.4,73.5,45.6,24.8,86.8,52.6,69.5,125.3,143.8,230.0,141.7,153.0,134.9,91.2,103.9,50.5,18.1,5.7,2.4,9.7,10.8,16.8,16.7,19.3,16.9,17.4,12.6,8.3,7.4,3.0,-0.9,5.5,6.1,11.2,12.5,15.3,13.0,13.6,8.8,5.4,5.0,0.2,-4.1,1.3,1.4,5.6,8.2,11.2,9.1,9.9,5.0,2.6,2.6
East Midlands,1957,9.7,10.3,2.5,2.2,1.4,0.0,0.0,0.0,0.0,0.1,4.9,11.7,12.8,14.0,12.8,2.1,8.5,8.3,16.5,14.1,15.6,10.0,6.7,12.3,51.8,72.6,58.5,7.0,37.2,43.7,95.1,107.7,121.9,55.5,53.9,67.6,42.4,76.9,88.8,144.5,192.0,284.3,125.7,127.8,104.2,78.1,59.3,46.6,7.8,7.8,12.3,12.6,14.7,20.8,19.8,18.8,15.5,13.9,8.3,6.7,4.8,4.5,8.5,8.1,9.7,14.6,15.9,14.8,12.0,10.2,5.7,3.7,1.9,1.2,4.8,3.6,4.9,8.3,11.9,10.8,8.4,6.4,3.1,0.7
East Midlands,1958,15.0,13.5,18.3,6.7,0.1,0.0,0.0,0.0,0.0,0.0,4.9,9.8,12.6,14.1,9.4,4.8,13.2,17.2,14.0,14.9,14.3,11.9,7.8,15.2,73.7,109.5,41.3,20.9,70.4,110.4,100.5,75.4,100.6,70.4,47.5,84.2,50.9,59.1,97.8,139.7,172.3,126.6,167.1,127.9,103.8,88.4,42.5,24.3,5.8,7.5,6.5,11.2,15.3,17.6,19.7,19.6,18.3,13.4,8.6,6.5,2.8,4.2,3.1,6.8,10.7,13.2,15.4,15.3,14.4,10.2,5.8,4.0,-0.2,0.9,-0.3,2.5,6.2,8.8,11.0,11.1,10.5,6.9,3.1,1.4
East Midlands,1959,23.3,12.7,1.6,0.5,1.0,0.0,0.0,0.0,0.2,0.3,7.1,2.6,12.4,1.6,12.1,13.3,5.6,9.2,8.7,4.8,1.0,10.8,14.0,21.2,90.2,6.4,55.0,77.9,25.4,37.1,50.8,29.5,3.9,66.6,87.9,130.9,71.6,50.8,84.3,143.1,213.8,223.7,227.7,203.4,175.7,129.9,47.8,32.8,4.0,6.7,10.1,13.1,17.4,19.8,22.3,22.1,20.3,16.6,9.3,7.9,1.0,3.8,6.6,8.9,11.9,14.6,16.8,16.8,14.4,11.9,6.2,5.2,-2.1,0.9,3.1,4.7,6.5,9.4,11.4,11.6,8.5,7.2,3.1,2.5
East Midlands,1960,15.0,15.5,4.2,3.3,0.1,0.0,0.0,0.0,0.0,0.8,3.8,12.3,15.3,12.4,9.8,7.0,5.2,8.2,16.4,16.3,12.6,20.7,20.5,12.8,124.7,63.2,42.8,33.7,38.7,56.8,98.7,98.2,106.3,147.1,118.0,91.0,27.1,70.0,61.7,149.1,172.9,259.7,139.3,146.6,116.5,52.2,58.5,48.9,5.9,6.3,8.5,13.0,17.1,21.1,18.8,18.8,16.4,12.5,9.6,5.9,3.4,3.3,5.6,8.4,12.2,15.6,14.6,14.4,12.5,9.5,6.5,3.4,0.8,0.3,2.6,3.8,7.3,10.0,10.4,10.0,8.5,6.6,3.5,0.9
East Midlands,1961,14.5,1.4,5.3,0.8,0.9,0.0,0.0,0.0,0.0,1.1,7.4,20.3,15.5,12.2,2.7,16.3,6.2,5.5,9.5,13.4,11.0,15.8,10.2,12.8,87.9,58.2,11.1,98.1,31.4,34.8,64.4,69.7,60.8,81.5,47.3,88.0,31.6,58.0,144.1,79.0,189.4,213.3,162.9,178.5,125.3,111.4,61.7,50.4,5.5,9.2,12.4,13.1,14.9,19.2,19.0,19.4,19.0,13.9,8.5,4.4,2.9,6.3,7.7,9.3,10.2,13.9,14.5,14.9,14.5,10.1,5.5,1.5,0.2,3.4,2.9,5.4,5.6,8.5,10.1,10.5,10.0,6.3,2.4,-1.4
East Midlands,1962,8.5,10.6,22.5,2.7,1.1,0.6,0.0,0.0,0.0,1.4,9.2,20.6,14.7,6.8,7.1,11.9,12.8,3.9,8.5,12.8,12.6,5.3,11.0,10.4,84.1,31.4,32.4,67.3,59.2,13.6,50.9,110.0,90.0,26.3,50.3,56.0,61.8,68.8,116.2,149.0,159.6,226.1,123.1,146.5,109.6,94.9,39.4,55.2,6.7,6.9,6.2,11.1,13.6,18.3,18.4,17.8,16.0,13.6,7.6,4.3,3.7,3.9,2.0,7.0,9.5,13.0,14.2,13.8,12.1,9.7,4.7,1.1,0.6,0.9,-2.1,2.9,5.4,7.8,10.0,9.8,8.3,5.8,1.9,-2.1
East Midlands,1963,28.6,27.5,8.6,1.4,0.2,0.0,0.0,0.0,0.0,0.0,2.7,15.9,6.4,5.0,14.9,14.6,11.3,13.9,10.0,15.0,8.6,9.6,18.8,5.2,27.1,21.0,82.0,63.8,42.0,79.4,47.1,79.6,62.1,48.9,128.7,19.7,58.9,65.7,90.8,108.0,177.8,197.3,173.8,124.4,133.0,77.2,47.8,40.9,0.0,1.2,8.8,11.8,14.4,18.9,19.3,17.5,16.8,13.7,10.2,4.7,-2.8,-1.5,5.2,7.9,9.9,14.3,14.5,13.6,12.4,10.2,7.3,2.0,-5.6,-4.3,1.7,4.1,5.4,9.6,9.6,9.6,8.1,6.7,4.4,-0.7
East Midlands,1964,13.6,11.2,11.9,2.7,0.0,0.0,0.0,0.0,0.1,2.8,4.2,17.8,5.7,7.0,10.9,12.3,10.7,11.3,8.6,8.1,5.8,8.6,8.9,12.8,23.2,26.0,87.7,54.6,48.9,69.6,50.2,43.6,24.0,42.4,39.9,80.0,40.1,52.9,55.1,110.3,184.9,129.5,177.9,185.3,171.9,110.3,51.2,45.1,5.1,6.6,6.1,12.0,17.6,17.2,20.0,19.8,18.8,12.3,9.9,5.8,2.5,3.8,3.5,8.1,12.6,13.1,15.4,14.9,13.5,8.0,6.9,2.6,-0.1,1.0,0.9,4.3,7.7,9.1,10.9,10.1,8.1,3.8,3.9,-0.6
East Midlands,1965,16.3,13.6,13.4,3.2,1.1,0.0,0.0,0.0,0.0,0.2,14.3,9.6,14.7,4.4,11.7,12.8,12.4,10.9,14.8,10.5,15.4,5.2,14.5,18.6,80.0,14.9,67.3,54.0,54.6,66.1,92.1,54.2,134.6,25.7,86.6,150.4,65.3,28.4,127.7,138.2,154.7,177.4,103.9,168.7,98.8,87.3,69.3,53.5,5.4,5.2,8.9,11.9,15.3,18.6,17.2,19.1,15.5,14.1,6.8,6.9,2.8,2.7,4.6,7.6,10.9,13.9,13.4,14.3,11.8,10.2,3.9,3.9,0.2,0.1,0.3,3.2,6.6,9.2,9.5,9.6,8.0,6.3,1.0,0.9
East Midlands,1966,17.0,8.4,5.9,4.8,0.0,0.0,0.0,0.0,0.0,1.6,5.7,7.1,9.8,15.7,8.3,16.6,11.5,12.6,11.5,11.3,7.0,16.2,12.3,16.9,43.2,112.5,33.8,96.5,67.0,74.1,68.5,98.5,45.4,106.2,69.6,94.8,30.4,38.4,109.7,84.9,216.0,155.8,146.9,159.7,133.3,83.9,46.4,37.7,4.3,7.4,9.6,9.6,15.3,19.3,18.6,18.7,17.5,12.9,7.6,7.8,2.1,5.0,5.9,6.5,10.4,14.7,14.3,14.2,13.2,9.5,4.8,4.7,-0.1,2.6,2.3,3.3,5.7,10.1,10.0,9.7,8.9,6.1,2.0,1.7
East Midlands,1967,10.4,8.7,2.5,2.4,1.8,0.0,0.0,0.0,0.0,0.1,8.6,12.9,11.2,10.4,8.7,8.2,21.3,4.8,9.1,11.9,14.8,17.9,9.6,13.0,44.3,76.0,49.1,35.6,138.7,33.3,48.0,67.8,81.7,143.2,56.4,64.5,58.8,74.3,157.9,105.8,153.3,217.2,202.3,143.3,107.1,95.1,59.1,57.8,6.3,7.8,10.0,11.0,13.8,18.9,21.3,19.7,16.8,13.3,7.9,6.3,3.8,4.7,6.6,7.2,9.6,13.7,16.4,15.2,13.0,10.2,4.7,3.5,1.2,1.7,3.2,3.4,5.5,8.4,11.4,10.7,9.3,7.1,1.5,0.7
East Midlands,1968,13.3,21.8,7.2,9.7,0.6,0.0,0.0,0.0,0.0,0.0,4.4,14.6,12.4,5.9,9.6,11.3,14.1,11.8,9.0,10.4,16.1,11.8,10.9,9.2,70.8,36.3,48.4,63.2,78.8,76.3,110.2,57.9,128.3,71.5,69.3,59.2,38.9,58.0,114.0,164.4,136.8,188.1,125.3,128.0,101.9,61.2,40.4,31.0,6.5,3.9,9.7,12.3,13.6,19.1,18.6,19.0,17.0,14.8,8.1,4.5,3.8,1.3,5.9,7.6,9.2,14.3,14.4,15.0,13.3,12.0,5.8,2.4,1.0,-1.4,2.1,2.8,4.9,9.5,10.3,11.0,9.5,9.2,3.4,0.3
East Midlands,1969,8.3,20.1,17.3,8.0,0.1,0.0,0.0,0.0,0.6,0.0,10.0,15.4,13.4,12.7,9.3,10.6,19.5,8.8,5.8,12.0,6.1,4.1,13.5,13.4,74.8,64.9,68.5,56.5,125.1,45.0,58.2,75.9,34.7,14.4,103.9,71.0,32.9,61.1,61.6,184.0,118.2,246.0,217.9,136.0,94.0,90.1,75.4,31.2,7.4,2.6,5.5,11.7,14.7,18.5,21.5,19.8,17.1,15.9,7.8,5.3,4.9,0.1,2.7,6.9,10.6,13.2,16.4,15.7,13.1,12.2,4.7,2.8,2.4,-2.4,-0.2,2.2,6.6,7.9,11.3,11.7,9.2,8.5,1.6,0.2
East Midlands,1970,11.7,15.7,16.9,8.9,0.0,0.0,0.0,0.0,0.0,1.5,3.2,13.3,18.6,15.0,13.6,15.1,5.1,7.7,11.7,9.0,8.8,8.4,18.9,9.5,87.3,72.6,57.9,81.6,21.4,44.0,60.1,85.7,47.6,43.8,147.4,36.9,28.1,97.2,107.2,126.1,193.8,233.2,156.1,159.5,134.7,92.7,53.2,42.7,5.7,5.5,6.6,10.0,17.5,21.2,18.9,20.0,18.2,13.9,10.1,6.1,3.1,2.4,3.1,6.2,12.4,15.6,14.7,15.4,13.9,10.0,7.1,3.6,0.5,-0.7,-0.5,2.4,7.5,10.0,10.6,10.9,9.6,6.2,4.1,1.1
East Midlands,1971,8.3,9.2,10.1,3.9,1.6,0.0,0.0,0.0,0.0,0.9,12.0,5.1,15.7,6.2,10.3,5.0,9.0,12.1,6.5,13.1,5.1,8.1,9.8,6.7,91.1,29.0,56.8,56.3,45.4,85.8,41.4,108.7,24.8,70.3,72.9,33.9,34.6,60.9,85.8,97.8,216.7,130.5,224.9,129.6,158.8,127.6,84.1,28.1,6.4,7.2,7.9,11.0,16.1,15.6,21.9,19.3,18.8,15.0,9.0,8.3,3.8,4.0,4.6,7.1,10.8,11.8,16.5,15.1,13.7,10.7,5.4,5.9,1.2,0.8,1.4,3.1,5.6,7.9,11.1,10.9,8.6,6.5,1.9,3.5
East Midlands,1972,11.1,6.7,7.7,0.6,0.1,0.0,0.0,0.0,0.0,1.1,8.9,6.4,16.2,12.1,14.1,11.4,14.9,14.7,8.6,6.7,4.0,5.2,11.3,12.8,86.1,64.1,73.2,54.1,68.1,67.7,54.7,35.8,44.7,30.9,75.9,94.2,40.2,34.6,125.7,118.3,139.4,139.0,159.3,170.1,102.5,81.2,73.2,32.1,5.6,6.1,10.1,11.4,14.0,15.3,19.5,19.2,15.3,13.7,9.0,7.6,3.3,3.7,5.9,7.8,9.9,11.3,14.9,14.6,11.1,9.8,5.9,4.9,0.9,1.2,1.7,4.2,5.9,7.2,10.3,9.9,6.8,6.0,2.8,2.2
East Midlands,1973,11.4,11.8,11.5,4.3,0.8,0.0,0.0,0.0,0.0,3.4,10.5,11.4,7.4,8.2,5.1,10.7,13.5,6.0,10.3,6.4,9.3,8.9,7.5,11.3,36.9,36.4,20.9,65.3,75.3,67.5,99.4,49.8,59.0,46.9,42.7,52.0,34.0,79.0,127.5,153.6,168.8,218.1,145.2,170.4,135.2,84.0,82.0,48.3,6.3,7.1,10.1,10.6,15.2,19.6,19.6,20.9,18.1,12.2,8.8,7.5,3.9,3.9,5.6,6.5,10.8,14.4,15.2,15.9,13.8,8.5,5.4,4.4,1.6,0.7,1.1,2.5,6.4,9.2,10.7,11.0,9.4,4.7,2.1,1.3
East Midlands,1974,5.6,7.7,8.3,3.4,1.2,0.0,0.0,0.0,0.1,1.6,3.5,2.2,15.9,13.5,9.1,2.8,8.6,9.4,11.1,11.5,18.5,14.6,15.2,11.7,96.4,83.0,39.5,10.2,33.6,61.6,69.8,81.8,113.9,71.9,95.6,56.7,50.9,53.2,91.6,136.9,185.8,184.1,162.7,184.4,132.9,87.5,50.3,48.6,8.2,7.8,8.5,11.8,15.1,17.7,18.7,19.4,15.2,10.2,8.9,9.9,5.2,4.9,4.9,7.2,10.3,13.1,14.6,14.5,11.4,7.1,6.0,7.3,2.2,1.9,1.4,2.7,5.5,8.5,10.4,9.7,7.6,4.1,3.1,4.8
East Midlands,1975,3.9,9.7,9.7,6.4,1.1,0.0,0.0,0.0,0.5,0.9,8.7,8.5,17.5,6.4,12.9,14.8,6.7,4.0,11.1,7.6,11.8,5.2,11.0,5.3,87.0,27.6,73.0,59.5,36.3,15.4,61.3,43.5,72.3,27.6,48.6,45.0,36.2,42.0,80.4,119.2,185.6,260.1,201.4,219.6,141.0,104.0,75.3,39.2,9.0,6.7,7.2,11.8,13.6,20.0,21.8,23.8,17.2,13.2,8.9,7.3,6.1,3.7,4.2,7.9,9.2,14.0,16.8,18.2,12.7,9.3,5.5,4.6,3.2,0.8,1.2,4.0,4.7,8.0,11.8,12.5,8.2,5.4,2.0,1.9
East Midlands,1976,9.2,11.2,14.1,4.3,0.2,0.0,0.0,0.0,0.0,0.0,7.6,20.7,8.8,8.2,7.9,4.1,13.6,4.0,5.1,2.9,13.9,21.6,10.8,13.2,53.1,34.3,38.8,16.3,64.3,17.4,25.4,30.8,144.2,122.2,50.5,80.8,49.3,49.0,101.2,134.2,152.5,241.9,248.6,230.7,94.7,58.3,62.4,52.4,7.7,6.5,7.7,11.7,15.9,22.3,24.0,23.1,16.5,12.9,8.5,3.8,5.1,3.9,4.1,7.4,11.3,16.4,17.8,16.8,12.6,9.8,5.3,1.3,2.6,1.2,0.5,3.2,6.8,10.5,11.7,10.5,8.8,6.8,2.2,-1.2
East Midlands,1977,17.2,6.2,4.7,6.3,0.7,0.0,0.0,0.0,0.0,0.0,7.9,4.2,14.1,20.1,14.8,12.2,8.8,11.6,4.3,12.0,6.3,11.2,13.9,13.3,83.2,141.4,58.7,49.1,45.0,95.8,16.7,92.3,30.1,48.5,86.5,77.1,42.0,55.6,77.7,157.6,220.5,152.6,184.9,139.3,104.7,89.6,85.6,39.1,4.5,7.0,9.6,10.5,14.6,16.0,19.8,19.0,16.3,14.3,8.6,7.8,2.0,4.3,6.3,6.6,9.8,11.7,15.3,14.7,12.6,10.9,5.7,5.4,-0.5,1.6,3.0,2.6,5.0,7.3,10.7,10.5,8.9,7.5,2.7,3.1
East Midlands,1978,13.8,17.4,5.9,7.4,0.0,0.0,0.0,0.0,0.0,0.2,5.8,15.5,14.9,12.7,13.5,10.0,7.0,10.3,12.1,13.2,8.2,4.1,7.8,19.9,91.4,57.4,62.6,42.8,38.8,60.8,76.7,61.9,52.2,14.2,45.6,149.2,46.2,46.1,121.4,99.3,194.3,154.6,145.6,130.2,136.7,77.9,71.7,30.9,5.2,4.6,10.0,9.3,15.8,17.5,18.5,18.5,17.5,15.0,11.0,5.7,2.6,1.8,6.2,5.8,10.9,13.0,14.3,14.5,13.5,11.2,7.7,3.1,0.0,-0.9,2.4,2.2,5.9,8.6,10.1,10.5,9.4,7.5,4.5,0.6
East Midlands,1979,27.6,23.4,10.5,4.8,4.9,0.0,0.0,0.0,0.1,0.4,7.4,8.8,13.2,9.1,18.0,13.2,16.1,6.6,4.0,11.7,5.9,10.6,13.4,16.0,68.2,54.2,110.0,64.3,115.3,29.8,26.1,82.1,32.7,58.0,71.1,138.5,54.8,58.9,79.6,114.1,167.2,166.8,170.0,160.1,155.5,98.7,59.4,50.4,2.3,2.8,7.1,11.0,13.8,18.1,20.5,18.8,17.4,14.3,9.6,7.7,-0.9,0.5,4.0,7.2,9.4,13.5,15.7,14.4,12.7,10.5,6.1,5.1,-4.1,-1.9,0.9,3.4,5.0,8.9,10.8,10.1,8.1,6.7,2.6,2.5
East Midlands,1980,19.0,5.2,9.8,3.1,1.2,0.0,0.0,0.0,0.0,2.2,7.3,9.7,10.1,13.9,16.1,3.6,5.2,17.6,10.1,10.6,9.5,15.4,13.1,11.2,67.1,83.2,89.5,15.6,29.4,111.8,60.5,91.3,61.3,110.5,72.5,57.9,57.4,41.0,76.2,157.5,215.7,143.3,138.1,140.0,135.7,105.9,56.2,58.2,4.4,8.1,7.3,12.9,15.8,17.6,18.3,19.6,18.1,11.9,8.4,8.0,1.6,5.1,4.1,8.2,10.4,13.4,14.0,15.4,14.2,8.3,5.9,5.0,-1.2,2.2,0.9,3.4,5.1,9.1,9.7,11.2,10.3,4.7,3.5,1.9
East Midlands,1981,12.4,19.4,3.2,4.7,1.4,0.0,0.0,0.0,0.0,3.5,3.4,23.2,11.6,7.9,19.7,8.1,16.7,6.7,7.7,5.0,13.9,15.7,10.5,12.2,52.7,53.2,130.5,63.6,81.1,38.0,35.6,54.0,127.7,90.8,54.6,78.4,41.8,61.3,57.7,117.1,128.1,143.7,151.8,178.8,155.1,112.1,48.1,39.4,7.0,5.3,10.1,11.1,15.0,16.8,19.7,20.7,18.6,11.3,10.2,2.6,4.1,2.3,7.3,7.1,10.8,12.9,15.2,15.8,14.0,7.7,7.0,-0.5,1.3,-0.6,4.5,3.2,6.6,8.9,10.8,10.9,9.4,4.1,3.8,-3.7
East Midlands,1982,14.4,9.5,6.1,3.5,1.9,0.0,0.0,0.0,0.0,0.8,4.7,14.0,11.9,8.2,14.9,4.9,7.3,17.0,4.1,13.3,10.5,13.1,16.2,11.1,60.7,33.4,94.2,24.7,32.6,133.6,28.3,83.2,71.2,73.6,96.5,76.6,47.2,40.0,135.6,164.2,216.9,139.8,157.7,156.2,137.4,68.9,56.3,37.5,5.1,7.3,9.4,12.9,16.5,19.3,20.7,19.5,18.4,12.8,9.8,6.8,1.9,4.3,5.5,8.1,10.9,15.0,16.0,15.3,13.7,9.5,7.2,3.7,-1.3,1.3,1.6,3.2,5.3,10.6,11.3,11.1,9.1,6.3,4.6,0.6
East Midlands,1983,4.5,20.9,4.4,5.4,0.0,0.0,0.0,0.0,0.0,4.3,6.3,7.9,14.0,8.1,13.8,16.9,18.9,5.3,6.3,4.6,12.5,11.4,5.4,14.0,80.0,30.2,55.3,107.7,111.6,21.9,43.8,27.2,89.2,64.7,42.6,94.9,49.0,59.9,75.4,133.4,106.7,164.3,221.5,214.8,106.7,108.1,36.2,50.8,8.9,3.7,9.2,10.4,13.5,18.2,24.7,22.2,16.7,13.4,9.6,8.0,6.1,1.0,5.9,6.2,9.7,13.7,18.9,16.8,13.1,9.8,6.9,5.1,3.2,-1.7,2.6,2.0,5.8,9.3,13.0,11.4,9.5,6.3,4.2,2.2
East Midlands,1984,14.2,13.5,7.4,7.8,2.1,0.0,0.0,0.0,0.0,0.8,1.1,10.3,18.5,9.9,9.7,2.9,8.3,7.6,4.7,8.1,13.8,12.8,16.1,13.5,114.1,51.8,55.6,8.7,58.7,44.8,18.3,62.1,104.3,74.4,127.1,54.5,66.9,50.8,48.6,213.4,159.3,203.8,246.9,194.6,107.3,95.1,41.9,54.9,5.9,5.7,7.1,13.1,14.2,18.9,22.3,22.5,16.7,14.2,9.9,7.5,3.0,2.8,4.2,7.5,9.3,14.0,16.3,17.1,13.2,10.5,7.4,4.6,0.1,-0.1,1.2,2.0,4.5,9.2,10.2,11.7,9.6,6.9,4.8,1.7
East Midlands,1985,24.9,15.3,13.7,3.1,0.0,0.0,0.0,0.0,0.0,0.1,13.5,6.8,11.1,4.3,12.9,11.7,10.6,14.7,10.8,15.5,5.7,5.4,11.6,14.8,55.6,28.5,50.1,61.5,72.2,95.1,62.1,85.9,28.8,46.4,66.3,101.6,44.7,76.3,103.6,120.7,158.2,162.2,185.0,152.9,126.9,88.4,76.8,34.1,3.2,4.7,8.0,11.8,14.5,16.3,20.1,18.0,18.6,13.9,6.5,8.3,0.4,1.6,4.1,7.8,10.2,11.9,15.7,14.2,14.2,10.5,3.5,5.8,-2.5,-1.6,0.3,3.9,5.9,7.5,11.2,10.4,9.8,7.0,0.4,3.2
East Midlands,1986,15.9,25.1,9.6,7.1,0.0,0.0,0.0,0.0,0.6,1.2,1.3,8.1,17.7,3.6,14.1,13.9,14.0,5.7,8.9,12.5,2.0,12.6,13.9,17.5,108.2,16.7,65.7,82.8,79.7,37.3,42.8,115.4,17.0,77.5,95.0,113.2,57.5,72.1,113.8,117.3,180.9,192.2,167.8,125.1,166.3,107.0,76.5,50.5,5.5,0.7,8.3,9.0,14.9,19.1,20.0,17.0,15.8,14.2,10.5,8.5,2.8,-1.8,4.6,5.3,10.7,14.1,15.4,13.1,10.8,10.2,7.1,5.5,0.0,-4.2,0.8,1.6,6.5,9.1,10.9,9.2,5.7,6.3,3.8,2.4
East Midlands,1987,20.7,14.4,16.5,0.3,0.7,0.0,0.0,0.0,0.0,2.9,3.3,8.2,5.3,8.5,12.9,9.2,10.3,18.1,10.1,9.5,10.1,16.5,10.2,7.3,24.1,45.0,76.0,61.1,41.2,112.5,56.4,60.5,54.2,134.1,64.5,44.0,52.6,59.1,94.4,150.6,174.9,107.3,158.7,138.1,141.3,101.7,41.6,27.8,2.7,6.4,6.9,14.3,14.1,16.3,19.7,19.5,17.3,12.7,8.4,7.6,0.3,3.2,3.6,9.8,9.5,12.3,15.4,15.2,13.1,9.0,6.0,5.1,-2.3,-0.1,0.3,5.2,5.0,8.4,11.1,10.9,8.9,5.3,3.6,2.7
East Midlands,1988,5.2,8.8,6.0,5.1,0.0,0.0,0.0,0.0,0.0,2.8,14.4,2.0,18.9,10.2,15.7,8.4,11.9,7.1,17.4,11.1,8.1,11.9,5.6,7.1,124.1,53.6,87.4,34.9,51.8,45.6,120.4,71.5,47.3,68.5,39.2,36.2,49.6,104.8,92.7,113.0,183.2,157.7,138.4,173.7,135.6,96.1,80.5,39.6,7.3,7.4,9.2,11.7,16.0,18.5,18.0,19.2,16.6,13.3,8.6,9.5,4.7,4.3,5.8,7.6,11.2,13.9,14.3,14.8,12.7,9.9,4.7,6.9,2.1,1.2,2.5,3.6,6.4,9.4,10.7,10.3,8.9,6.5,0.8,4.4
East Midlands,1989,5.8,7.2,4.6,7.6,0.1,0.1,0.0,0.0,0.0,0.0,8.0,6.4,8.2,12.1,13.4,14.5,4.4,7.7,5.5,7.7,5.6,13.3,7.4,12.7,34.0,67.6,67.9,91.5,25.0,54.9,42.5,45.7,35.9,82.8,50.3,127.7,60.8,91.9,102.3,122.4,255.6,224.2,255.6,236.4,129.4,86.8,77.0,20.5,8.6,8.9,10.8,9.8,18.1,19.7,23.1,21.4,18.5,14.7,9.0,6.9,5.6,5.4,6.9,5.9,12.5,14.1,17.6,16.1,14.1,11.1,5.8,4.4,2.7,1.9,3.0,2.1,6.9,8.4,12.0,10.8,9.7,7.6,2.5,1.9
East Midlands,1990,3.5,1.8,4.4,7.4,0.0,0.0,0.0,0.0,0.0,0.4,3.6,10.7,17.2,16.0,5.3,8.6,4.0,13.0,5.8,6.3,8.1,12.9,10.1,12.8,107.0,112.6,20.3,32.0,17.6,61.0,28.6,37.7,42.8,90.7,47.6,85.6,58.4,74.5,141.2,192.7,233.6,107.7,258.9,209.0,139.5,94.7,52.5,42.7,9.0,10.0,11.9,12.7,17.9,17.2,22.2,23.2,17.1,14.6,9.0,6.5,6.1,6.9,7.9,7.5,12.1,13.2,16.4,17.8,12.7,11.4,6.3,3.9,3.2,3.9,3.9,2.2,6.3,9.2,10.6,12.4,8.2,8.1,3.6,1.3
East Midlands,1991,16.7,20.1,4.2,4.4,0.3,0.3,0.0,0.0,0.0,0.6,5.1,10.8,11.7,9.0,11.8,9.6,3.3,17.5,8.9,4.7,8.1,8.7,11.5,6.1,75.9,49.0,59.6,63.0,11.4,80.1,71.8,21.2,55.4,54.2,77.0,42.3,66.6,54.0,73.7,137.5,128.2,126.0,192.0,205.5,171.0,78.2,49.1,35.0,5.4,4.5,10.8,11.5,14.6,15.6,21.7,21.9,19.4,12.7,9.1,7.0,2.6,1.2,7.4,7.4,10.4,11.6,17.0,16.6,14.2,9.6,6.1,4.1,-0.2,-2.1,4.0,3.4,6.4,7.5,12.3,11.4,9.0,6.4,3.1,1.1
East Midlands,1992,15.1,8.1,1.7,2.1,0.1,0.0,0.0,0.0,0.0,4.5,3.0,14.4,5.6,8.8,15.2,12.5,7.9,6.7,11.5,15.2,13.4,10.7,16.7,8.8,58.8,33.5,69.3,55.9,58.2,45.6,87.6,119.3,83.3,74.5,113.9,64.0,38.0,60.9,70.2,122.1,243.4,191.6,154.9,167.9,108.8,85.9,56.2,35.2,5.7,8.5,10.3,12.3,18.5,20.6,20.0,19.2,16.5,10.4,10.1,5.8,3.0,5.1,6.9,8.3,13.0,15.3,15.8,14.9,12.8,7.1,6.8,3.0,0.4,1.7,3.5,4.3,7.5,10.0,11.6,10.7,9.1,3.9,3.4,0.2
East Midlands,1993,6.2,6.9,8.5,1.6,0.5,0.0,0.0,0.0,0.0,6.0,12.4,8.9,16.2,2.6,4.0,13.1,10.9,9.7,13.4,8.0,13.2,10.1,7.6,19.7,87.4,9.9,17.3,83.4,77.2,64.6,77.8,44.7,101.3,75.4,60.7,132.7,33.3,47.7,108.7,101.7,170.8,190.1,173.1,176.8,85.1,100.1,46.3,45.4,8.5,6.8,9.9,12.6,15.4,19.4,19.2,18.8,15.6,11.0,6.8,7.6,5.2,4.3,6.1,8.9,10.9,14.4,14.8,14.0,11.8,7.7,4.1,4.8,2.0,1.8,2.3,5.2,6.3,9.5,10.5,9.2,8.0,4.3,1.4,2.0
East Midlands,1994,8.9,15.0,1.7,2.7,0.1,0.0,0.0,0.0,0.0,1.0,0.9,7.6,16.2,11.6,15.0,12.7,10.3,6.1,7.2,9.2,14.8,12.4,11.9,15.1,95.7,67.7,72.4,57.1,56.6,25.3,42.1,55.7,113.6,70.7,75.8,109.6,66.4,57.4,118.1,164.0,139.1,201.9,215.8,170.7,105.5,105.8,42.0,51.2,7.5,5.4,10.5,11.7,14.1,18.8,23.2,19.9,15.6,13.2,11.9,8.9,4.6,2.5,7.2,7.7,10.0,14.1,17.6,15.4,12.1,9.4,9.3,5.8,1.8,-0.3,3.8,3.8,6.0,9.3,11.9,11.1,8.7,5.7,6.8,2.7
East Midlands,1995,11.5,3.7,14.6,4.1,1.6,0.0,0.0,0.0,0.0,0.4,6.2,16.9,17.2,16.3,12.9,4.6,8.1,4.1,5.5,2.9,13.7,6.3,11.7,10.8,131.3,87.8,54.2,21.4,47.7,14.9,30.1,8.3,97.7,38.2,65.2,77.2,52.6,72.3,161.8,175.5,194.1,188.5,220.2,264.0,121.1,122.8,65.9,39.7,7.2,9.0,9.0,13.0,16.3,18.6,23.8,24.8,17.2,16.2,10.1,4.0,4.1,5.9,4.9,8.5,11.2,13.7,18.2,18.5,13.1,12.4,7.1,1.7,0.9,2.8,0.9,4.0,6.1,8.8,12.6,12.2,9.0,8.6,4.0,-0.6
East Midlands,1996,9.4,19.9,10.2,5.9,4.0,0.0,0.0,0.0,0.0,0.1,13.9,16.2,8.9,13.3,8.1,7.8,8.8,5.6,8.0,10.8,5.2,13.9,15.0,7.4,45.0,66.7,38.8,48.1,44.3,29.5,36.9,68.7,23.1,65.6,95.4,55.3,14.9,78.5,52.1,121.3,166.3,236.4,225.2,180.2,123.7,106.2,84.6,45.4,5.3,5.1,6.6,12.5,13.1,19.5,21.5,21.2,17.3,14.6,8.5,4.9,3.7,2.0,3.9,8.1,8.6,13.9,16.1,16.2,13.1,10.9,5.2,2.4,2.0,-1.1,1.1,3.6,4.2,8.2,10.7,11.2,8.8,7.3,2.0,-0.1
East Midlands,1997,19.9,4.3,2.6,4.5,1.1,0.0,0.0,0.0,0.0,6.2,2.4,7.3,3.6,14.3,6.4,4.6,12.3,16.9,10.1,12.3,6.2,7.6,16.2,12.9,12.1,89.6,24.0,27.4,75.7,119.6,46.9,86.1,28.2,59.2,88.4,76.3,40.2,67.1,124.4,147.9,233.7,125.6,217.7,180.5,143.0,128.1,37.5,37.9,4.7,9.4,11.9,13.2,16.2,17.6,21.4,23.6,17.8,13.6,10.8,8.0,1.9,6.2,7.9,8.5,10.9,13.6,16.3,18.6,13.6,9.5,8.0,5.3,-1.0,3.0,3.9,3.8,5.8,9.6,11.3,13.5,9.4,5.3,5.1,2.6
East Midlands,1998,9.8,4.4,3.8,4.1,0.1,0.0,0.0,0.0,0.0,0.9,6.7,10.8,13.3,4.7,11.6,18.4,5.3,18.4,9.3,7.4,11.7,17.3,12.2,15.6,95.4,17.6,84.4,117.0,23.9,119.0,40.0,46.6,81.7,140.6,60.5,70.6,46.6,89.1,77.3,115.2,193.8,126.7,150.2,198.2,112.5,96.5,65.7,38.5,7.3,10.6,11.0,11.0,17.4,17.6,19.2,20.4,18.1,13.2,8.5,8.2,4.6,7.0,7.5,7.3,12.5,13.8,15.1,15.5,14.3,10.0,5.4,4.9,1.9,3.5,4.0,3.7,7.6,10.0,11.0,10.6,10.5,6.7,2.3,1.7
East Midlands,1999,6.5,8.1,2.6,3.9,0.0,0.0,0.0,0.0,0.0,0.4,1.7,10.1,18.4,10.3,13.3,13.8,10.9,11.8,4.1,13.3,14.7,10.3,9.2,19.9,114.9,43.0,67.9,70.1,62.4,76.1,21.5,99.2,104.5,79.1,47.7,117.5,59.1,79.4,102.1,145.5,148.5,184.4,232.9,144.7,156.6,120.1,68.7,55.3,8.1,7.8,10.4,13.3,16.9,18.1,22.6,20.2,19.8,14.0,10.1,7.3,5.1,4.7,6.9,9.0,12.6,13.4,17.3,15.8,15.2,10.2,7.2,4.1,2.0,1.7,3.4,4.8,8.2,8.7,11.9,11.3,10.6,6.4,4.3,1.1
East Midlands,2000,10.6,5.8,5.9,4.7,0.0,0.0,0.0,0.0,0.0,0.1,1.6,9.2,7.2,15.8,5.7,18.7,11.7,8.1,10.4,11.3,14.5,18.0,18.2,16.5,37.6,78.1,32.5,137.9,73.0,42.1,54.9,56.3,115.3,145.2,143.9,116.6,69.1,96.5,118.2,133.7,187.7,153.8,150.2,188.2,113.1,85.9,54.9,47.9,7.6,9.1,10.8,11.5,16.2,19.1,19.3,21.2,18.3,13.2,9.4,7.4,4.5,5.6,7.0,7.4,11.5,14.7,14.9,16.3,14.3,9.8,6.4,5.0,1.3,2.2,3.2,3.4,6.9,10.2,10.5,11.4,10.3,6.4,3.4,2.6
East Midlands,2001,16.3,15.0,10.4,3.3,0.2,0.0,0.0,0.0,0.0,0.0,5.7,18.7,10.0,12.2,13.0,16.0,7.3,6.2,8.5,13.3,13.6,16.2,9.8,7.1,51.1,81.5,71.4,94.0,53.5,37.2,69.1,75.1,66.9,115.9,45.8,32.7,73.1,89.9,91.6,125.7,211.1,187.5,183.0,173.9,101.4,102.3,63.0,73.2,5.5,7.6,8.0,11.3,17.2,18.6,21.5,21.1,16.5,16.0,10.5,6.3,2.7,4.0,4.6,7.2,12.0,13.8,16.7,16.5,12.9,12.9,6.9,3.0,-0.1,0.3,1.3,3.2,6.9,9.1,11.9,11.9,9.3,9.8,3.4,-0.2
East Midlands,2002,8.6,4.5,5.1,3.7,0.0,0.0,0.0,0.0,0.0,1.8,0.3,5.5,12.8,17.4,8.0,8.0,13.5,8.9,12.7,8.7,3.2,14.5,19.3,16.2,66.4,117.0,37.6,45.4,74.7,46.4,93.5,62.9,30.3,126.4,115.3,110.2,38.4,75.8,112.6,188.5,174.6,168.0,163.3,149.3,148.8,92.7,48.3,35.0,8.1,9.7,11.1,13.8,15.7,18.5,20.2,21.2,18.4,13.1,10.7,7.1,5.0,6.5,7.1,8.9,11.5,14.0,15.6,16.7,13.9,9.4,7.9,5.1,1.8,3.2,3.1,3.9,7.3,9.5,10.9,12.1,9.3,5.7,5.1,3.2
East Midlands,2003,11.8,15.5,8.2,4.6,0.2,0.0,0.0,0.0,0.0,4.3,3.8,14.4,12.3,5.4,6.0,7.9,14.0,9.3,10.5,3.1,5.0,7.7,12.3,12.2,64.6,28.2,32.8,41.4,65.5,67.1,64.0,15.9,28.8,47.5,69.9,85.6,70.6,91.3,163.6,183.2,191.9,206.8,170.4,197.6,164.1,134.0,64.8,53.2,6.8,7.1,12.1,14.4,16.2,20.9,21.8,23.1,19.7,12.9,10.8,7.5,4.1,3.4,7.1,9.3,11.7,15.7,17.1,17.8,14.0,8.7,7.6,4.4,1.4,-0.2,2.1,4.1,7.2,10.6,12.4,12.4,8.4,4.4,4.5,1.2
East Midlands,2004,10.7,11.7,6.1,0.9,0.0,0.0,0.0,0.0,0.0,0.0,5.1,8.5,16.8,8.7,10.7,13.5,8.8,9.0,11.0,17.6,10.7,17.0,9.4,8.3,98.0,40.6,41.0,87.0,42.8,51.7,60.2,155.0,51.3,121.3,46.4,43.9,49.0,88.8,99.9,129.2,190.3,194.7,158.7,168.7,159.4,92.6,46.5,55.6,7.6,7.9,9.9,13.4,16.8,19.9,20.0,21.6,18.5,13.4,10.0,8.2,4.8,5.0,6.2,9.2,11.8,15.1,15.5,17.2,14.4,10.1,7.2,5.1,1.9,2.1,2.4,5.1,6.9,10.5,10.9,12.8,10.2,6.8,4.5,2.0
East Midlands,2005,4.7,10.9,8.6,2.5,1.2,0.0,0.0,0.0,0.0,0.0,12.5,12.4,9.6,9.9,9.3,12.3,8.8,9.0,7.7,9.3,9.9,13.5,10.8,8.8,42.4,44.6,47.5,61.8,37.9,54.4,61.3,53.3,62.2,95.6,65.5,55.9,52.7,68.4,73.4,139.4,218.8,186.7,175.6,207.4,151.1,72.5,90.0,55.5,8.5,6.7,10.1,13.0,15.8,20.2,20.9,21.1,19.4,15.6,9.4,7.2,5.6,3.9,6.8,8.6,11.0,15.2,16.4,16.0,14.8,12.6,5.7,4.1,2.6,1.2,3.4,4.2,6.3,10.3,12.0,10.8,10.2,9.6,2.1,1.0
East Midlands,2006,10.6,12.0,12.9,3.5,0.0,0.0,0.0,0.0,0.0,0.0,3.7,5.1,6.1,8.6,14.9,10.0,16.6,4.6,7.3,14.5,10.6,14.2,13.4,13.8,22.3,41.7,77.7,43.7,104.1,16.4,49.4,84.8,75.4,94.7,82.8,101.0,46.5,71.0,94.3,151.3,171.2,212.6,290.1,140.7,152.9,90.8,94.6,41.8,6.3,6.2,7.9,12.4,16.4,21.3,25.7,20.1,20.8,15.8,11.2,8.6,3.9,3.4,4.5,8.3,12.0,15.9,19.5,15.9,16.3,12.4,7.6,6.0,1.4,0.7,1.1,4.2,7.5,10.5,13.3,11.7,11.9,9.0,3.9,3.4
East Midlands,2007,4.4,8.0,3.4,0.3,0.0,0.0,0.0,0.0,0.0,0.4,5.6,11.8,15.7,16.4,8.8,1.9,14.5,15.3,17.9,7.1,7.0,5.8,10.2,11.5,91.7,85.1,55.3,8.7,112.4,166.9,143.4,40.9,38.3,41.6,64.6,78.0,63.8,70.8,147.5,216.1,155.7,147.3,178.7,200.9,143.7,104.7,68.2,45.3,9.5,8.7,10.8,16.4,15.9,19.2,19.0,20.2,17.9,14.3,10.4,7.4,6.6,5.5,6.8,10.9,11.5,14.8,15.0,15.4,13.6,10.5,6.9,4.5,3.7,2.4,2.7,5.5,7.2,10.5,11.0,10.7,9.3,6.8,3.5,1.6
East Midlands,2008,3.5,12.6,6.5,5.8,0.1,0.0,0.0,0.0,0.0,2.7,5.1,15.7,17.9,6.1,14.2,14.6,8.1,8.8,13.6,16.5,12.2,11.2,13.3,8.1,127.0,37.0,84.4,62.9,59.8,52.9,98.2,102.8,104.1,78.8,76.3,54.7,48.9,115.7,119.2,134.9,174.6,194.9,184.3,117.9,106.7,127.5,57.7,65.7,9.2,9.3,9.4,11.8,17.7,18.5,20.7,19.8,17.1,13.2,9.3,6.1,6.2,4.9,5.7,7.6,12.9,13.9,16.1,16.1,13.2,9.4,6.6,3.3,3.1,0.6,2.1,3.4,8.1,9.3,11.5,12.4,9.3,5.5,3.9,0.4
East Midlands,2009,15.7,13.1,5.5,0.5,0.0,0.0,0.0,0.0,0.0,0.0,0.1,15.4,11.7,7.7,6.6,9.1,10.7,8.6,19.1,10.9,3.2,10.5,22.4,15.8,66.1,40.6,32.3,40.5,57.0,68.3,127.4,53.5,23.7,57.2,141.0,73.8,55.7,54.5,153.0,160.8,205.9,189.2,175.5,171.3,137.8,90.9,68.2,62.9,5.7,6.6,10.9,14.4,16.5,19.6,20.2,20.8,18.2,14.7,10.8,5.4,2.7,3.8,6.7,9.6,11.7,14.6,15.9,16.4,13.9,11.0,8.1,2.6,-0.4,1.0,2.4,4.8,7.0,9.5,11.5,12.0,9.7,7.3,5.3,-0.2
East Midlands,2010,18.7,16.4,10.5,2.6,1.4,0.0,0.0,0.0,0.0,2.5,10.6,23.4,12.6,13.7,10.1,6.0,6.3,7.1,10.3,14.1,12.1,10.6,12.7,7.2,61.2,56.1,50.2,24.9,31.6,40.2,53.3,98.4,67.4,65.0,71.3,27.6,60.9,54.1,129.4,190.0,197.8,233.6,140.1,147.9,129.2,117.7,69.4,46.5,3.5,5.2,9.9,14.0,15.6,20.6,21.3,19.5,17.7,13.5,7.7,2.2,1.0,2.4,5.8,8.7,10.7,15.1,16.9,15.1,13.5,9.9,4.7,-1.0,-1.5,-0.4,1.8,3.5,5.8,9.7,12.5,10.7,9.4,6.2,1.8,-4.1
East Midlands,2011,14.7,2.8,7.1,0.1,0.5,0.0,0.0,0.0,0.0,0.2,0.7,5.7,10.5,12.8,2.9,2.1,9.5,10.8,9.4,10.3,10.1,10.6,9.3,16.2,56.7,72.5,12.0,7.9,54.0,55.8,48.5,57.1,41.5,52.7,42.9,93.4,52.2,45.9,134.1,209.0,194.9,196.1,172.0,141.4,144.5,116.5,54.8,50.5,6.1,8.9,10.9,17.2,16.7,18.9,20.2,19.9,19.3,16.1,11.9,8.4,3.4,6.1,6.5,11.6,11.9,13.7,15.2,15.4,14.9,12.2,8.9,5.5,0.7,3.4,2.2,6.0,7.2,8.7,10.1,10.9,10.5,8.2,6.0,2.6
East Midlands,2012,9.4,13.3,2.7,5.0,0.6,0.0,0.0,0.0,0.0,1.4,5.7,10.6,11.8,5.4,5.1,20.1,8.5,18.0,17.2,14.8,10.0,14.0,12.8,17.8,62.7,29.1,22.9,140.2,51.7,151.9,112.6,88.1,87.5,86.8,113.2,137.4,69.7,69.1,167.6,116.8,196.2,107.1,162.4,149.4,155.1,96.3,65.2,58.1,8.2,7.0,12.9,11.0,16.2,17.1,19.4,20.6,17.2,12.4,9.2,7.3,5.1,3.7,8.0,6.9,11.5,13.3,15.3,16.3,12.6,9.0,6.1,4.2,1.9,0.5,3.1,2.9,6.8,9.6,11.1,11.9,8.1,5.6,3.0,1.2
East Midlands,2013,16.0,16.3,19.9,8.7,0.5,0.0,0.0,0.0,0.0,0.0,5.4,2.2,12.5,6.6,10.3,6.1,12.5,8.4,7.3,7.9,8.7,18.9,11.6,14.6,64.2,45.5,65.1,21.9,78.5,36.2,67.3,52.6,44.8,132.9,58.8,89.6,43.6,72.8,77.7,160.9,184.1,180.9,269.9,174.0,122.9,85.4,77.6,57.4,5.5,5.5,5.2,11.7,14.9,18.2,24.0,21.4,17.8,15.1,9.1,9.2,3.1,2.7,2.2,7.2,10.2,13.5,18.2,16.7,13.5,12.0,5.9,5.9,0.6,-0.1,-0.8,2.6,5.5,8.9,12.4,11.9,9.2,9.0,2.6,2.6
East Midlands,2014,4.8,1.8,4.5,0.7,0.6,0.0,0.0,0.0,0.0,0.0,2.9,11.6,23.5,17.0,10.6,9.4,15.9,9.2,7.6,15.0,3.3,15.6,15.7,10.6,148.8,108.6,47.4,46.2,102.7,51.4,48.6,102.5,13.6,85.0,92.8,72.7,57.6,83.9,138.9,138.3,162.0,194.9,247.8,180.7,127.2,83.3,52.3,75.4,8.1,8.6,11.8,14.1,16.3,19.9,23.0,19.2,19.4,15.3,10.8,7.9,5.1,5.7,7.3,9.8,12.0,15.0,17.5,14.8,14.7,11.9,7.9,4.8,2.2,2.9,2.9,5.6,7.8,10.1,12.0,10.4,9.9,8.5,5.0,1.8
East Midlands,2015,12.2,11.2,5.5,1.8,0.2,0.0,0.0,0.0,0.0,0.0,2.8,0.3,15.4,8.3,10.1,6.6,13.0,6.1,12.7,11.3,8.6,8.2,18.9,19.4,75.5,41.0,52.4,23.3,79.2,37.3,65.9,80.4,41.6,57.4,107.5,120.7,72.5,77.4,121.0,218.5,173.3,219.7,185.7,147.8,163.3,85.5,35.2,34.0,7.2,6.8,10.0,14.3,14.8,19.1,20.4,20.2,17.0,14.3,12.0,12.1,4.0,3.7,6.1,9.0,10.6,13.9,15.6,15.8,12.3,10.6,9.0,9.3,0.9,0.6,2.2,3.6,6.4,8.6,10.8,11.3,7.6,6.8,5.9,6.5
East Midlands,2016,7.9,11.2,7.6,5.4,0.3,0.0,0.0,0.0,0.0,0.0,6.1,7.9,17.9,10.0,10.1,15.4,9.9,15.3,8.1,10.0,10.8,6.1,10.7,7.2,98.8,70.1,82.8,62.2,55.2,99.2,35.0,64.7,58.2,28.0,96.6,34.1,44.6,99.1,116.8,165.5,205.3,124.8,187.6,202.9,132.7,107.5,80.7,52.8,8.1,8.0,9.2,11.6,17.0,19.1,21.2,21.4,19.7,14.0,8.5,8.8,5.0,4.6,5.3,7.2,12.0,14.9,16.6,16.8,15.7,10.4,5.4,5.6,2.0,1.1,1.5,2.7,7.1,10.8,12.1,12.1,11.6,6.7,2.2,2.4
East Midlands,2017,15.2,4.8,1.2,2.1,0.2,0.0,0.0,0.0,0.0,0.5,6.0,11.9,11.4,12.4,12.2,4.5,10.4,9.6,12.9,11.4,17.9,7.3,10.5,14.9,59.0,55.9,66.8,16.3,55.8,66.2,79.9,67.9,84.6,46.2,55.0,87.6,51.1,48.8,124.7,175.4,197.7,173.7,176.7,175.2,114.0,83.0,82.0,55.4,6.5,8.3,12.1,13.5,17.7,20.3,21.3,19.8,17.3,15.2,9.8,7.3,3.6,5.7,8.3,8.7,12.9,15.8,16.6,15.4,13.3,12.0,6.5,4.4,0.7,3.1,4.4,3.9,8.1,11.4,11.9,11.0,9.2,8.9,3.1,1.6
East Midlands,2018,7.1,15.4,11.5,0.6,0.3,0.0,0.0,0.0,0.1,3.2,2.8,3.9,17.0,9.7,17.9,12.7,8.0,2.3,5.2,8.9,8.4,8.0,10.9,15.2,82.6,37.0,105.1,79.1,55.1,11.4,30.7,55.5,60.9,54.2,62.5,92.7,54.1,96.6,75.5,114.1,249.8,232.1,268.0,167.0,147.7,124.2,62.9,44.3,7.6,5.5,7.8,13.1,18.7,21.5,25.4,21.4,18.0,14.3,10.6,9.1,4.8,2.5,4.5,9.4,13.0,15.9,19.0,16.6,13.5,10.2,7.6,6.4,2.0,-0.5,1.1,5.7,7.4,10.4,12.6,11.9,9.0,6.2,4.6,3.7
East Midlands,2019,14.3,8.0,1.2,5.2,0.2,0.0,0.0,0.0,0.0,0.8,4.9,6.1,7.6,7.8,13.1,7.0,9.0,14.2,9.1,11.3,13.1,17.0,19.5,15.3,32.2,38.5,83.8,35.9,42.6,124.1,78.9,80.2,115.0,129.0,125.1,88.2,51.5,118.1,130.7,168.5,196.0,145.2,186.8,199.8,166.4,86.3,45.3,56.4,6.4,11.0,11.3,13.9,16.1,18.4,22.3,21.7,18.5,13.0,8.4,8.2,3.6,6.3,7.6,8.7,11.0,14.0,17.4,17.0,14.0,9.6,5.9,5.3,0.9,1.7,3.9,3.5,6.0,9.6,12.5,12.3,9.4,6.1,3.3,2.5
East Midlands,2020,3.6,3.2,6.9,1.4,1.8,0.0,0.0,0.0,0.0,0.0,3.3,8.6,10.2,19.8,9.3,5.6,1.8,14.9,11.5,13.0,6.2,18.5,12.5,18.8,64.5,162.0,44.4,28.2,6.7,93.1,66.5,118.3,35.7,127.7,53.8,126.6,54.7,79.0,150.6,233.9,293.5,172.0,152.3,150.9,169.8,64.1,57.5,47.6,8.8,9.3,10.4,15.9,18.3,19.7,19.9,21.6,18.5,13.2,11.1,7.1,6.1,6.0,6.3,10.2,12.3,15.0,15.6,17.2,13.8,10.0,8.0,4.5,3.4,2.7,2.1,4.6,6.3,10.4,11.3,12.9,9.0,6.9,4.9,1.9
East Midlands,2021,17.3,11.6,4.3,13.8,1.5,0.0,0.0,0.0,0.0,0.0,5.5,4.8,16.3,12.1,8.5,3.1,17.2,6.7,12.1,8.1,8.5,12.7,6.3,15.8,124.5,64.2,45.0,13.5,119.0,36.7,79.7,42.9,59.5,105.0,34.5,86.4,39.4,74.5,105.2,220.3,156.5,185.0,199.5,118.8,141.7,94.2,62.2,28.2,5.4,7.9,10.7,11.6,14.4,20.2,22.6,19.7,20.3,15.0,10.3,8.4,2.7,4.7,7.0,6.1,9.9,15.4,17.7,15.8,15.7,11.8,7.1,5.9,0.0,1.5,3.3,0.6,5.3,10.6,12.9,11.8,11.2,8.5,3.8,3.4
East Midlands,2022,13.2,2.1,4.2,5.9,0.0,0.0,0.0,0.0,0.0,0.0,0.5,13.4,7.3,14.7,7.4,5.7,12.1,7.9,5.9,4.7,11.3,16.3,16.4,12.1,28.7,111.4,41.2,23.9,50.4,45.7,23.7,30.6,62.4,108.5,123.5,71.5,80.7,80.5,164.0,177.8,160.0,211.5,198.5,234.7,119.9,132.1,56.1,59.2,7.7,9.9,11.9,13.8,17.3,20.1,23.5,24.2,18.6,16.2,11.4,6.3,4.3,6.5,7.4,8.8,12.8,14.8,18.1,18.3,14.1,12.4,8.6,3.2,0.9,3.0,2.8,3.8,8.3,9.5,12.6,12.5,9.7,8.7,5.9,0.0
East Midlands,2023,9.9,8.0,5.8,3.3,0.0,0.0,0.0,0.0,0.0,0.2,4.4,5.9,12.3,3.5,20.4,12.6,7.5,6.9,16.5,12.3,12.0,15.1,14.3,20.5,76.7,12.5,118.3,64.1,35.0,48.5,120.1,59.9,74.8,152.0,87.2,150.7,77.8,86.1,76.2,153.0,219.5,240.9,144.5,161.9,150.2,90.2,77.2,25.3,7.9,9.7,9.9,12.6,17.4,22.4,20.1,20.4,21.1,15.5,10.0,9.1,4.8,6.2,6.7,8.3,12.3,16.7,15.9,16.1,16.5,11.9,7.0,6.6,1.7,2.6,3.4,4.0,7.3,11.0,11.7,11.7,11.9,8.3,4.0,4.1
East Midlands,2024,9.4,3.4,2.7,1.3,0.0,0.0,0.0,0.0,0.0,0.5,7.0,0.5,8.9,14.7,17.2,15.1,11.6,7.0,9.7,8.2,14.2,12.8,8.7,12.4,75.5,120.3,96.5,79.9,81.7,34.1,72.2,34.3,159.8,81.9,77.5,86.4,67.1,52.3,90.9,124.2,161.3,197.1,179.4,172.0,111.0,97.5,57.4,28.3,7.2,10.5,11.1,13.1,18.1,18.8,20.9,21.3,17.4,14.5,9.7,9.1,4.3,7.4,7.6,9.2,13.7,14.0,16.1,16.6,13.6,11.0,6.8,6.6,1.5,4.3,4.2,5.2,9.3,9.1,11.2,11.9,9.8,7.5,3.9,4.1
East Midlands,2025,15.4,6.3,8.7,1.5,0.2,0.0,0.0,0.0,0.0,0.0,6.1,3.0,9.5,10.7,3.5,4.0,6.1,8.2,9.5,6.1,13.5,11.3,16.8,13.7,85.4,40.9,15.1,19.8,31.9,38.0,52.1,22.8,98.2,70.4,143.0,99.1,68.6,67.4,181.5,245.4,248.9,230.4,201.1,192.8,151.2,64.0,72.6,52.0,5.8,7.7,12.6,16.2,18.7,22.3,23.2,22.7,18.2,13.9,10.9,8.9,2.8,4.8,7.5,10.3,12.9,17.0,18.1,17.5,13.7,11.0,7.9,6.3,-0.1,2.0,2.4,4.4,7.1,11.8,13.0,12.3,9.2,8.0,4.9,3.6
East Midlands,2026,11.7,3.0,1.5,1.1,0.4,0.0,,,,,,,19.0,19.3,7.5,5.7,9.2,11.4,,,,,,,108.2,119.2,43.4,20.4,48.6,61.5,,,,,,,56.2,38.9,139.7,228.7,224.5,202.7,,,,,,,6.5,8.7,11.9,15.4,18.8,22.2,,,,,,,3.7,6.4,7.9,9.9,13.4,17.3,,,,,,,1.0,4.2,3.8,4.4,7.9,12.4,,,,,,
North East,1836,,,,,,,,,,,,,,,,,,,,,,,,,43.7,56.1,91.2,48.0,9.6,71.1,82.1,45.5,71.2,79.7,122.5,59.9,,,,,,,,,,,,,,,,,,,,,,,,,,,,,,,,,,,,,,,,,,,,,,,,
North East,1837,,,,,,,,,,,,,,,,,,,,,,,,,74.3,61.6,38.0,58.3,29.5,49.8,92.2,59.8,49.5,60.0,48.2,96.0,,,,,,,,,,,,,,,,,,,,,,,,,,,,,,,,,,,,,,,,,,,,,,,,
North East,1838,,,,,,,,,,,,,,,,,,,,,,,,,42.9,40.6,50.0,46.9,75.3,85.1,72.1,76.3,67.5,65.2,67.6,28.4,,,,,,,,,,,,,,,,,,,,,,,,,,,,,,,,,,,,,,,,,,,,,,,,
North East,1839,,,,,,,,,,,,,,,,,,,,,,,,,42.9,37.8,76.4,20.6,17.0,110.9,113.8,81.4,92.0,77.1,102.5,66.4,,,,,,,,,,,,,,,,,,,,,,,,,,,,,,,,,,,,,,,,,,,,,,,,
North East,1840,,,,,,,,,,,,,,,,,,,,,,,,,73.7,45.5,15.4,15.5,79.5,52.8,91.0,57.3,77.2,46.7,94.3,25.9,,,,,,,,,,,,,,,,,,,,,,,,,,,,,,,,,,,,,,,,,,,,,,,,
North East,1841,,,,,,,,,,,,,,,,,,,,,,,,,53.9,41.0,43.6,36.0,56.1,60.7,89.6,82.5,83.4,133.0,78.2,62.3,,,,,,,,,,,,,,,,,,,,,,,,,,,,,,,,,,,,,,,,,,,,,,,,
North East,1842,,,,,,,,,,,,,,,,,,,,,,,,,66.4,30.2,60.5,14.5,53.6,39.0,71.5,40.6,70.3,40.3,79.2,24.4,,,,,,,,,,,,,,,,,,,,,,,,,,,,,,,,,,,,,,,,,,,,,,,,
North East,1843,,,,,,,,,,,,,,,,,,,,,,,,,36.0,69.4,23.4,72.7,93.9,62.3,77.3,67.3,15.7,104.5,68.2,11.1,,,,,,,,,,,,,,,,,,,,,,,,,,,,,,,,,,,,,,,,,,,,,,,,
North East,1844,,,,,,,,,,,,,,,,,,,,,,,,,47.0,53.7,59.7,14.9,10.2,53.3,75.9,58.8,59.1,46.7,65.9,15.5,,,,,,,,,,,,,,,,,,,,,,,,,,,,,,,,,,,,,,,,,,,,,,,,
North East,1845,,,,,,,,,,,,,,,,,,,,,,,,,36.9,27.9,57.9,46.9,71.7,80.3,77.0,145.4,56.4,99.0,45.1,82.6,,,,,,,,,,,,,,,,,,,,,,,,,,,,,,,,,,,,,,,,,,,,,,,,
North East,1846,,,,,,,,,,,,,,,,,,,,,,,,,69.8,22.4,52.3,122.0,42.7,54.5,96.9,74.8,40.3,131.6,53.0,65.9,,,,,,,,,,,,,,,,,,,,,,,,,,,,,,,,,,,,,,,,,,,,,,,,
North East,1847,,,,,,,,,,,,,,,,,,,,,,,,,43.5,35.2,31.5,47.2,122.3,62.8,28.4,40.3,36.5,80.6,66.5,110.7,,,,,,,,,,,,,,,,,,,,,,,,,,,,,,,,,,,,,,,,,,,,,,,,
North East,1848,,,,,,,,,,,,,,,,,,,,,,,,,36.6,119.4,103.9,50.8,25.1,136.8,71.5,88.1,83.2,138.4,50.0,54.0,,,,,,,,,,,,,,,,,,,,,,,,,,,,,,,,,,,,,,,,,,,,,,,,
North East,1849,,,,,,,,,,,,,,,,,,,,,,,,,74.4,22.1,34.6,82.8,59.5,39.0,79.9,63.4,75.8,90.6,53.1,92.0,,,,,,,,,,,,,,,,,,,,,,,,,,,,,,,,,,,,,,,,,,,,,,,,
North East,1850,,,,,,,,,,,,,,,,,,,,,,,,,66.1,49.3,17.8,57.0,43.2,41.3,96.0,48.5,44.4,74.7,66.2,28.3,,,,,,,,,,,,,,,,,,,,,,,,,,,,,,,,,,,,,,,,,,,,,,,,
North East,1851,,,,,,,,,,,,,,,,,,,,,,,,,72.6,29.5,75.4,50.4,27.7,75.3,89.7,64.5,63.9,47.2,35.9,25.5,,,,,,,,,,,,,,,,,,,,,,,,,,,,,,,,,,,,,,,,,,,,,,,,
North East,1852,,,,,,,,,,,,,,,,,,,,,,,,,88.3,44.6,14.0,14.2,44.6,94.3,66.1,92.9,121.1,97.6,133.0,113.0,,,,,,,,,,,,,,,,,,,,,,,,,,,,,,,,,,,,,,,,,,,,,,,,
North East,1853,,,,,,,,,,,,,,,,,,,,,,,,,77.4,75.3,39.6,42.1,30.9,57.0,86.5,47.5,55.4,89.0,41.7,51.0,,,,,,,,,,,,,,,,,,,,,,,,,,,,,,,,,,,,,,,,,,,,,,,,
North East,1854,,,,,,,,,,,,,,,,,,,,,,,,,80.2,23.1,19.3,15.6,62.7,71.7,62.7,56.8,25.9,52.8,88.3,63.1,,,,,,,,,,,,,,,,,,,,,,,,,,,,,,,,,,,,,,,,,,,,,,,,
North East,1855,,,,,,,,,,,,,,,,,,,,,,,,,25.1,59.0,47.3,13.6,39.4,74.2,97.0,73.5,12.0,115.2,55.6,42.4,,,,,,,,,,,,,,,,,,,,,,,,,,,,,,,,,,,,,,,,,,,,,,,,
North East,1856,,,,,,,,,,,,,,,,,,,,,,,,,64.5,45.7,8.3,65.1,89.6,59.6,52.2,103.6,101.8,50.2,40.2,85.3,,,,,,,,,,,,,,,,,,,,,,,,,,,,,,,,,,,,,,,,,,,,,,,,
North East,1857,,,,,,,,,,,,,,,,,,,,,,,,,74.4,25.6,60.6,65.7,31.6,58.0,55.1,131.3,78.0,49.1,51.6,18.0,,,,,,,,,,,,,,,,,,,,,,,,,,,,,,,,,,,,,,,,,,,,,,,,
North East,1858,,,,,,,,,,,,,,,,,,,,,,,,,20.2,16.1,29.4,34.0,52.4,39.2,82.4,74.9,69.4,84.3,52.0,53.3,,,,,,,,,,,,,,,,,,,,,,,,,,,,,,,,,,,,,,,,,,,,,,,,
North East,1859,,,,,,,,,,,,,,,,,,,,,,,,,37.7,36.9,53.7,72.1,15.3,59.3,59.1,66.4,81.0,72.6,62.2,70.8,,,,,,,,,,,,,,,,,,,,,,,,,,,,,,,,,,,,,,,,,,,,,,,,
North East,1860,,,,,,,,,,,,,,,,,,,,,,,,,92.3,46.3,65.9,26.7,73.0,109.3,66.8,97.8,61.4,67.9,82.6,92.7,,,,,,,,,,,,,,,,,,,,,,,,,,,,,,,,,,,,,,,,,,,,,,,,
North East,1861,,,,,,,,,,,,,,,,,,,,,,,,,30.5,73.6,63.7,31.7,25.4,66.8,93.1,39.0,76.2,31.5,115.4,43.8,,,,,,,,,,,,,,,,,,,,,,,,,,,,,,,,,,,,,,,,,,,,,,,,
North East,1862,,,,,,,,,,,,,,,,,,,,,,,,,53.1,30.1,96.9,43.3,64.5,71.1,60.3,72.9,60.5,76.2,29.1,49.6,,,,,,,,,,,,,,,,,,,,,,,,,,,,,,,,,,,,,,,,,,,,,,,,
North East,1863,,,,,,,,,,,,,,,,,,,,,,,,,99.3,21.4,37.0,36.2,34.9,80.8,32.9,83.5,76.6,93.3,73.3,50.0,,,,,,,,,,,,,,,,,,,,,,,,,,,,,,,,,,,,,,,,,,,,,,,,
North East,1864,,,,,,,,,,,,,,,,,,,,,,,,,31.2,53.0,67.9,32.3,52.2,46.8,20.1,33.1,58.0,107.2,71.6,68.4,,,,,,,,,,,,,,,,,,,,,,,,,,,,,,,,,,,,,,,,,,,,,,,,
North East,1865,,,,,,,,,,,,,,,,,,,,,,,,,48.2,46.5,39.4,26.1,85.9,25.7,64.2,102.7,10.9,163.0,71.7,40.2,,,,,,,,,,,,,,,,,,,,,,,,,,,,,,,,,,,,,,,,,,,,,,,,
North East,1866,,,,,,,,,,,,,,,,,,,,,,,,,65.8,69.4,57.4,49.3,31.5,67.2,95.9,94.3,115.1,54.1,72.9,66.4,,,,,,,,,,,,,,,,,,,,,,,,,,,,,,,,,,,,,,,,,,,,,,,,
North East,1867,,,,,,,,,,,,,,,,,,,,,,,,,91.8,39.8,56.2,77.9,59.5,41.3,88.8,67.9,54.6,49.1,23.6,61.5,,,,,,,,,,,,,,,,,,,,,,,,,,,,,,,,,,,,,,,,,,,,,,,,
North East,1868,,,,,,,,,,,,,,,,,,,,,,,,,69.7,50.7,51.8,63.8,26.8,15.9,16.3,78.9,87.9,71.8,53.4,155.7,,,,,,,,,,,,,,,,,,,,,,,,,,,,,,,,,,,,,,,,,,,,,,,,
North East,1869,,,,,,,,,,,,,,,,,,,,,,,,,76.2,64.9,53.4,48.6,100.8,39.9,18.5,43.1,101.7,57.2,65.5,105.7,,,,,,,,,,,,,,,,,,,,,,,,,,,,,,,,,,,,,,,,,,,,,,,,
North East,1870,,,,,,,,,,,,,,,,,,,,,,,,,50.4,55.9,41.4,19.8,31.0,55.2,20.6,49.8,33.0,142.4,60.3,104.8,,,,,,,,,,,,,,,,,,,,,,,,,,,,,,,,,,,,,,,,,,,,,,,,
North East,1871,,,,,,,,,,,,,,,,,,,,,,,,,32.0,59.4,29.2,81.3,35.2,79.5,95.2,35.0,129.3,60.6,47.8,54.1,,,,,,,,,,,,,,,,,,,,,,,,,,,,,,,,,,,,,,,,,,,,,,,,
North East,1872,,,,,,,,,,,,,,,,,,,,,,,,,90.5,73.7,76.8,80.2,51.6,79.7,113.4,89.9,113.3,129.3,123.7,112.4,,,,,,,,,,,,,,,,,,,,,,,,,,,,,,,,,,,,,,,,,,,,,,,,
North East,1873,,,,,,,,,,,,,,,,,,,,,,,,,66.3,42.0,54.9,25.1,58.4,40.1,65.4,74.3,55.5,66.3,50.0,18.8,,,,,,,,,,,,,,,,,,,,,,,,,,,,,,,,,,,,,,,,,,,,,,,,
North East,1874,,,,,,,,,,,,,,,,,,,,,,,,,48.2,41.8,38.7,36.6,49.5,27.1,42.3,70.3,64.3,67.3,78.8,89.4,,,,,,,,,,,,,,,,,,,,,,,,,,,,,,,,,,,,,,,,,,,,,,,,
North East,1875,,,,,,,,,,,,,,,,,,,,,,,,,79.2,33.1,21.3,22.9,34.3,66.5,110.7,62.7,68.8,119.6,140.6,49.1,,,,,,,,,,,,,,,,,,,,,,,,,,,,,,,,,,,,,,,,,,,,,,,,
North East,1876,,,,,,,,,,,,,,,,,,,,,,,,,33.6,75.4,85.1,79.6,26.5,64.6,50.2,56.7,104.0,55.6,90.6,176.4,,,,,,,,,,,,,,,,,,,,,,,,,,,,,,,,,,,,,,,,,,,,,,,,
North East,1877,,,,,,,,,,,,,,,,,,,,,,,,,104.9,60.8,75.8,94.4,61.2,43.7,84.9,141.3,73.1,77.5,72.6,56.4,,,,,,,,,,,,,,,,,,,,,,,,,,,,,,,,,,,,,,,,,,,,,,,,
North East,1878,,,,,,,,,,,,,,,,,,,,,,,,,69.1,34.1,29.5,47.8,94.5,67.5,25.3,141.0,58.2,64.8,133.9,70.6,,,,,,,,,,,,,,,,,,,,,,,,,,,,,,,,,,,,,,,,,,,,,,,,
North East,1879,,,,,,,,,,,,,,,,,,,,,,,,,31.1,76.1,34.1,55.0,69.1,102.2,111.3,90.5,56.4,28.2,52.1,33.6,,,,,,,,,,,,,,,,,,,,,,,,,,,,,,,,,,,,,,,,,,,,,,,,
North East,1880,,,,,,,,,,,,,,,,,,,,,,,,,11.2,59.4,45.7,59.5,42.0,67.0,135.9,46.1,122.8,138.6,76.7,87.2,,,,,,,,,,,,,,,,,,,,,,,,,,,,,,,,,,,,,,,,,,,,,,,,
North East,1881,,,,,,,,,,,,,,,,,,,,,,,,,26.9,91.9,73.4,33.1,41.7,53.4,84.2,140.2,95.2,91.8,75.5,79.2,,,,,,,,,,,,,,,,,,,,,,,,,,,,,,,,,,,,,,,,,,,,,,,,
North East,1882,,,,,,,,,,,,,,,,,,,,,,,,,47.2,42.1,54.8,98.4,48.7,101.0,85.2,76.0,54.0,120.2,97.6,117.3,,,,,,,,,,,,,,,,,,,,,,,,,,,,,,,,,,,,,,,,,,,,,,,,
North East,1883,,,,,,,,,,,,,,,,,,,,,,,,,76.1,73.4,47.2,44.6,48.2,84.0,105.6,49.1,124.3,83.3,67.9,50.4,,,,,,,,,,,,,,,,,,,,,,,,,,,,,,,,,,,,,,,,,,,,,,,,
North East,1884,,,,,,,,,,,,,,,,,,,,,,,,,95.8,44.7,53.8,46.3,31.4,19.3,98.2,32.8,45.4,43.0,44.7,71.2,,,,,,,,,,,,,7.3,6.7,8.6,9.7,14.7,17.4,19.4,20.9,17.3,11.8,7.5,5.5,4.9,4.0,5.1,6.0,9.9,12.6,14.9,15.6,13.0,8.1,4.7,3.0,2.4,1.2,1.6,2.3,5.1,7.6,10.4,10.5,8.8,4.4,1.8,0.5
North East,1885,,,,,,,,,,,,,,,,,,,,,,,,,53.7,55.2,45.6,51.7,71.2,54.3,25.9,62.0,81.2,129.2,60.4,29.6,,,,,,,,,,,,,3.9,7.2,6.9,10.7,11.8,17.4,19.7,16.3,15.4,9.3,7.3,5.6,1.8,4.2,3.4,6.6,7.6,12.6,14.8,12.4,11.0,6.3,4.8,2.7,-0.3,1.1,-0.1,2.5,3.5,7.9,9.8,8.6,6.6,3.4,2.3,-0.2
North East,1886,,,,,,,,,,,,,,,,,,,,,,,,,99.1,24.1,76.6,52.3,101.3,29.8,104.6,49.2,49.7,110.8,82.5,106.1,,,,,,,,,,,,,3.4,3.0,6.0,9.5,12.5,16.0,19.1,19.0,16.3,12.8,8.2,3.5,0.9,0.5,2.9,5.8,8.5,11.7,14.5,14.6,12.3,9.9,5.3,0.9,-1.6,-1.9,-0.2,2.1,4.6,7.3,9.9,10.2,8.5,7.1,2.4,-1.8
North East,1887,,,,,,,,,,,,,,,,,,,,,,,,,50.4,20.9,44.6,30.2,48.3,7.4,38.1,48.9,91.3,66.2,74.1,59.0,,,,,,,,,,,,,4.0,6.9,6.5,9.8,11.9,19.3,21.6,19.3,14.3,9.6,6.4,4.5,1.3,3.3,3.3,5.4,8.0,14.0,16.2,14.1,10.5,6.2,3.8,1.7,-1.4,-0.3,0.2,1.0,4.2,8.7,10.9,9.1,6.8,2.8,1.3,-0.9
North East,1888,,,,,,,,,,,,,,,,,,,,,,,,,28.1,40.7,90.4,53.4,23.6,56.1,140.8,63.0,38.2,27.4,118.5,42.8,,,,,,,,,,,,,5.2,3.7,4.6,8.7,14.1,15.4,15.7,17.0,14.9,11.2,8.8,6.4,2.5,1.3,1.8,5.1,9.2,11.2,12.0,12.8,10.9,7.2,6.3,3.7,-0.1,-1.1,-0.9,1.6,4.4,6.9,8.3,8.7,6.9,3.3,3.9,1.1
North East,1889,,,,,,,,,,,,,,,,,,,,,,,,,33.6,41.8,72.2,75.2,71.5,11.9,66.6,105.4,39.9,126.0,24.6,40.4,,,,,,,,,,,,,5.3,4.9,6.9,9.1,15.5,19.0,18.2,17.8,15.1,10.8,8.4,5.1,2.6,1.9,3.4,5.8,11.1,14.0,13.7,13.8,11.3,7.7,5.4,2.3,-0.2,-1.0,0.0,2.5,6.8,9.0,9.2,9.8,7.5,4.7,2.5,-0.5
North East,1890,,,,,,,,,,,,,,,,,,,,,,,,,71.6,33.2,53.6,21.6,58.9,66.1,58.7,107.3,40.7,44.7,99.5,34.5,,,,,,,,,,,,,7.4,5.1,8.7,9.7,14.7,17.1,17.5,17.5,18.4,12.5,8.1,1.8,4.4,2.6,5.2,5.6,10.1,12.8,13.4,13.3,14.0,8.8,4.5,-0.3,1.3,0.0,1.7,1.5,5.6,8.4,9.2,9.1,9.6,5.2,1.0,-2.4
North East,1891,,,,,,,,,,,,,11.5,1.1,12.5,9.7,12.2,5.9,13.7,19.2,11.6,16.5,14.5,15.8,41.8,3.1,56.7,50.6,63.7,32.0,94.4,115.7,60.1,91.8,77.0,97.4,,,,,,,,,,,,,3.6,7.9,6.1,8.4,12.1,17.3,18.2,17.0,17.3,11.9,7.2,5.6,0.6,3.8,2.8,4.7,7.8,12.7,13.9,13.1,12.9,8.3,4.4,2.4,-2.4,-0.4,-0.4,0.9,3.6,8.1,9.6,9.4,8.6,4.6,1.5,-0.8
North East,1892,,,,,,,,,,,,,9.5,14.1,8.7,7.6,14.2,15.1,8.0,11.3,11.1,20.2,9.9,8.7,38.6,59.3,32.2,37.3,77.2,97.0,49.5,88.4,63.3,149.6,39.1,28.0,,,,,,,,,,,,,3.9,4.9,5.5,10.9,14.6,16.3,16.4,18.2,14.9,9.3,8.1,3.5,1.1,1.9,1.7,5.7,9.8,11.8,12.4,13.8,10.9,6.0,5.2,0.7,-1.7,-1.0,-2.1,0.6,5.2,7.2,8.5,9.6,7.0,2.7,2.2,-2.1
North East,1893,,,,,,,,,,,,,12.0,14.6,3.7,3.2,8.4,7.3,12.9,12.7,10.6,9.9,16.8,12.8,42.6,85.1,15.8,11.8,43.8,39.5,76.7,55.7,45.9,45.5,76.3,61.8,,,,,,,,,,,,,4.1,6.2,11.1,13.3,15.9,18.8,18.9,21.2,16.1,12.7,7.6,6.8,1.4,3.1,6.0,7.8,11.0,13.7,14.4,16.2,11.6,8.6,4.5,3.7,-1.2,0.1,1.0,2.3,6.2,8.6,10.1,11.4,7.2,4.6,1.3,0.6
North East,1894,,,,,,,,,,,,,16.9,13.3,7.6,10.8,15.1,12.8,13.8,15.1,6.5,20.0,9.8,12.3,61.8,89.1,33.9,41.5,58.9,86.6,72.7,73.6,27.5,116.2,47.3,57.5,,,,,,,,,,,,,4.7,6.9,10.1,12.3,11.8,16.4,19.4,17.2,14.1,11.2,9.4,6.6,1.9,3.4,5.3,7.9,7.6,12.1,14.8,13.2,10.5,7.7,6.5,3.8,-0.9,-0.1,0.5,3.5,3.5,7.7,10.3,9.2,6.9,4.3,3.7,1.1
North East,1895,,,,,,,,,,,,,21.8,6.0,14.4,8.7,6.2,9.1,15.8,14.3,5.1,16.4,17.2,12.7,105.9,23.9,69.1,40.1,20.9,53.5,129.4,77.4,21.1,102.7,83.7,62.0,,,,,,,,,,,,,1.7,1.4,7.5,11.3,15.6,18.5,18.4,19.5,19.9,9.8,9.0,5.2,-1.0,-2.0,4.1,7.0,10.3,13.1,14.0,15.0,14.4,6.1,6.0,2.6,-3.7,-5.5,0.7,2.7,5.2,7.7,9.6,10.5,8.9,2.3,2.9,0.1
North East,1896,,,,,,,,,,,,,7.6,4.7,15.4,9.1,4.4,12.7,9.9,13.0,17.1,21.9,8.6,19.8,29.1,20.1,71.2,26.2,19.2,65.5,57.2,50.2,103.0,131.0,40.1,110.7,,,,,,,,,,,,,6.4,6.8,9.1,11.9,15.4,19.4,19.8,17.1,15.3,9.3,6.9,5.4,3.7,3.6,5.3,7.7,10.2,14.5,14.9,13.1,11.8,6.0,4.1,2.8,1.0,0.4,1.5,3.6,5.1,9.7,10.0,9.2,8.4,2.7,1.3,0.3
North East,1897,,,,,,,,,,,,,14.4,11.3,18.0,11.9,8.4,12.9,6.4,16.1,12.5,5.7,12.6,14.0,51.7,60.6,91.0,43.4,33.9,65.9,29.2,92.1,75.8,40.0,61.0,69.2,,,,,,,,,,,,,2.6,6.9,8.3,9.4,12.7,17.6,19.4,20.3,15.0,12.7,9.4,6.6,0.5,4.2,5.1,5.5,8.2,13.2,14.5,15.4,10.8,8.8,6.5,3.6,-1.6,1.3,2.0,1.7,3.8,8.8,9.6,10.6,6.6,4.9,3.7,0.5
North East,1898,,,,,,,,,,,,,6.2,10.5,10.9,11.8,13.0,11.5,5.6,13.2,3.3,14.5,13.5,12.3,29.8,39.6,46.8,70.2,57.6,48.1,24.0,79.3,16.7,110.0,74.1,64.7,,,,,,,,,,,,,8.1,6.8,7.1,11.2,12.6,16.9,18.8,19.7,18.8,13.6,9.0,8.8,5.5,3.5,3.3,7.0,9.1,12.2,13.7,14.9,13.9,10.4,5.9,5.7,2.8,0.1,-0.3,2.9,5.5,7.6,8.6,10.2,9.1,7.2,2.8,2.7
North East,1899,,,,,,,,,,,,,17.6,9.1,10.8,15.4,15.3,8.1,10.8,5.7,14.8,9.5,10.2,14.8,82.0,40.6,40.2,68.3,88.1,37.6,57.2,24.8,86.1,68.0,49.1,75.5,,,,,,,,,,,,,6.3,7.4,8.4,10.5,12.7,19.6,20.9,21.1,16.5,12.7,10.9,3.9,3.4,3.7,4.0,6.5,8.3,13.9,16.1,15.9,12.1,8.2,7.6,1.2,0.4,0.0,-0.3,2.5,3.9,8.2,11.3,10.7,7.7,3.7,4.2,-1.4
North East,1900,,,,,,,,,,,,,18.4,18.4,8.7,9.1,8.1,15.6,10.9,16.2,6.0,17.1,20.4,15.2,91.5,117.9,28.3,39.7,40.6,78.9,42.7,134.5,25.9,114.7,83.2,87.6,,,,,,,,,,,,,5.5,4.0,5.7,11.7,13.5,18.0,21.4,17.9,17.3,12.3,8.8,8.8,3.0,1.0,2.7,7.1,9.2,13.4,16.4,13.7,12.6,8.3,6.1,6.1,0.5,-2.0,-0.3,2.6,5.0,8.8,11.5,9.6,8.0,4.3,3.4,3.4
North East,1901,,,,,,,,,,,,,11.6,12.4,15.2,11.9,8.3,9.4,9.8,9.5,7.9,13.6,9.1,16.8,40.1,47.3,58.1,42.4,39.5,41.5,64.2,60.9,31.3,55.1,103.1,108.0,,,,,,,,,,,,,5.2,4.1,6.4,12.0,14.9,18.2,21.6,20.1,17.0,12.4,7.8,4.7,2.5,1.4,3.4,7.2,9.9,12.9,16.5,15.0,12.8,8.3,4.4,2.0,-0.2,-1.3,0.5,2.3,5.0,7.5,11.5,10.1,8.8,4.3,1.0,-0.6
North East,1902,,,,,,,,,,,,,7.8,9.6,9.0,8.5,16.8,12.8,12.5,13.8,8.5,17.0,9.2,12.8,32.0,36.3,35.9,42.3,69.4,56.9,64.0,65.1,26.0,70.2,43.0,73.7,,,,,,,,,,,,,6.4,3.4,9.2,11.0,11.5,16.2,17.8,17.0,15.9,11.8,8.8,6.4,3.7,0.4,5.4,6.4,7.4,11.9,13.3,12.5,11.8,8.6,6.0,4.0,0.9,-2.6,1.7,1.9,3.4,7.6,8.8,8.2,7.8,5.4,3.2,1.6
North East,1903,,,,,,,,,,,,,13.9,9.0,16.3,11.5,12.2,8.3,14.9,15.4,13.8,24.8,12.4,10.8,75.2,51.5,78.7,43.7,74.5,50.5,93.7,91.3,88.1,196.4,52.9,44.0,,,,,,,,,,,,,5.4,9.0,9.5,9.3,13.3,16.2,18.3,17.6,15.9,12.2,8.5,4.6,2.9,5.8,5.8,5.1,9.1,11.7,13.9,13.2,11.7,9.0,5.2,2.2,0.3,2.6,2.2,1.0,4.9,7.1,9.6,8.9,7.6,5.8,2.0,-0.1
North East,1904,,,,,,,,,,,,,12.8,17.9,13.3,10.9,11.9,6.9,11.2,12.3,8.3,6.5,10.1,12.2,58.5,72.9,48.6,40.7,68.1,32.5,57.4,83.2,38.8,21.9,55.8,54.0,,,,,,,,,,,,,5.9,4.7,6.6,12.0,14.0,16.7,20.2,18.8,16.2,12.8,8.0,5.6,3.1,2.1,3.3,7.8,9.6,12.3,15.4,14.1,11.8,8.8,4.7,2.6,0.3,-0.4,0.1,3.6,5.3,7.7,10.7,9.5,7.5,4.8,1.5,-0.3
North East,1905,,,,,,,,,,,,,5.5,9.0,14.9,16.6,5.1,8.1,6.9,17.2,12.5,15.2,18.1,5.3,19.2,28.1,57.3,65.0,24.1,42.0,32.2,90.2,60.0,64.5,108.7,19.9,,,,,,,,,,,,,5.8,6.8,9.6,9.5,14.2,18.0,21.5,18.1,15.5,10.0,7.0,6.8,2.9,3.8,5.7,5.8,9.5,13.2,16.3,13.8,11.6,6.2,4.1,4.3,0.0,0.7,1.8,2.1,4.8,8.4,11.2,9.5,7.7,2.5,1.3,1.7
North East,1906,,,,,,,,,,,,,16.0,12.3,13.2,7.5,15.9,9.2,7.7,14.2,5.6,20.0,14.9,14.2,83.4,48.3,48.1,25.0,86.0,40.5,35.7,76.9,21.1,137.0,90.0,62.1,,,,,,,,,,,,,6.6,5.2,7.6,11.3,13.3,17.8,20.0,20.6,18.1,13.3,9.4,4.7,4.1,2.0,3.9,5.9,9.2,13.0,14.8,15.6,13.0,9.8,6.6,1.9,1.5,-1.3,0.3,0.5,5.2,8.2,9.6,10.6,8.0,6.3,3.9,-0.9
North East,1907,,,,,,,,,,,,,5.8,9.3,10.4,12.8,16.8,16.7,12.7,12.5,4.0,20.2,12.8,15.9,25.1,42.0,40.6,53.1,95.8,84.4,46.9,58.3,15.7,136.0,61.5,88.9,,,,,,,,,,,,,5.3,5.5,10.3,10.4,13.1,15.9,17.1,17.9,17.3,12.6,8.5,6.1,2.5,2.0,5.5,6.5,9.0,11.7,12.7,13.3,12.3,8.8,5.4,3.5,-0.3,-1.4,0.7,2.5,5.0,7.5,8.4,8.8,7.3,5.3,2.4,0.9
North East,1908,,,,,,,,,,,,,8.5,10.6,17.2,14.3,12.1,5.9,11.5,12.6,12.8,9.0,9.3,10.5,42.9,51.4,85.8,65.6,54.6,27.8,73.5,58.9,64.0,43.7,41.2,41.0,,,,,,,,,,,,,4.9,7.4,6.6,8.6,15.7,17.6,19.1,17.6,16.2,14.8,9.4,5.3,1.8,4.1,3.1,4.9,11.1,12.6,14.6,13.3,12.1,11.1,6.1,2.6,-1.2,0.9,-0.2,1.3,6.5,7.7,10.1,8.9,8.1,7.4,2.9,-0.1
North East,1909,,,,,,,,,,,,,9.1,7.0,18.5,13.0,8.3,10.6,15.2,12.7,11.6,18.2,7.1,17.3,34.4,38.9,109.4,64.8,39.2,74.7,83.4,95.0,54.0,85.7,24.0,111.0,,,,,,,,,,,,,5.0,5.5,5.6,12.8,14.7,14.9,17.9,19.2,14.6,12.9,7.5,5.2,2.2,2.2,2.4,7.6,9.4,10.8,13.7,14.6,10.8,9.2,4.2,2.5,-0.6,-1.0,-0.7,2.3,4.2,6.7,9.5,9.9,7.1,5.6,0.9,-0.3
North East,1910,,,,,,,,,,,,,14.6,16.4,5.2,14.2,13.3,9.8,12.4,15.9,4.4,11.7,14.0,15.5,71.7,78.9,21.4,60.1,63.1,47.1,82.0,96.4,16.6,71.2,87.3,81.6,55.1,69.2,127.1,112.8,173.1,174.7,129.6,138.5,106.8,75.1,75.7,30.4,5.0,6.6,9.2,10.3,13.9,17.9,16.9,18.5,15.4,13.0,5.3,7.6,2.1,3.5,5.3,6.0,9.4,13.2,13.0,14.4,11.4,9.9,2.2,5.1,-0.8,0.5,1.3,1.7,5.0,8.6,9.1,10.2,7.5,6.8,-0.9,2.7
North East,1911,,,,,,,,,,,,,9.3,9.3,13.8,10.3,6.8,10.2,5.1,10.8,10.0,14.0,17.8,20.8,44.2,43.4,57.9,36.1,29.0,98.9,18.2,63.7,61.2,75.7,99.3,113.0,45.4,62.8,87.5,118.9,188.5,199.9,257.4,183.5,182.3,73.6,57.5,33.6,5.8,7.1,6.6,10.5,16.4,18.0,22.3,21.5,17.8,11.7,7.9,7.3,3.1,3.9,3.9,6.7,11.4,13.0,16.4,16.5,12.6,8.2,5.1,4.6,0.5,0.7,1.2,3.0,6.5,8.0,10.5,11.5,7.5,4.8,2.3,2.0
North East,1912,,,,,,,,,,,,,17.3,13.0,15.8,2.0,10.1,21.1,15.5,20.3,7.9,13.1,12.2,13.7,83.1,51.0,74.1,6.8,67.0,128.7,102.8,135.4,54.9,78.5,69.8,69.2,31.2,50.7,91.7,198.0,142.6,119.2,99.9,72.0,102.0,93.2,34.6,20.9,4.8,6.9,9.5,12.6,15.0,16.9,18.3,15.8,14.1,11.9,8.0,8.2,2.3,3.9,6.1,7.5,10.5,12.9,14.4,12.0,10.3,7.6,5.2,5.0,-0.1,0.9,2.7,2.5,5.9,8.9,10.6,8.2,6.6,3.4,2.4,1.8
North East,1913,,,,,,,,,,,,,15.5,6.4,17.1,13.1,10.0,9.1,5.6,7.2,9.8,11.9,14.7,7.3,93.9,28.1,89.6,73.1,60.0,35.9,21.2,31.9,54.5,80.8,58.2,40.3,20.2,52.4,105.6,110.0,144.6,178.5,97.4,141.8,111.7,82.5,62.5,32.8,5.0,7.2,8.3,10.5,14.7,18.0,17.3,19.1,17.2,13.2,10.2,6.4,2.5,3.9,4.7,6.8,10.2,13.2,13.3,14.1,13.1,9.8,7.0,3.8,0.1,0.5,1.1,3.0,5.8,8.2,9.2,9.0,9.0,6.4,3.8,1.2
North East,1914,,,,,,,,,,,,,10.1,11.6,16.5,6.5,9.6,8.6,10.7,10.2,7.3,10.4,18.4,21.8,50.7,48.4,65.1,22.3,43.4,70.5,76.9,48.4,37.9,59.0,95.3,144.6,31.3,67.1,93.7,220.5,147.3,215.3,137.6,171.6,171.8,70.1,49.4,38.1,5.4,9.1,8.3,14.3,14.1,18.4,19.3,19.9,17.3,13.0,9.1,6.1,2.8,5.8,4.9,8.7,9.5,13.2,14.8,15.0,12.2,9.4,5.9,3.5,0.2,2.5,1.4,3.3,5.0,8.0,10.5,10.2,7.4,6.0,2.8,0.9
North East,1915,,,,,,,,,,,,,16.3,17.3,11.1,7.0,7.3,4.0,17.2,14.4,6.2,8.9,10.8,21.9,79.3,90.3,40.1,24.0,43.8,18.2,119.2,76.6,35.8,35.4,60.1,146.8,28.9,60.9,114.0,163.5,192.0,205.4,159.4,139.5,153.2,61.8,65.2,30.3,5.3,6.1,8.1,11.3,13.4,18.2,18.2,18.8,16.8,11.9,5.8,6.3,2.9,3.0,4.3,6.7,8.7,12.8,13.7,14.3,12.2,8.2,2.6,3.5,0.5,-0.1,0.6,2.1,4.2,7.4,9.2,9.7,7.8,4.5,-0.5,0.8
North East,1916,,,,,,,,,,,,,9.3,18.7,19.6,10.1,11.9,12.6,12.4,12.0,7.3,18.5,13.1,15.6,42.1,96.5,105.2,42.2,74.9,60.5,66.6,77.2,45.1,93.3,95.2,80.2,44.4,66.1,61.6,154.0,147.1,112.7,142.5,143.7,120.0,73.1,49.7,28.6,9.3,5.5,4.7,11.5,14.8,14.6,18.4,19.8,15.9,12.8,9.1,4.4,6.3,2.7,2.2,7.0,10.1,10.6,14.0,15.2,11.8,9.1,6.1,1.6,3.3,-0.2,-0.4,2.6,5.6,6.6,9.6,10.5,7.7,5.4,3.2,-1.1
North East,1917,,,,,,,,,,,,,15.8,5.6,12.8,13.1,8.8,9.6,7.2,21.3,7.0,15.8,10.4,11.8,86.3,24.2,50.8,58.3,45.6,42.4,33.9,169.4,33.8,85.8,48.2,47.4,16.6,46.2,97.6,111.4,181.9,210.3,191.2,119.4,126.4,117.8,47.4,42.0,2.8,3.4,5.7,8.3,15.6,19.0,19.8,18.6,17.3,10.5,10.0,4.6,1.1,0.3,2.1,4.0,10.5,13.7,14.8,14.8,13.1,6.4,7.0,1.8,-0.5,-2.6,-1.4,-0.2,5.6,8.4,9.9,11.0,8.9,2.4,4.1,-0.9
North East,1918,,,,,,,,,,,,,12.0,11.3,8.1,9.6,9.6,5.5,15.2,9.8,21.6,13.1,9.5,16.5,63.5,54.1,29.3,37.9,59.7,17.4,95.4,57.9,140.0,61.6,44.2,90.5,45.8,53.4,93.9,111.1,183.6,207.6,183.4,154.3,128.2,69.7,56.9,31.5,5.3,8.0,8.5,8.9,16.4,17.5,19.4,19.4,14.5,11.8,7.9,8.0,2.3,5.1,4.9,5.5,11.4,12.2,14.3,15.0,10.5,8.4,4.4,5.1,-0.7,2.2,1.1,2.1,6.6,7.0,9.4,10.6,6.7,5.1,1.0,2.4
North East,1919,,,,,,,,,,,,,18.0,10.4,14.1,11.2,6.6,9.1,9.7,9.7,9.0,12.7,20.3,19.1,91.3,52.9,81.9,46.2,26.0,27.4,60.1,69.7,39.7,103.9,89.0,97.3,33.1,47.7,85.0,112.4,207.5,181.2,125.4,177.9,134.3,111.7,42.6,29.2,4.2,3.9,5.7,10.8,16.8,18.3,17.0,19.5,16.5,11.2,5.2,6.5,1.8,1.0,2.4,6.4,11.3,13.2,12.7,14.5,11.8,7.0,2.3,3.6,-0.6,-1.6,-0.9,2.1,6.1,8.1,8.5,9.5,7.1,2.8,-0.4,0.9
North East,1920,,,,,,,,,,,,,15.2,7.3,13.2,19.9,11.7,6.3,18.8,8.1,10.2,7.1,7.3,16.8,79.2,42.0,74.1,98.5,79.7,34.3,110.3,46.5,42.0,52.1,32.0,88.8,49.7,82.3,104.7,93.7,186.7,204.9,116.9,119.2,102.8,100.9,47.6,30.0,6.8,8.2,9.9,10.1,15.1,17.9,17.2,16.9,16.2,13.3,9.1,6.1,3.5,4.6,5.9,6.7,10.3,12.9,13.2,12.7,11.8,9.4,6.1,3.3,0.5,1.1,2.0,3.3,5.7,8.1,9.4,8.5,7.4,5.6,3.2,0.8
North East,1921,,,,,,,,,,,,,15.1,1.6,10.5,8.8,11.0,3.7,8.2,16.4,4.8,7.1,9.6,13.5,97.7,7.1,36.2,28.7,44.7,12.9,35.8,114.4,28.2,51.0,55.0,64.3,29.9,62.8,105.6,179.4,225.7,210.5,195.9,131.5,156.3,122.0,62.7,44.6,8.6,7.2,10.2,11.9,15.7,18.2,21.7,18.0,17.8,16.2,6.6,8.7,5.6,3.9,6.2,7.2,10.3,12.9,16.2,14.0,13.0,11.9,3.7,5.6,2.7,0.8,2.4,2.5,5.1,7.7,10.8,10.2,8.5,7.7,0.8,2.5
North East,1922,,,,,,,,,,,,,16.4,12.4,14.7,12.0,6.4,9.2,16.7,12.6,12.4,13.0,7.8,14.3,83.7,70.1,54.1,57.7,28.1,38.1,122.0,74.3,81.8,41.9,32.0,94.0,34.6,71.5,81.7,157.0,213.7,210.0,129.6,134.6,83.1,103.1,72.7,33.7,4.6,6.0,6.6,8.9,16.8,17.8,16.9,16.7,14.8,11.4,8.5,7.0,2.0,2.9,3.5,4.6,11.4,12.6,12.6,12.5,10.9,7.8,5.1,4.4,-0.6,-0.2,0.5,0.3,6.3,7.6,8.4,8.4,7.2,4.2,1.8,1.9
North East,1923,,,,,,,,,,,,,10.1,19.5,9.5,10.0,12.7,6.0,12.0,16.3,12.9,15.2,16.0,15.4,45.4,109.5,42.2,46.4,67.2,22.3,72.5,97.6,66.7,70.7,96.5,75.0,56.1,36.6,94.5,130.2,153.4,139.4,174.7,173.8,149.7,96.6,68.6,41.8,7.7,6.0,8.8,9.7,12.1,15.5,20.5,18.5,15.8,11.9,5.8,4.7,4.7,3.7,5.3,6.0,7.9,11.3,16.0,14.0,11.4,8.3,2.6,2.1,1.8,1.4,1.9,2.4,3.7,7.1,11.6,9.4,7.1,4.9,-0.4,-0.5
North East,1924,,,,,,,,,,,,,10.9,9.0,4.6,10.1,19.1,10.5,15.9,14.3,13.5,13.9,9.5,13.6,59.6,29.7,26.7,44.7,112.7,49.8,97.5,69.1,73.7,104.1,44.7,80.3,43.4,46.5,126.8,133.2,134.4,163.7,171.3,129.3,119.9,90.8,47.9,32.3,5.6,5.2,6.9,10.4,14.0,17.3,18.9,17.6,16.0,12.6,8.8,8.3,3.0,2.7,2.5,5.8,9.8,12.7,14.3,13.2,12.4,9.2,6.0,5.7,0.4,0.2,-1.8,1.4,5.9,8.3,9.9,9.0,8.8,5.8,3.4,3.3
North East,1925,,,,,,,,,,,,,9.0,15.8,9.9,14.9,16.7,1.2,8.2,12.2,13.0,13.1,13.3,14.3,53.4,89.5,43.7,71.7,86.2,4.4,40.8,70.8,82.4,70.0,65.8,90.4,39.6,65.5,98.8,135.1,151.6,209.7,178.0,127.8,110.6,95.0,72.7,46.6,6.7,6.8,7.6,10.4,14.8,18.1,20.8,19.0,14.5,13.2,5.9,4.3,4.0,3.7,4.2,6.2,10.4,13.0,15.8,14.5,10.4,9.3,2.8,1.5,1.2,0.7,0.9,2.2,6.2,8.0,10.8,10.2,6.4,5.4,-0.2,-1.2
North East,1926,,,,,,,,,,,,,16.5,12.8,6.4,10.3,14.8,13.8,10.3,13.1,9.4,13.3,18.3,6.4,79.5,57.5,24.5,42.1,60.1,91.4,75.1,69.6,57.2,81.3,103.4,23.4,34.0,44.1,107.9,109.1,182.7,154.4,173.1,192.2,135.4,114.5,49.2,52.4,5.9,8.0,9.0,12.4,13.1,17.0,20.0,19.9,17.4,10.9,7.9,6.4,3.2,5.2,5.5,8.1,8.6,12.5,15.6,15.1,13.1,7.0,4.8,3.7,0.5,2.5,2.0,3.8,4.3,8.1,11.3,10.5,8.8,3.2,1.8,1.0
North East,1927,,,,,,,,,,,,,13.0,9.3,14.2,13.0,8.6,14.0,11.4,17.3,15.8,11.2,15.5,11.2,56.0,36.1,58.3,56.9,39.0,85.1,88.3,142.0,120.5,62.9,85.8,70.6,38.0,54.4,104.3,149.4,143.0,179.3,133.2,137.4,98.4,90.3,58.9,23.1,6.3,6.8,9.7,11.1,13.4,15.5,18.4,18.8,15.1,13.2,7.9,3.2,3.4,3.4,6.1,6.9,8.8,10.9,14.3,14.5,11.4,9.3,5.0,1.2,0.7,0.0,2.6,2.7,4.4,6.5,10.4,10.4,7.8,5.5,2.1,-0.6
North East,1928,,,,,,,,,,,,,19.5,10.7,15.8,8.4,9.8,15.4,6.2,15.1,6.2,15.8,16.9,11.8,117.7,51.5,72.3,26.8,39.5,105.5,33.1,102.4,20.5,104.6,85.6,51.8,48.6,82.6,66.2,127.4,136.7,183.2,234.9,163.6,149.2,100.0,60.5,42.9,6.9,8.0,7.8,11.1,12.9,16.0,20.0,19.0,16.5,12.5,9.8,5.5,3.8,4.6,4.6,6.8,8.8,11.3,14.9,14.4,11.7,8.8,6.6,2.5,0.8,1.2,1.4,2.7,4.7,6.8,10.1,9.9,7.1,5.2,3.6,-0.4
North East,1929,,,,,,,,,,,,,12.5,7.4,1.8,7.4,9.2,9.6,8.1,13.5,4.0,13.2,16.9,20.1,51.0,23.9,6.1,31.9,35.1,39.5,64.4,69.2,22.7,76.8,103.8,129.2,31.8,33.9,157.4,147.8,200.7,181.1,186.0,151.5,163.0,111.4,61.9,49.4,3.3,2.0,11.2,9.4,15.0,17.0,19.9,18.7,19.2,12.3,8.9,6.8,0.9,-0.7,5.6,5.2,9.9,12.2,14.8,14.1,14.0,8.5,5.4,4.2,-1.2,-3.4,0.1,1.2,4.8,7.4,9.8,9.7,8.8,4.6,2.1,1.7
North East,1930,,,,,,,,,,,,,15.7,7.9,10.9,14.9,10.0,8.3,14.1,15.5,15.3,13.5,13.7,12.0,92.8,32.0,61.1,69.9,39.4,39.1,135.7,103.6,98.2,65.0,97.2,65.4,52.9,46.1,98.5,93.7,154.4,203.0,152.8,181.2,99.6,116.7,76.9,27.9,7.2,4.4,7.8,10.2,13.5,19.0,18.4,19.3,15.9,12.8,8.3,5.8,4.1,1.9,4.1,6.9,9.1,13.9,14.2,14.8,12.4,9.2,5.0,3.1,1.2,-0.6,0.5,3.6,4.8,8.8,10.1,10.4,9.0,5.7,1.7,0.6
North East,1931,17.8,17.2,20.8,3.9,1.6,0.0,0.0,0.0,0.3,8.4,2.1,11.0,14.1,14.7,6.1,16.6,12.2,13.7,17.4,12.1,9.4,8.1,13.2,8.0,64.8,60.6,25.1,85.2,70.7,100.3,106.3,97.3,83.1,35.4,87.2,36.9,64.5,52.9,137.0,120.5,169.3,144.2,119.8,155.9,86.0,134.2,46.4,44.2,5.2,5.5,6.5,10.5,14.5,16.9,18.6,16.9,14.6,12.4,9.4,7.2,2.3,2.5,2.6,6.7,10.0,12.7,14.6,12.8,10.8,8.0,6.4,4.3,-0.6,-0.3,-1.3,2.9,5.5,8.7,10.6,8.9,7.0,3.6,3.6,1.4
North East,1932,10.4,12.3,12.9,7.7,2.0,0.0,0.0,0.0,2.0,2.1,4.5,6.5,8.7,6.8,9.8,16.5,17.9,3.7,14.5,6.6,13.2,20.2,10.4,9.8,48.3,19.5,57.1,61.5,114.7,24.9,91.6,50.9,74.9,106.6,41.5,38.6,65.3,71.3,97.0,135.1,101.2,180.3,126.5,138.8,139.4,84.3,38.9,41.9,8.3,6.3,7.6,9.7,12.5,17.0,19.1,19.9,16.2,11.1,8.3,7.3,5.1,3.3,4.0,5.6,8.9,12.3,15.0,15.5,11.9,7.5,5.7,4.9,2.0,0.3,0.4,1.5,5.4,7.7,11.0,11.2,7.7,4.0,3.0,2.6
North East,1933,20.1,16.2,7.2,3.5,0.1,0.0,0.0,0.0,0.0,0.9,4.1,15.3,10.6,14.2,11.0,8.1,12.3,10.2,10.7,6.0,7.0,13.4,14.0,8.5,51.2,92.6,52.1,33.9,53.5,49.5,50.4,24.1,50.6,107.3,74.9,24.8,42.1,71.2,152.7,117.4,120.9,228.1,210.5,206.4,152.7,80.7,44.4,29.5,4.4,6.2,10.7,12.4,14.3,19.2,21.9,21.9,18.5,12.6,7.8,4.2,1.6,3.3,6.2,8.1,10.3,14.0,16.8,16.6,13.8,9.3,5.3,1.9,-1.1,0.3,1.6,3.9,6.4,8.8,11.7,11.4,9.3,6.1,2.8,-0.2
North East,1934,10.4,11.9,12.1,5.1,0.8,0.1,0.0,0.0,0.0,1.2,6.4,0.4,11.9,3.3,13.4,14.2,8.0,9.3,8.7,12.5,9.9,15.3,10.8,20.2,54.0,22.1,73.5,83.7,35.4,45.5,55.8,70.9,47.4,78.4,63.1,114.4,60.2,95.5,95.8,114.3,177.2,170.8,240.4,165.2,151.9,90.8,40.9,18.8,6.7,7.5,7.5,10.6,15.0,18.1,22.0,19.1,18.3,12.8,8.1,8.7,3.6,4.0,3.9,6.8,10.1,13.2,16.6,14.4,13.4,9.4,5.4,6.5,0.6,0.6,0.4,2.9,5.3,8.4,11.2,9.6,8.5,6.0,2.7,4.5
North East,1935,11.2,8.8,5.2,4.7,3.9,0.1,0.0,0.0,0.1,3.5,3.7,16.3,11.8,12.8,6.6,14.7,4.4,16.4,4.7,7.4,13.9,17.1,19.0,13.5,56.9,82.3,23.2,75.0,20.7,71.7,17.5,54.7,117.2,109.8,115.1,62.6,44.3,47.4,102.0,128.8,209.2,176.9,246.2,181.8,136.0,82.7,45.5,47.2,6.2,7.6,9.2,10.4,12.6,18.5,21.2,21.2,16.5,12.0,8.6,4.2,3.7,4.7,5.8,6.7,8.2,13.8,15.9,15.9,12.2,8.3,5.7,1.9,1.1,1.9,2.4,3.0,3.9,9.1,10.7,10.6,8.0,4.7,2.8,-0.4
North East,1936,14.6,20.0,5.8,9.8,0.5,0.0,0.0,0.0,0.0,2.3,9.2,12.0,16.9,11.0,10.2,8.4,7.1,11.5,17.5,8.3,12.2,11.5,13.2,11.5,104.4,74.8,45.0,41.4,40.4,90.0,102.7,49.0,76.7,56.5,79.3,56.3,45.8,71.7,59.8,174.0,162.3,180.0,136.9,177.1,95.0,102.5,56.9,50.3,4.8,4.3,8.6,9.5,13.8,17.8,18.6,20.0,17.0,12.6,8.1,7.2,2.4,1.3,5.5,5.4,9.6,13.1,14.7,15.2,13.5,8.7,4.8,4.1,-0.1,-1.8,2.4,1.3,5.4,8.3,10.7,10.4,10.2,4.9,1.5,1.1
North East,1937,12.6,11.3,21.1,1.9,0.2,0.0,0.0,0.0,0.0,0.4,9.3,17.9,16.5,14.2,15.9,14.4,11.6,9.9,10.0,7.3,8.8,8.3,9.1,18.7,92.2,89.0,82.2,72.1,85.9,39.7,64.1,40.8,44.2,62.3,48.1,109.8,38.7,75.5,82.3,76.3,161.3,158.8,122.6,151.0,128.3,68.3,53.9,28.6,6.5,6.8,5.3,10.7,15.0,17.6,19.4,20.1,16.7,13.1,7.8,4.5,3.8,3.8,2.2,7.4,10.7,13.0,15.2,15.3,12.2,9.5,4.9,2.0,1.1,0.9,-0.9,4.0,6.4,8.5,11.0,10.7,7.9,6.0,2.1,-0.4
North East,1938,5.2,7.3,1.9,7.0,2.6,0.0,0.0,0.0,0.1,0.5,2.9,12.6,17.2,7.5,3.5,1.7,11.9,11.0,14.3,12.0,13.0,15.9,13.9,18.8,75.8,32.7,13.9,6.6,75.6,62.7,81.4,70.9,55.7,109.7,82.8,106.2,50.7,57.2,115.6,138.8,164.8,183.8,141.4,143.9,104.9,101.4,72.2,39.3,7.4,7.2,12.9,11.4,14.3,18.0,18.5,18.8,16.8,12.9,10.7,5.9,4.6,4.3,8.6,7.0,9.6,13.3,14.2,14.6,12.7,9.3,7.7,3.3,1.8,1.5,4.4,2.6,5.0,8.7,9.8,10.4,8.8,5.7,4.7,0.8
North East,1939,15.3,7.4,6.9,3.5,0.6,0.1,0.0,0.0,0.1,2.3,2.2,11.9,19.0,8.4,14.0,10.7,6.6,11.1,16.2,11.5,7.2,15.6,15.7,8.1,123.9,40.3,72.0,40.5,34.5,68.0,89.2,65.5,38.3,116.9,95.1,48.9,43.2,76.0,95.8,160.3,178.5,205.1,145.7,132.7,98.3,91.2,50.1,38.4,5.4,7.7,8.1,11.8,14.6,17.7,19.0,19.5,16.9,11.1,9.9,5.2,2.9,4.6,4.9,7.5,10.0,12.8,14.6,15.3,13.2,7.7,6.9,2.9,0.3,1.5,1.7,3.2,5.5,7.9,10.3,11.2,9.6,4.3,4.0,0.6
North East,1940,29.2,18.5,12.6,5.4,0.1,0.0,0.0,0.0,0.1,1.1,4.0,9.7,11.4,12.4,11.4,10.4,7.5,4.1,16.8,6.1,8.4,14.9,15.7,12.5,49.6,52.6,61.6,42.1,30.9,19.5,152.9,27.0,43.6,89.1,107.1,64.6,49.5,29.0,101.7,108.4,213.3,282.3,155.2,159.4,156.0,68.9,57.6,38.1,1.3,3.4,8.7,10.8,16.3,21.3,18.7,18.8,16.2,11.9,8.7,5.9,-1.8,1.0,5.0,6.8,11.0,15.3,14.1,14.1,11.5,8.7,5.8,3.3,-5.0,-1.3,1.3,2.7,5.9,9.3,9.5,9.4,6.9,5.5,2.9,0.8
North East,1941,23.6,17.4,15.1,5.4,4.7,0.1,0.0,0.0,0.0,1.9,5.7,10.9,15.7,16.6,10.4,7.1,9.2,3.3,9.7,16.2,3.7,14.4,14.3,5.3,81.4,108.8,78.5,35.2,46.5,15.0,67.3,86.4,17.0,95.9,81.1,19.9,30.4,61.7,94.9,99.3,142.7,190.9,174.9,157.2,77.9,90.4,39.1,41.8,1.8,4.7,7.1,8.9,12.3,18.3,21.5,18.1,17.6,13.0,8.3,7.5,-0.3,1.7,3.6,5.5,8.0,13.3,16.3,13.8,13.7,9.4,5.3,4.7,-2.5,-1.3,0.0,2.0,3.7,8.4,11.2,9.6,9.8,5.9,2.3,1.8
North East,1942,25.2,27.0,16.1,2.7,1.9,0.0,0.0,0.0,0.3,0.9,7.0,7.0,15.2,8.5,8.5,8.0,11.4,4.8,13.9,12.2,12.0,11.8,7.0,14.0,82.6,41.6,37.9,29.6,65.9,32.3,74.5,65.2,62.1,64.5,34.9,60.3,18.7,42.2,69.2,208.1,195.6,195.7,178.1,111.0,146.6,93.7,45.4,31.4,2.3,2.1,6.9,11.9,14.4,18.2,19.0,19.4,16.8,13.2,7.8,7.9,0.1,-0.6,3.5,7.4,9.6,13.1,14.3,15.3,12.5,9.6,4.8,5.2,-2.2,-3.3,0.0,2.9,4.9,7.9,9.7,11.2,8.3,6.0,1.8,2.5
North East,1943,14.3,7.1,10.1,1.0,1.6,0.0,0.0,0.0,0.4,0.7,8.5,10.5,18.3,6.4,3.5,8.4,12.1,11.5,8.8,15.6,11.4,10.4,13.2,7.9,102.2,28.2,20.3,34.7,75.5,51.4,39.0,90.0,82.5,54.0,65.3,34.5,44.5,98.7,123.7,153.6,222.3,186.1,196.1,122.8,132.8,93.7,67.9,43.5,5.6,8.6,10.2,14.2,15.7,17.9,19.5,18.8,16.2,13.4,8.1,6.0,3.1,5.1,5.8,9.6,10.5,13.3,14.6,14.5,12.1,9.6,5.2,3.3,0.6,1.5,1.5,5.0,5.3,8.7,9.6,10.3,8.0,5.8,2.3,0.7
North East,1944,9.6,13.5,12.3,1.7,2.0,0.0,0.0,0.0,0.1,1.0,6.6,13.0,11.0,12.2,4.8,8.9,8.0,13.2,11.2,9.2,14.1,16.3,19.2,11.7,58.2,55.6,14.5,55.0,43.6,63.3,69.6,72.9,127.9,81.5,127.7,54.7,37.9,47.7,113.7,129.3,163.3,150.2,99.9,150.3,126.7,90.8,50.9,38.9,7.7,5.6,8.4,13.1,14.7,16.4,18.9,20.1,15.4,11.6,8.1,5.3,4.8,2.9,4.5,8.7,9.9,12.1,15.0,15.6,11.3,8.3,5.0,2.8,1.8,0.3,0.6,4.2,5.2,7.8,11.1,11.1,7.2,5.0,1.9,0.4
North East,1945,23.5,4.3,4.4,4.4,2.2,0.0,0.0,0.0,0.0,0.1,2.6,12.2,16.5,11.6,5.5,10.6,12.7,14.5,9.4,10.9,10.7,10.5,7.6,11.0,104.0,59.3,20.1,46.5,70.8,66.7,46.9,81.6,49.2,87.2,22.4,46.9,47.5,68.4,117.5,174.4,163.6,184.2,183.5,145.5,111.4,93.3,39.6,36.5,2.5,9.3,11.7,13.5,15.3,18.1,20.5,18.7,17.2,14.6,9.2,6.6,-0.2,6.0,7.4,8.6,10.6,13.5,15.9,14.4,13.2,10.6,6.8,3.9,-3.0,2.8,3.0,3.8,5.8,8.9,11.3,10.2,9.2,6.7,4.4,1.3
North East,1946,17.6,7.5,13.8,1.9,1.7,0.0,0.0,0.0,0.0,2.1,1.0,14.8,11.5,9.5,8.2,6.9,9.4,14.8,12.3,15.7,14.1,6.9,20.9,15.9,54.2,47.9,36.3,36.2,48.7,65.0,85.3,111.8,105.3,35.7,137.1,73.7,36.6,86.6,103.3,165.2,186.0,183.5,174.7,131.8,103.3,63.1,32.2,50.2,5.0,7.8,8.4,13.8,13.2,17.0,20.0,18.0,16.4,11.7,9.7,5.3,2.2,4.8,4.4,8.9,9.0,12.3,15.3,13.6,12.6,8.8,6.9,2.5,-0.6,1.8,0.6,4.0,4.8,7.5,10.6,9.2,8.9,6.0,4.2,-0.2
North East,1947,20.5,27.8,17.6,3.2,0.2,0.0,0.0,0.0,0.2,0.2,10.7,8.1,13.9,14.0,20.6,10.6,9.0,11.2,11.2,1.8,9.1,5.4,11.7,12.6,65.1,70.4,121.1,83.6,40.8,71.3,65.0,6.3,41.8,18.0,62.9,58.1,41.5,34.1,69.8,145.6,176.8,157.7,164.3,240.7,143.0,88.3,92.4,33.3,3.8,-0.1,4.8,11.5,16.5,18.9,20.1,22.3,18.7,14.3,9.1,6.8,1.5,-2.0,1.6,7.4,11.4,14.3,15.8,16.7,13.8,10.3,5.7,4.2,-0.8,-3.9,-1.5,3.3,6.5,9.8,11.5,11.3,9.0,6.3,2.4,1.7
North East,1948,10.6,11.4,6.6,3.6,2.4,0.0,0.0,0.0,0.2,3.0,8.7,10.0,21.4,11.0,4.5,8.6,10.0,17.3,7.9,14.6,9.8,9.9,9.2,12.1,162.2,40.1,28.3,46.0,47.1,106.8,33.7,110.6,64.3,46.8,36.8,70.5,35.4,56.2,140.9,174.7,210.8,156.7,164.3,107.5,111.2,87.9,58.3,43.8,6.2,6.5,11.5,12.7,14.6,16.3,18.8,17.6,16.6,13.0,9.0,7.2,3.7,3.8,6.9,8.0,9.6,12.1,14.5,13.7,12.7,9.2,5.9,4.4,1.2,1.1,2.3,3.2,4.5,7.9,10.0,9.8,8.8,5.3,2.9,1.7
North East,1949,10.9,8.5,14.6,2.1,1.3,0.0,0.0,0.0,0.0,2.3,4.9,5.6,7.7,6.7,7.9,9.2,9.3,5.6,7.5,7.5,6.1,12.0,16.8,15.6,32.7,30.1,29.1,54.8,37.6,21.2,59.4,55.2,32.3,93.8,98.2,79.8,51.7,106.1,94.3,149.2,209.5,235.5,194.9,176.9,126.6,93.0,53.5,46.0,7.2,8.4,7.3,13.7,14.9,18.8,20.6,20.4,19.3,14.2,8.4,7.4,4.1,4.6,3.9,9.2,9.8,13.3,15.7,15.5,15.0,10.5,5.5,4.7,1.0,0.8,0.5,4.7,4.7,7.8,10.8,10.7,10.7,6.9,2.6,2.0
North East,1950,12.0,11.3,5.8,6.7,0.3,0.0,0.0,0.0,0.0,2.4,6.3,23.6,7.0,15.7,7.8,15.1,11.0,8.7,11.8,16.7,15.8,9.6,19.2,14.5,40.6,104.1,28.5,65.5,52.2,41.7,78.2,102.8,99.6,38.5,126.3,61.9,27.1,78.7,123.1,137.9,130.2,232.8,179.6,154.3,107.1,96.0,53.9,36.6,6.0,7.2,10.7,10.5,13.2,20.2,19.7,19.3,15.7,12.3,7.5,2.6,3.6,3.9,6.5,6.3,9.4,14.9,15.1,14.7,11.8,8.9,4.7,0.3,1.1,0.5,2.3,2.0,5.6,9.6,10.5,10.2,8.0,5.5,1.8,-1.8
North East,1951,14.8,15.1,18.8,6.8,1.5,0.0,0.0,0.0,0.0,2.8,2.0,12.5,13.3,14.9,14.7,11.5,13.3,7.5,10.0,16.6,8.4,4.8,17.9,12.8,62.9,75.6,88.9,50.6,96.7,33.6,43.9,125.0,40.2,32.2,148.4,73.4,48.8,60.3,88.4,174.1,145.2,196.0,178.6,142.6,122.5,104.0,54.5,49.8,4.9,5.3,6.2,9.8,12.0,16.7,19.9,18.1,17.2,12.9,10.1,7.3,2.3,2.5,2.9,5.7,8.3,12.1,15.2,14.0,13.0,9.0,7.3,4.1,-0.2,-0.3,-0.4,1.6,4.5,7.3,10.5,9.8,8.9,5.2,4.4,0.9
North East,1952,21.3,17.7,8.4,3.7,0.2,0.0,0.0,0.0,0.2,1.7,10.9,17.2,14.5,5.9,11.4,8.0,8.0,9.6,7.9,11.1,16.1,12.2,14.2,16.2,59.5,17.5,55.8,38.6,43.0,47.1,34.4,67.1,94.4,80.9,77.6,66.7,66.6,82.3,85.4,158.2,198.3,175.3,178.8,171.2,100.9,106.9,65.5,49.1,4.0,5.9,8.4,13.1,16.6,18.0,19.9,19.4,13.7,11.4,6.2,4.7,1.3,2.6,5.2,8.2,11.7,13.2,15.4,15.0,10.1,8.0,3.4,2.1,-1.4,-0.7,2.0,3.4,6.9,8.5,10.9,10.5,6.5,4.8,0.6,-0.4
North East,1953,12.5,13.0,14.2,6.3,0.6,0.0,0.0,0.0,0.0,1.6,1.2,3.4,7.8,9.2,3.2,12.7,9.1,10.8,15.5,13.6,9.0,7.7,10.0,9.4,26.0,49.0,12.7,66.2,57.2,68.7,67.7,82.2,51.0,50.5,54.7,32.9,40.7,62.2,135.1,153.8,201.9,118.2,169.1,180.2,141.5,82.0,44.5,31.5,5.7,6.9,10.2,10.1,16.0,16.3,18.8,19.8,17.3,12.7,10.0,8.1,3.2,3.9,5.3,5.8,11.4,12.6,14.5,15.0,13.1,8.8,7.3,5.7,0.6,1.0,0.4,1.6,6.8,8.8,10.3,10.3,8.9,4.9,4.6,3.5
North East,1954,16.5,18.0,8.5,6.1,0.2,0.0,0.0,0.0,0.8,1.2,4.6,8.4,11.2,13.6,10.6,3.6,11.7,11.1,12.8,19.6,15.8,16.2,17.2,11.5,58.6,60.2,49.3,11.7,87.8,56.8,59.0,139.0,73.7,118.2,122.0,72.5,43.4,43.8,87.1,147.2,141.4,129.8,135.9,102.9,158.5,84.4,66.5,45.5,4.7,3.9,7.6,11.0,14.3,15.9,17.3,17.1,15.9,14.1,8.9,8.0,2.1,1.0,4.4,6.6,10.0,12.2,13.2,13.4,11.5,10.7,5.7,5.3,-0.5,-1.8,1.1,2.3,5.9,8.5,9.2,9.6,7.1,7.3,2.7,2.7
North East,1955,15.8,21.3,23.3,3.9,2.7,0.2,0.0,0.0,0.0,6.6,4.2,12.9,9.9,15.2,9.6,7.7,13.7,10.1,3.3,4.9,9.0,9.4,8.8,15.3,56.7,61.5,53.8,24.7,71.0,63.5,28.9,23.0,35.1,50.4,42.6,87.3,37.4,74.4,135.2,156.2,192.1,169.1,252.9,171.1,152.5,119.8,45.2,49.5,4.0,3.0,6.0,12.9,12.5,16.3,21.2,21.0,17.9,12.5,9.2,7.3,1.5,0.1,2.3,8.4,8.1,12.0,15.9,16.3,13.3,8.4,6.5,4.1,-0.9,-2.9,-1.4,3.9,3.8,7.7,10.7,11.7,8.7,4.3,3.8,1.1
North East,1956,17.7,24.4,9.8,12.8,0.7,0.0,0.0,0.0,0.0,1.4,5.2,8.9,18.0,14.8,7.6,7.8,5.2,13.4,13.7,19.9,9.5,9.2,7.6,14.2,105.6,51.8,27.3,31.0,19.8,79.8,92.7,171.3,61.3,42.9,28.0,66.4,54.4,54.5,118.8,156.4,227.8,139.6,150.8,125.6,109.1,111.6,56.9,23.1,4.7,2.5,8.3,9.7,16.1,15.9,18.2,15.8,16.8,12.3,8.3,7.2,2.1,-0.6,4.8,5.3,10.8,11.7,14.5,12.1,13.0,8.7,5.4,4.8,-0.5,-3.6,1.2,0.8,5.5,7.6,10.7,8.4,9.2,5.1,2.6,2.4
North East,1957,9.9,13.5,2.3,3.7,2.3,0.0,0.0,0.0,0.0,0.4,3.7,12.3,14.5,12.4,11.4,3.5,9.9,9.6,16.4,15.2,15.0,10.8,9.6,10.9,58.3,68.9,43.9,11.0,40.3,48.8,92.1,104.5,94.3,57.1,51.7,61.8,43.9,86.4,86.1,142.9,199.2,272.0,121.4,121.6,120.3,87.6,58.2,45.4,7.5,7.0,11.2,11.6,13.7,19.0,18.9,17.8,14.7,13.3,8.3,6.5,4.5,3.6,7.7,7.3,9.0,13.4,15.1,14.1,11.2,9.6,5.8,3.5,1.5,0.1,4.2,3.0,4.4,7.8,11.5,10.5,7.8,6.0,3.4,0.6
North East,1958,16.7,15.6,18.4,7.8,1.0,0.0,0.0,0.0,0.0,0.1,7.5,10.4,11.9,15.0,11.2,7.1,15.3,16.5,15.1,14.5,12.6,10.8,5.6,15.2,64.6,99.8,61.0,33.9,77.0,93.3,98.9,70.3,65.0,50.4,21.6,93.5,59.4,64.1,105.0,144.0,161.2,118.3,166.9,138.5,128.2,106.7,50.8,32.1,4.9,6.1,5.2,10.5,14.2,16.1,18.8,19.1,17.6,13.4,8.4,6.2,1.9,2.9,2.1,6.3,9.7,12.1,14.6,14.9,13.7,9.7,5.3,3.6,-1.2,-0.2,-0.9,2.1,5.2,8.1,10.4,10.7,9.8,6.1,2.3,1.0
North East,1959,24.3,11.7,1.6,2.2,0.9,0.0,0.0,0.0,0.0,0.3,6.2,3.3,11.7,2.5,8.5,11.1,3.4,8.9,8.4,2.9,2.5,10.3,14.8,19.5,68.1,11.4,37.0,61.4,14.5,43.2,51.9,16.2,13.9,54.1,99.8,112.9,81.9,49.7,82.8,154.2,216.0,213.4,216.3,196.1,165.2,132.4,46.1,27.4,3.4,6.7,9.5,12.6,15.8,18.7,21.1,21.2,18.7,15.6,9.0,7.3,0.3,3.8,6.1,8.3,10.8,13.8,16.0,16.2,13.5,11.3,5.9,4.7,-2.7,0.9,2.7,4.0,5.8,8.8,10.9,11.2,8.4,7.1,2.9,2.2
North East,1960,15.7,16.7,4.3,2.8,0.6,0.0,0.0,0.0,0.0,0.4,4.2,14.8,18.0,12.3,9.6,8.5,4.5,5.3,16.5,15.6,12.3,22.1,18.3,14.9,123.0,68.3,42.7,31.0,35.5,21.5,107.0,83.0,66.8,166.3,103.1,87.7,36.0,77.4,58.7,148.5,191.8,248.4,139.0,152.9,108.1,51.8,54.5,46.7,5.6,5.8,7.1,12.4,15.9,19.8,18.3,18.2,16.0,12.1,8.7,5.6,2.9,2.7,4.7,8.0,11.2,14.6,14.0,14.0,12.2,9.4,5.7,3.1,0.3,-0.4,2.2,3.7,6.6,9.3,9.8,9.7,8.4,6.8,2.8,0.6
North East,1961,15.6,3.7,3.3,2.0,0.5,0.0,0.0,0.0,0.0,0.2,7.2,21.7,17.2,9.8,4.1,14.1,7.2,7.2,9.5,14.5,10.6,17.0,10.6,12.2,98.8,44.9,20.3,68.7,39.8,40.1,75.9,78.8,56.5,93.7,44.5,74.3,43.5,63.3,130.1,96.4,180.8,185.1,127.3,177.2,124.3,105.9,67.6,44.8,4.9,8.5,11.8,12.1,13.7,18.3,17.7,18.6,18.3,13.3,8.2,4.2,2.3,5.5,7.5,8.4,9.6,13.5,13.7,14.1,13.9,9.6,5.3,1.2,-0.2,2.5,3.2,4.7,5.4,8.6,9.7,9.6,9.5,6.0,2.4,-1.7
North East,1962,10.6,10.6,22.1,4.8,0.7,0.6,0.0,0.0,0.0,2.0,10.3,23.3,13.8,8.8,9.5,10.7,12.3,4.3,7.0,13.4,13.5,4.5,12.3,12.5,70.3,35.2,32.9,62.2,61.5,16.0,53.6,98.6,88.5,19.5,62.8,55.2,65.6,72.0,112.0,151.5,162.7,212.6,114.4,148.4,90.7,97.9,50.3,62.3,6.3,6.8,5.3,10.3,13.1,17.5,17.1,17.3,15.3,13.2,7.3,4.4,3.3,3.7,1.6,6.3,9.0,12.5,13.1,13.3,11.6,9.6,4.4,1.1,0.2,0.6,-2.0,2.4,5.1,7.5,9.2,9.3,8.0,5.9,1.5,-2.1
North East,1963,26.4,27.9,9.3,2.5,0.3,0.0,0.0,0.0,0.0,0.1,4.0,12.5,10.0,8.9,13.0,13.6,11.0,13.5,11.2,16.8,8.6,9.4,19.1,8.2,45.5,38.2,65.3,55.3,40.7,83.2,48.0,116.2,54.8,42.9,126.8,31.0,55.6,66.5,98.8,114.7,183.8,179.8,172.7,109.0,155.5,92.3,42.6,36.0,1.2,1.1,8.0,10.7,13.7,17.3,18.4,16.7,16.3,13.2,9.3,4.9,-1.2,-1.7,4.5,7.0,9.2,13.1,13.8,12.9,11.9,9.6,6.6,2.4,-3.6,-4.5,1.0,3.4,4.8,8.9,9.2,9.2,7.6,6.1,3.9,-0.1
North East,1964,13.9,11.6,10.9,1.3,0.0,0.0,0.0,0.0,0.3,3.3,6.4,18.1,6.2,5.8,13.0,11.6,7.6,13.2,7.6,10.6,7.7,7.3,8.8,12.5,25.8,25.3,90.2,51.9,28.6,67.7,39.3,58.3,31.8,32.5,32.5,68.8,56.2,60.0,43.0,113.5,202.9,135.9,173.1,169.5,159.3,101.7,60.7,44.1,5.4,6.2,4.9,11.8,16.5,16.6,19.2,18.9,17.7,11.8,9.4,5.5,2.6,3.4,2.8,8.0,11.7,12.6,14.7,14.3,12.8,7.9,6.2,2.3,-0.1,0.7,0.8,4.3,7.1,8.5,10.2,9.8,8.0,4.0,3.0,-0.9
North East,1965,16.6,11.6,15.3,4.2,1.3,0.0,0.0,0.0,0.0,0.2,15.5,13.0,15.7,7.4,10.2,13.1,12.3,9.8,13.3,11.7,15.8,5.0,18.3,16.9,76.8,28.6,57.5,66.1,56.6,50.9,81.1,66.4,135.6,31.6,132.6,97.2,64.4,34.0,117.5,153.4,155.8,171.4,97.8,157.7,85.4,93.3,62.7,50.8,5.1,5.3,7.7,11.4,14.4,17.7,16.3,17.9,15.1,13.6,6.0,5.4,2.4,2.9,3.7,7.0,10.2,13.2,12.5,13.5,11.6,9.9,3.3,2.7,-0.3,0.5,-0.2,2.6,6.0,8.6,8.7,9.1,8.2,6.3,0.6,0.0
North East,1966,16.3,11.3,6.8,6.0,0.4,0.0,0.0,0.0,0.0,1.1,8.1,10.6,12.2,16.1,6.6,15.2,10.5,12.2,12.6,13.8,8.1,14.4,15.5,13.7,47.3,113.0,25.8,86.7,58.5,80.7,66.4,113.7,42.8,90.8,72.0,74.0,25.4,36.2,116.4,86.8,203.2,138.8,168.4,144.3,115.2,71.8,51.7,49.8,3.9,6.1,9.3,8.3,14.7,18.3,17.9,17.4,16.7,12.3,7.6,6.5,1.8,3.6,5.6,5.4,9.9,13.9,13.7,13.5,12.9,9.0,4.7,3.6,-0.3,1.1,1.9,2.5,5.2,9.6,9.5,9.6,9.1,5.8,1.8,0.7
North East,1967,12.5,6.9,3.6,3.6,2.3,0.0,0.0,0.0,0.0,0.3,9.4,14.2,9.8,10.9,9.0,8.5,21.4,5.8,8.4,11.8,12.7,15.6,10.4,11.6,39.2,72.9,43.1,42.6,128.7,38.4,62.0,82.2,66.0,121.0,80.4,50.3,65.1,77.4,147.5,116.2,136.2,209.4,189.1,141.8,106.0,103.7,62.0,59.0,5.8,7.3,9.5,10.6,12.6,17.6,20.0,18.8,16.2,12.8,7.7,6.0,3.1,4.5,6.2,6.9,8.7,12.7,15.5,14.6,12.5,9.5,4.3,3.1,0.5,1.7,2.9,3.1,4.9,7.9,10.9,10.3,8.8,6.3,1.0,0.3
North East,1968,15.0,22.0,8.1,10.0,1.8,0.0,0.0,0.0,0.0,0.0,3.4,15.5,10.7,7.9,9.6,9.5,11.8,10.7,11.3,10.0,15.0,11.5,13.4,10.9,46.5,41.9,60.7,52.8,61.3,63.3,102.7,59.1,121.7,75.7,77.4,72.8,40.9,64.3,104.0,183.3,143.5,200.4,107.1,126.4,108.8,63.0,32.9,31.5,6.0,3.8,9.3,11.8,12.3,18.2,16.9,17.8,16.3,14.2,7.8,4.5,3.2,1.0,5.5,7.1,8.3,13.4,13.3,14.1,12.6,11.3,5.7,2.3,0.4,-1.7,1.8,2.5,4.3,8.6,9.7,10.4,9.0,8.4,3.6,0.2
North East,1969,9.8,20.9,16.9,8.9,0.4,0.1,0.0,0.0,0.1,0.1,13.6,15.5,11.5,14.0,11.8,12.3,17.2,9.3,7.4,9.9,7.0,5.5,15.4,13.6,75.8,66.8,75.5,67.6,87.4,72.5,53.7,48.6,51.6,17.4,127.4,66.4,31.5,61.2,65.1,161.2,123.7,238.1,206.6,136.0,100.3,95.3,67.1,25.0,6.7,2.2,4.4,10.3,13.4,17.6,20.5,19.2,16.7,15.4,6.9,4.8,4.1,-0.3,2.0,6.0,9.6,12.6,15.7,15.2,12.8,11.7,3.8,2.3,1.6,-2.7,-0.5,1.8,5.8,7.6,10.9,11.2,9.0,8.1,0.7,-0.1
North East,1970,12.5,17.5,18.3,11.3,0.1,0.0,0.0,0.0,0.0,0.7,5.1,10.7,17.0,13.0,12.1,14.4,4.5,5.9,12.5,8.1,7.6,9.9,17.1,13.4,84.0,59.7,48.0,74.8,17.0,30.2,77.2,65.1,38.6,52.7,110.7,58.6,31.8,98.2,118.7,137.2,178.7,242.9,144.0,171.0,126.6,100.1,55.2,44.4,4.7,4.8,6.5,9.3,15.8,19.6,18.3,19.4,17.4,13.5,8.9,6.1,2.3,1.6,2.8,5.6,11.2,14.4,14.3,15.0,13.3,9.6,5.9,3.6,-0.1,-1.5,-0.8,1.8,6.6,9.1,10.2,10.6,9.3,5.7,2.9,1.3
North East,1971,10.7,10.3,11.2,5.3,1.7,0.1,0.0,0.0,0.0,1.9,12.1,5.3,12.6,5.6,11.8,5.5,9.1,11.6,6.6,12.7,5.0,7.2,11.9,7.8,65.8,24.9,62.3,51.5,43.3,63.2,44.8,117.5,20.1,41.4,76.1,30.2,33.3,66.6,85.0,107.0,221.6,124.2,209.2,125.5,153.5,117.7,69.7,33.7,6.0,7.1,7.5,10.1,15.1,14.6,20.4,18.3,17.7,14.3,8.2,8.3,3.4,3.9,4.3,6.5,10.2,11.0,15.5,14.4,13.1,10.3,5.1,5.8,0.9,0.7,1.1,2.8,5.3,7.3,10.6,10.4,8.6,6.4,2.0,3.4
North East,1972,11.3,8.8,8.0,1.2,0.2,0.0,0.0,0.0,0.4,0.9,8.8,8.3,17.9,11.7,13.6,11.2,14.4,15.1,8.4,5.6,4.3,4.1,12.8,9.9,94.7,54.8,65.0,48.9,62.6,70.5,48.3,25.4,35.2,17.6,75.4,57.5,37.9,33.4,115.6,114.6,157.8,149.5,152.9,179.2,103.4,89.4,65.5,32.0,5.1,5.5,8.8,11.0,13.7,15.4,18.3,18.4,14.7,13.3,8.2,7.0,2.9,3.1,5.1,7.4,9.7,11.1,14.0,13.9,10.6,9.5,5.2,4.2,0.8,0.7,1.3,3.8,5.7,6.9,9.7,9.5,6.6,5.7,2.1,1.4
North East,1973,9.8,13.0,9.7,6.4,1.7,0.0,0.0,0.0,0.0,3.2,12.2,14.3,7.6,6.1,4.1,12.2,12.7,6.7,11.4,9.3,9.7,9.9,6.1,9.5,34.0,24.0,15.4,66.4,67.5,56.9,102.7,60.7,61.6,47.4,28.1,51.1,36.8,96.6,115.4,140.1,168.9,211.9,132.7,166.4,127.9,76.8,89.8,54.3,6.0,7.0,10.1,9.8,14.1,18.8,18.8,19.2,16.8,11.6,7.8,6.6,3.6,3.6,5.8,5.8,9.9,14.0,14.7,14.7,12.8,8.1,4.5,3.5,1.3,0.2,1.5,1.9,5.8,9.1,10.5,10.3,8.8,4.6,1.2,0.3
North East,1974,6.8,8.1,8.2,5.2,1.2,0.2,0.0,0.0,0.7,1.7,5.5,3.5,14.2,12.3,11.4,3.0,6.8,8.9,11.6,10.6,15.0,16.0,14.2,12.7,80.6,61.7,46.7,18.9,25.0,46.0,74.7,68.0,81.2,102.3,83.3,62.6,55.0,62.3,90.3,120.2,199.3,176.9,151.9,173.5,124.5,75.4,57.7,53.4,7.6,7.4,7.5,9.8,14.6,16.7,18.2,18.8,14.9,9.8,8.2,9.3,4.6,4.5,4.4,6.0,9.9,12.2,13.9,14.1,11.0,6.8,5.2,6.5,1.6,1.6,1.2,2.2,5.2,7.7,9.6,9.6,7.2,3.9,2.3,3.8
North East,1975,7.1,10.4,12.0,5.8,2.2,0.3,0.0,0.0,0.1,1.0,10.0,9.0,15.2,5.5,13.0,15.0,7.2,5.3,11.2,5.9,12.2,5.0,12.3,6.8,74.8,24.0,63.5,65.4,49.8,28.2,61.0,55.3,66.9,27.3,50.6,46.3,42.0,44.2,95.6,117.9,188.9,245.2,182.1,228.2,135.3,91.4,73.2,54.4,8.3,6.2,6.8,11.1,12.1,18.3,20.5,22.6,16.4,12.5,8.3,7.4,5.3,3.4,3.7,7.3,8.1,12.9,15.9,17.4,12.1,8.9,5.0,4.5,2.4,0.6,0.6,3.5,4.0,7.5,11.4,12.1,7.8,5.3,1.8,1.7
North East,1976,10.9,8.9,13.2,4.9,0.0,0.0,0.0,0.0,0.1,0.1,9.2,20.6,10.9,7.6,9.2,5.2,15.4,3.4,5.3,2.9,13.9,21.7,9.0,12.8,65.9,28.3,36.0,25.0,83.3,11.6,25.1,19.7,159.3,140.5,38.6,72.2,48.7,47.2,99.0,123.3,131.7,242.3,257.5,228.1,84.2,67.7,65.2,54.9,7.1,6.3,6.9,10.6,14.6,20.8,22.2,21.1,15.7,12.7,7.9,3.4,4.6,3.8,3.8,6.8,10.4,15.4,16.5,15.5,12.1,9.7,4.8,1.1,2.0,1.3,0.7,3.1,6.3,10.0,10.7,10.0,8.6,6.7,1.7,-1.1
North East,1977,17.3,8.2,5.4,6.6,1.9,0.1,0.0,0.0,0.0,0.0,7.5,4.6,14.0,16.4,13.8,12.1,8.3,10.6,5.7,10.9,7.1,9.1,15.6,10.9,96.6,101.5,59.9,44.5,51.4,77.3,19.6,63.8,29.1,48.0,86.8,70.6,50.9,57.3,85.7,160.0,210.8,163.5,168.4,150.0,100.6,93.7,79.8,39.2,4.0,5.9,9.0,10.1,13.1,15.3,18.6,18.1,15.9,13.9,8.1,7.2,1.4,3.3,5.7,6.2,8.9,11.2,14.3,14.0,12.1,10.5,5.2,4.9,-1.1,0.7,2.4,2.3,4.8,7.1,10.1,10.0,8.4,7.2,2.4,2.7
North East,1978,18.0,17.9,6.4,7.1,0.1,0.1,0.0,0.0,0.0,0.3,6.0,14.6,15.3,15.8,12.5,7.9,7.0,10.1,12.2,13.9,10.8,5.4,8.6,20.5,99.5,76.4,54.2,43.1,44.4,58.7,77.3,79.4,57.9,21.2,45.1,178.1,46.3,50.9,113.6,97.0,195.5,163.5,139.5,108.9,124.1,86.6,72.1,21.4,4.4,3.6,9.4,8.5,14.3,16.9,17.5,17.6,16.6,14.3,10.5,5.0,1.8,0.9,5.7,5.2,9.9,12.5,13.4,13.8,12.9,10.9,7.3,2.6,-0.8,-1.8,2.1,1.9,5.4,8.1,9.3,10.2,9.3,7.5,4.2,0.2
North East,1979,26.4,22.8,12.8,4.9,5.2,0.0,0.0,0.0,0.5,0.6,7.8,8.9,10.7,8.3,16.3,13.9,16.7,7.7,5.8,13.3,6.7,10.7,11.7,18.1,61.9,48.3,120.1,49.0,110.7,33.3,32.6,87.3,36.9,65.6,77.7,123.7,50.9,56.5,86.6,110.1,163.8,184.7,167.0,148.6,161.7,94.7,71.1,48.9,2.0,2.6,6.4,10.0,13.1,17.5,19.4,18.0,16.8,13.5,8.8,6.8,-1.0,0.4,3.5,6.4,8.8,13.0,14.9,13.8,12.3,10.1,5.4,4.3,-4.0,-1.9,0.5,2.9,4.5,8.5,10.3,9.6,8.0,6.7,2.1,2.0
North East,1980,19.1,6.4,12.1,3.8,1.6,0.0,0.0,0.0,0.0,3.5,6.2,10.4,13.2,12.8,14.9,3.6,4.9,16.8,9.8,11.7,9.0,16.0,17.3,11.9,78.1,72.3,92.2,12.3,26.7,126.2,51.1,103.7,37.7,104.3,82.6,56.4,46.6,34.5,84.2,162.1,220.1,146.8,136.1,131.2,127.7,105.0,49.9,45.8,3.8,6.8,6.6,11.9,14.1,16.9,17.6,18.6,17.5,11.4,8.4,7.6,1.5,4.3,3.4,7.5,9.4,12.8,13.5,14.5,13.6,7.8,5.8,4.7,-0.9,1.7,0.3,3.2,4.6,8.8,9.4,10.5,9.8,4.3,3.3,1.8
North East,1981,14.6,17.6,5.9,4.7,2.1,0.0,0.0,0.0,0.0,5.1,4.5,23.7,11.9,6.6,19.1,8.9,13.6,9.1,9.7,5.5,12.6,14.2,11.4,10.1,40.8,48.4,125.4,71.7,59.9,37.7,56.1,43.1,105.6,94.0,61.0,58.5,52.6,64.0,63.8,134.7,168.2,165.4,159.3,170.3,154.1,133.6,57.2,46.8,6.5,5.1,9.4,10.1,14.8,16.4,18.9,19.6,18.0,10.8,9.7,2.2,3.5,2.4,6.3,6.4,10.4,12.4,14.6,15.0,13.6,7.0,6.4,-0.8,0.5,-0.4,3.2,2.8,6.0,8.4,10.3,10.5,9.3,3.4,3.2,-3.8
North East,1982,15.2,10.1,7.9,4.0,2.3,0.0,0.0,0.0,0.0,1.2,5.8,15.9,10.8,6.1,11.4,3.4,7.0,14.3,3.8,13.2,10.4,15.8,15.1,10.6,70.1,24.2,71.5,13.8,36.3,130.3,28.3,75.1,55.6,85.6,87.9,69.3,53.9,56.8,145.7,163.7,223.8,124.3,166.9,158.8,150.1,59.4,54.5,45.1,4.7,7.0,8.9,12.3,15.4,17.3,19.3,19.0,17.6,12.2,9.2,6.0,1.5,3.9,5.1,7.7,10.2,13.5,15.1,14.8,13.1,9.1,6.5,2.9,-1.7,0.9,1.3,3.0,5.1,9.7,10.9,10.6,8.7,6.1,3.9,-0.1
North East,1983,6.0,20.7,4.7,8.4,0.1,0.0,0.0,0.0,0.1,4.2,6.5,8.3,12.4,9.9,13.0,15.0,17.5,6.3,5.2,4.5,12.1,11.7,6.6,14.6,61.6,46.3,60.3,100.3,98.9,34.8,38.0,25.9,79.8,58.2,39.3,106.9,58.9,65.0,84.4,122.2,108.0,160.3,196.4,189.0,111.1,109.5,43.9,44.0,8.2,3.6,8.7,9.2,12.2,16.8,22.2,20.7,16.1,12.9,9.0,7.4,5.4,1.0,5.5,5.4,8.7,12.6,17.0,15.8,12.4,9.3,6.4,4.6,2.5,-1.6,2.3,1.6,5.2,8.3,11.9,11.0,8.8,5.8,3.9,1.9
North East,1984,17.9,13.6,8.1,9.0,2.5,0.0,0.0,0.0,0.0,0.3,0.8,9.7,17.7,9.3,12.2,4.5,6.6,8.3,5.3,7.8,14.3,11.5,17.4,11.7,113.2,42.0,71.4,13.8,43.4,43.9,23.0,60.2,103.2,60.0,132.6,42.7,60.2,54.9,48.4,200.2,178.4,180.2,213.2,188.9,98.6,106.8,44.6,48.0,4.8,5.3,6.4,11.6,12.9,17.4,20.6,20.7,15.7,13.8,9.4,6.9,2.1,2.6,3.8,6.7,8.5,13.0,15.3,15.8,12.4,10.1,7.1,4.2,-0.7,-0.1,1.2,1.8,4.0,8.7,10.1,11.0,9.2,6.4,4.8,1.5
North East,1985,24.1,17.4,14.1,3.3,0.2,0.0,0.0,0.0,0.0,0.1,14.7,8.5,17.8,2.2,13.5,12.4,10.7,13.6,13.4,16.6,8.3,5.4,16.3,14.9,79.3,8.1,66.6,62.7,71.8,62.5,80.0,96.3,53.4,32.4,80.4,85.1,38.0,71.4,110.0,110.6,137.1,164.1,163.0,145.9,115.8,104.2,84.5,34.4,3.0,4.8,7.3,11.0,13.2,15.4,19.1,17.6,17.6,13.9,6.0,7.4,0.5,1.7,3.7,7.3,9.4,11.2,14.8,13.7,13.3,10.4,2.9,4.9,-2.0,-1.3,0.2,3.6,5.6,7.0,10.6,9.8,9.1,6.9,-0.1,2.4
North East,1986,16.0,24.2,10.7,8.1,0.1,0.0,0.0,0.0,0.7,0.2,1.4,9.1,16.5,8.0,12.7,15.6,13.5,6.8,7.9,13.8,2.5,11.1,12.5,16.8,85.7,37.2,57.0,95.2,88.7,36.2,40.5,122.0,21.5,60.1,68.4,108.3,60.2,63.9,123.5,113.2,196.5,198.4,161.6,118.9,184.4,123.7,76.7,49.2,4.8,1.0,7.8,8.3,14.6,17.6,19.3,16.2,15.4,13.5,9.9,7.6,2.2,-1.3,4.1,4.8,10.4,13.0,14.8,12.3,10.6,9.6,6.7,4.7,-0.4,-3.6,0.5,1.3,6.1,8.4,10.4,8.5,5.8,5.8,3.5,1.8
North East,1987,20.4,15.7,16.5,0.8,1.1,0.0,0.0,0.0,0.2,2.3,3.3,7.5,7.8,9.2,12.2,8.5,10.9,17.3,11.4,11.2,9.2,14.4,11.9,9.1,42.8,47.8,84.2,61.4,42.7,95.7,74.5,82.6,58.9,116.1,63.1,48.0,48.9,67.0,97.1,145.2,175.6,102.1,153.8,126.6,157.1,96.5,49.8,26.7,2.8,5.9,6.4,13.1,12.8,15.0,18.6,18.2,16.5,11.9,8.2,7.5,0.5,2.7,3.2,8.8,8.6,11.3,14.7,14.4,12.3,8.4,5.7,5.1,-1.9,-0.4,-0.1,4.5,4.4,7.7,10.7,10.6,8.2,4.9,3.2,2.7
North East,1988,8.1,9.9,9.8,5.1,0.2,0.0,0.0,0.0,0.2,2.4,11.0,1.2,16.2,11.5,16.2,7.9,12.3,5.5,19.5,12.9,8.8,12.6,7.4,7.2,103.1,54.3,75.9,32.3,54.9,30.9,133.3,65.1,47.1,78.7,58.1,35.4,47.4,107.5,96.7,112.4,182.9,178.9,143.8,181.7,142.7,92.9,89.3,54.0,6.6,6.9,8.3,10.8,14.4,17.4,17.8,18.8,16.0,12.5,8.0,9.0,4.0,3.9,4.9,7.1,10.1,13.1,14.0,14.5,12.2,9.4,4.6,6.4,1.3,0.9,1.5,3.4,5.8,8.9,10.2,10.2,8.4,6.3,1.2,3.7
North East,1989,4.6,8.3,7.4,6.8,0.4,0.1,0.0,0.0,0.0,0.0,6.8,9.4,5.8,9.6,13.3,14.4,4.2,8.3,5.7,8.6,5.1,12.6,6.7,10.8,25.8,57.1,59.6,65.0,16.9,57.3,29.5,51.7,23.0,61.9,38.6,80.8,61.6,96.4,113.8,122.5,253.6,227.8,247.3,219.1,129.8,91.7,76.3,29.4,8.4,8.3,10.1,8.9,16.4,18.4,21.7,20.3,17.5,14.2,8.6,6.3,5.5,4.9,6.1,5.4,11.3,13.1,16.5,15.4,13.3,10.6,5.7,3.7,2.6,1.5,2.1,1.9,6.2,7.9,11.3,10.5,9.2,7.0,2.9,1.2
North East,1990,4.4,4.1,5.0,7.2,0.1,0.0,0.0,0.0,0.0,0.3,4.3,7.7,15.4,15.1,5.0,6.9,6.9,14.5,6.1,7.7,8.6,12.3,12.3,13.2,86.6,99.5,20.7,21.6,36.4,71.5,30.9,43.8,41.9,75.3,54.6,100.6,58.5,72.6,132.3,196.3,214.9,113.8,236.0,209.4,123.6,86.3,51.5,41.2,8.2,9.1,11.3,11.9,16.0,16.7,20.3,22.1,15.9,13.9,8.6,6.4,5.4,6.1,7.6,7.1,11.0,12.6,15.1,17.0,11.9,10.8,6.0,3.8,2.5,3.1,3.8,2.3,5.9,8.5,9.9,12.0,7.8,7.6,3.5,1.3
North East,1991,18.9,19.0,4.5,5.4,0.7,0.3,0.0,0.0,0.1,0.7,7.5,12.5,11.4,12.0,10.9,8.7,4.0,16.1,8.4,5.4,7.8,10.0,12.4,6.7,64.7,84.4,59.3,39.2,16.3,64.2,37.6,23.6,47.8,56.5,78.8,50.7,73.7,49.8,66.8,148.7,128.1,143.1,185.1,196.1,167.8,76.6,57.0,49.0,4.9,4.2,10.1,10.7,13.6,15.2,21.0,21.1,18.1,12.2,8.6,7.0,2.1,1.4,6.8,6.9,9.8,11.1,16.4,16.1,13.2,9.3,5.4,3.8,-0.7,-1.4,3.5,3.0,6.0,7.0,11.8,11.2,8.4,6.3,2.3,0.6
North East,1992,16.1,8.4,3.4,2.2,0.6,0.0,0.0,0.0,0.0,5.4,6.3,15.0,5.6,8.2,13.8,13.1,6.4,5.1,10.9,13.0,13.8,10.7,15.2,8.1,39.0,34.9,84.7,70.8,28.3,27.1,83.9,91.2,91.7,74.5,86.4,61.0,59.7,78.0,89.7,119.6,233.8,193.8,161.9,174.5,109.4,85.5,66.4,36.4,6.0,8.2,9.6,11.6,16.7,19.4,19.3,18.8,15.7,9.9,9.4,5.4,3.1,4.8,6.3,7.7,11.7,14.6,15.1,14.4,12.1,6.7,5.9,2.7,0.1,1.4,2.9,3.9,6.7,9.8,10.9,10.1,8.5,3.4,2.4,0.0
North East,1993,8.6,6.8,9.0,2.0,0.6,0.0,0.0,0.0,0.2,5.5,12.3,12.6,14.9,4.7,5.0,13.0,9.7,9.1,12.7,10.6,12.6,11.1,9.6,17.7,79.0,17.4,17.5,102.8,81.5,42.3,61.0,71.7,114.3,76.3,68.1,104.3,43.2,49.0,111.5,104.5,163.0,176.0,166.6,162.2,89.8,93.2,41.7,49.5,7.6,7.0,9.4,11.6,13.9,17.9,18.5,17.8,14.8,10.7,6.2,6.4,4.4,4.4,5.6,8.1,9.9,13.3,14.3,13.4,11.4,7.5,3.7,3.7,1.1,1.9,1.7,4.6,5.9,8.8,10.0,9.0,8.0,4.4,1.2,1.1
North East,1994,11.6,17.0,3.7,3.8,0.7,0.0,0.0,0.0,0.0,0.9,2.1,8.5,16.0,10.5,13.4,12.1,6.9,7.6,7.7,9.0,12.5,10.9,11.9,14.3,98.4,61.0,62.4,54.5,37.3,27.6,50.1,61.9,87.9,64.8,70.7,98.2,63.7,61.6,123.5,170.7,157.0,208.6,204.2,165.8,111.8,95.6,57.0,57.0,6.4,4.6,9.8,11.1,12.8,18.0,21.7,18.8,15.1,12.5,11.3,8.0,3.7,1.8,6.3,7.2,9.0,13.5,16.5,14.6,11.5,8.9,8.4,5.0,1.0,-1.0,2.9,3.4,5.2,8.9,11.3,10.4,7.9,5.4,5.6,2.0
North East,1995,15.7,6.5,15.7,6.5,2.5,0.0,0.0,0.0,0.3,0.6,5.6,16.5,14.4,14.2,12.9,5.6,10.0,7.9,6.4,3.1,13.7,7.2,12.1,12.4,107.6,81.2,52.1,26.7,43.8,25.6,25.5,8.8,98.4,34.6,81.8,70.5,55.1,87.5,153.9,168.5,195.2,183.5,219.6,250.9,125.7,126.2,56.6,35.7,6.1,8.2,8.0,11.8,15.3,16.8,22.2,22.5,16.4,15.8,9.6,4.0,3.0,5.1,4.2,7.6,10.4,12.4,17.0,17.0,12.6,11.9,6.8,1.5,-0.1,2.0,0.5,3.4,5.7,8.0,11.8,11.4,8.7,8.0,4.0,-0.9
North East,1996,7.7,19.7,10.4,6.5,3.6,0.0,0.0,0.0,0.0,0.1,14.2,14.5,9.1,13.7,6.9,7.6,9.6,6.0,8.1,10.7,5.3,12.2,14.8,11.4,42.3,70.9,24.9,40.2,43.0,24.4,42.3,65.8,23.7,55.3,99.6,80.9,14.2,81.3,45.1,122.8,185.3,223.3,210.3,178.3,112.4,112.8,84.8,41.9,4.8,4.9,5.3,11.4,12.3,18.2,20.2,20.3,16.2,14.2,7.7,4.8,3.3,1.9,3.1,7.3,8.1,13.0,15.2,15.5,12.6,10.4,4.6,2.4,1.7,-1.0,0.9,3.2,3.9,7.8,10.1,10.9,8.9,6.6,1.5,0.1
North East,1997,20.8,5.0,3.7,4.5,2.4,0.0,0.0,0.0,0.0,4.7,1.8,6.4,4.7,13.7,6.8,5.0,10.9,17.1,11.7,10.2,6.5,8.0,14.7,15.1,15.3,87.2,24.4,17.9,61.9,148.0,63.0,65.3,23.4,44.0,74.3,96.6,42.1,84.9,132.3,133.2,217.8,128.7,207.3,187.0,157.4,112.2,37.8,32.2,4.8,8.8,11.3,12.2,14.8,16.3,20.3,22.1,17.0,12.7,10.1,7.5,2.1,5.6,7.3,7.8,9.9,12.6,15.6,17.4,12.7,9.0,7.5,4.9,-0.7,2.3,3.4,3.5,5.1,8.9,10.9,12.6,8.5,5.2,4.9,2.4
North East,1998,8.8,4.6,6.2,4.5,0.1,0.0,0.0,0.0,0.0,1.8,8.7,10.8,15.0,3.9,11.9,19.4,8.2,15.3,12.9,8.2,10.7,17.6,13.6,14.0,96.2,15.1,70.6,121.7,54.1,107.8,60.2,48.9,59.1,118.0,72.9,60.6,43.8,84.8,80.1,115.6,177.4,129.5,146.2,166.2,95.0,110.9,68.1,39.9,6.8,10.2,10.5,10.3,15.6,16.9,18.6,18.9,16.8,12.6,7.9,7.5,4.1,7.0,6.8,6.9,11.4,13.1,14.5,14.7,13.4,9.2,4.7,4.4,1.5,3.8,3.1,3.5,7.1,9.3,10.4,10.5,10.0,5.9,1.5,1.3
North East,1999,7.5,9.6,3.2,4.2,0.0,0.0,0.0,0.0,0.0,0.7,2.6,13.5,16.3,7.3,14.6,10.9,11.5,12.6,5.2,12.1,11.8,9.6,10.5,17.1,97.4,33.6,91.4,57.9,55.3,83.9,23.0,85.5,77.8,68.0,54.8,95.7,63.4,97.6,104.9,149.5,162.9,160.7,213.2,140.0,157.4,104.8,64.1,65.2,7.3,7.3,9.9,12.4,15.9,17.1,21.0,19.2,19.3,13.3,9.8,6.2,4.4,4.2,6.5,8.4,11.7,12.7,16.3,15.0,14.8,9.9,7.0,3.2,1.6,1.1,3.0,4.4,7.6,8.4,11.5,10.8,10.3,6.5,4.2,0.3
North East,2000,8.8,6.5,6.4,4.9,0.1,0.0,0.0,0.0,0.0,0.6,2.1,10.7,9.1,13.5,6.7,18.2,11.8,8.4,10.5,12.1,14.8,16.0,16.2,14.2,49.4,54.7,31.7,138.5,73.5,59.8,58.0,60.1,112.5,123.1,151.1,87.8,77.5,96.7,122.2,130.8,194.6,157.5,130.4,188.9,100.1,100.9,60.7,53.6,7.3,8.3,10.3,10.9,15.0,17.7,17.7,20.3,17.4,12.8,8.7,6.8,4.3,5.1,6.6,7.0,10.6,13.5,13.8,15.6,13.6,9.3,5.8,4.3,1.3,1.9,2.9,3.2,6.1,9.3,9.9,10.8,9.8,5.8,3.0,1.9
North East,2001,16.8,16.9,12.5,4.3,0.8,0.1,0.0,0.0,0.0,0.0,5.4,18.2,9.4,12.5,11.1,16.9,6.1,8.2,9.2,13.9,14.6,14.3,10.6,10.8,44.1,96.3,52.6,87.9,25.7,56.5,59.4,78.9,94.0,91.8,51.0,49.1,72.7,94.2,109.4,124.3,249.5,163.4,175.0,170.4,97.5,110.1,61.6,64.6,5.2,6.9,7.3,10.3,16.1,17.0,20.2,20.3,15.8,15.6,10.1,6.1,2.4,3.3,3.8,6.5,11.1,12.7,15.8,15.8,12.3,12.5,6.6,2.9,-0.3,-0.3,0.3,2.6,6.2,8.3,11.4,11.2,8.9,9.3,3.2,-0.2
North East,2002,10.1,5.7,6.2,4.3,0.1,0.0,0.0,0.0,0.0,3.1,0.6,5.0,11.6,17.5,8.4,7.0,14.1,10.3,13.6,10.1,4.1,14.9,16.8,16.6,57.9,105.6,40.2,32.2,62.5,54.2,91.8,88.3,31.0,123.2,106.9,108.8,42.9,80.0,121.4,190.2,162.9,163.0,153.6,146.3,130.0,91.1,48.8,29.2,7.5,9.0,10.5,12.9,15.0,17.9,19.3,20.4,17.4,12.2,9.7,6.4,4.4,5.7,6.4,8.2,11.0,13.5,14.8,16.3,13.3,8.7,7.0,4.6,1.3,2.4,2.4,3.5,7.1,9.2,10.3,12.2,9.2,5.2,4.2,2.8
North East,2003,11.8,15.7,8.5,4.9,0.1,0.0,0.0,0.0,0.1,2.7,3.7,14.9,16.6,5.1,5.5,6.8,15.0,10.6,10.3,3.5,6.9,9.1,12.1,10.8,82.6,24.4,28.1,32.0,67.6,83.8,53.2,17.0,43.2,46.0,58.6,77.1,57.6,99.8,168.2,192.4,187.4,212.0,180.4,208.7,162.7,129.1,65.8,61.2,6.4,6.6,11.4,13.5,15.8,19.9,20.9,21.4,18.7,12.3,10.3,7.0,3.9,3.0,6.6,8.6,11.4,15.0,16.6,16.5,13.5,8.4,7.2,3.9,1.4,-0.5,1.8,3.7,7.0,10.3,12.2,11.6,8.2,4.6,4.1,0.8
North East,2004,9.8,11.1,5.4,0.9,0.4,0.0,0.0,0.0,0.0,0.0,6.0,10.2,17.9,11.3,10.8,13.0,6.9,12.3,15.0,16.8,8.6,18.5,8.7,7.3,107.0,52.4,42.3,84.3,30.3,73.1,81.5,166.1,36.2,126.6,35.6,38.0,46.0,91.5,104.7,116.1,209.7,179.7,164.7,158.4,156.3,92.1,50.2,63.1,6.9,7.5,9.3,12.6,15.8,18.8,19.2,20.3,17.6,12.8,9.7,7.8,4.2,4.7,5.7,8.8,11.1,14.3,14.8,16.4,13.5,9.6,6.9,4.6,1.5,2.0,2.1,4.9,6.3,9.8,10.4,12.5,9.4,6.5,4.0,1.4
North East,2005,6.5,9.6,8.3,3.5,1.1,0.0,0.0,0.0,0.1,0.0,11.6,11.5,11.7,12.1,9.5,11.9,11.0,9.4,8.0,11.3,9.5,12.5,12.2,10.8,62.0,60.9,47.3,77.9,43.6,50.2,77.6,63.0,62.2,89.1,72.0,45.5,55.7,72.5,66.0,151.0,217.1,181.8,167.4,183.0,153.8,58.3,100.0,57.8,8.1,6.5,9.4,12.0,14.8,18.9,19.8,19.9,18.3,14.9,9.1,6.8,5.1,3.8,6.4,7.8,10.3,14.3,15.6,15.1,14.1,11.9,5.7,3.8,2.1,1.1,3.3,3.6,5.8,9.7,11.3,10.4,9.9,9.0,2.2,0.8
North East,2006,9.4,9.1,14.2,3.9,0.3,0.0,0.0,0.0,0.0,0.0,2.7,7.7,6.5,11.0,15.6,9.5,14.4,4.5,5.7,16.1,10.9,15.0,13.4,12.4,29.1,49.5,85.9,38.9,96.1,18.6,30.6,106.8,73.0,82.6,67.0,89.0,45.3,64.2,93.0,170.4,192.7,200.7,292.0,138.1,160.0,89.6,94.3,61.2,6.1,6.3,7.0,11.5,15.3,19.9,24.4,19.1,20.0,15.4,10.6,7.9,3.6,3.6,3.8,7.4,10.9,14.8,18.3,15.1,15.8,11.9,7.2,5.2,1.2,0.9,0.6,3.3,6.4,9.6,12.3,11.2,11.6,8.5,3.9,2.5
North East,2007,5.3,8.3,4.5,0.8,0.1,0.0,0.0,0.0,0.1,1.2,4.1,12.0,15.8,15.1,8.3,2.3,12.7,15.1,16.4,7.4,8.4,5.1,11.0,11.2,84.8,71.6,39.4,10.0,77.1,181.4,114.3,43.2,40.5,31.1,61.3,72.1,72.9,76.5,137.5,200.1,160.2,134.2,171.4,199.5,147.8,116.9,70.1,42.9,9.0,8.2,10.0,15.0,14.8,17.6,18.9,19.4,17.4,14.1,10.0,6.9,5.9,5.1,6.3,10.2,10.7,13.6,14.7,14.8,13.1,10.1,6.8,4.0,2.8,1.9,2.6,5.3,6.6,9.6,10.5,10.3,8.9,6.2,3.6,1.1
North East,2008,5.6,11.8,7.6,6.3,0.7,0.0,0.0,0.0,0.0,3.2,6.1,15.3,18.7,6.7,15.4,15.1,5.0,12.2,12.7,16.9,11.9,11.3,13.6,9.7,137.0,33.7,75.8,77.2,25.8,75.6,106.2,110.9,106.6,74.3,67.0,59.8,46.8,112.9,134.2,131.9,211.3,178.0,185.0,109.8,103.9,126.9,65.0,56.4,8.3,8.8,8.7,11.0,16.2,17.8,20.1,19.5,16.6,12.6,8.7,5.8,5.4,4.7,5.2,6.9,11.6,13.3,15.7,15.7,13.0,8.9,6.1,3.0,2.6,0.6,1.6,2.9,7.0,8.8,11.2,12.0,9.3,5.2,3.4,0.3
North East,2009,14.3,13.2,5.3,1.0,0.0,0.0,0.0,0.0,0.0,0.2,1.3,16.6,13.0,7.9,7.7,5.6,11.3,8.8,17.1,12.1,4.9,11.4,19.1,19.1,62.2,49.4,31.5,29.7,52.1,55.1,133.5,62.5,31.5,61.9,148.3,87.3,52.3,58.9,160.9,157.7,230.4,191.0,190.0,172.8,137.2,86.4,72.3,65.2,5.4,6.4,10.4,13.5,15.7,18.0,20.0,20.6,17.6,13.9,10.2,4.9,2.7,3.7,6.4,8.9,11.2,13.5,15.5,16.1,13.6,10.4,7.3,2.1,0.1,1.0,2.3,4.3,6.6,8.9,11.0,11.7,9.5,7.0,4.4,-0.6
North East,2010,17.9,18.1,10.1,3.3,2.8,0.0,0.0,0.0,0.0,1.4,9.8,22.9,14.8,16.8,10.0,5.7,6.1,7.3,9.3,12.8,13.3,10.8,19.8,10.0,69.4,71.8,65.4,21.4,22.1,42.6,61.5,76.4,83.8,65.1,118.6,40.9,53.3,52.5,124.0,173.4,211.1,220.0,153.6,165.3,134.5,104.5,73.5,59.2,3.1,4.3,9.5,13.1,14.5,19.2,20.8,19.0,17.2,12.9,7.2,2.0,0.8,1.6,5.5,8.2,9.8,14.2,16.3,14.6,13.4,9.5,4.5,-1.2,-1.5,-1.0,1.6,3.4,5.1,9.3,11.8,10.2,9.5,6.3,1.8,-4.4
North East,2011,15.1,3.7,7.8,0.5,0.9,0.0,0.0,0.0,0.0,0.6,0.9,8.5,9.8,14.3,4.2,2.5,9.8,12.5,10.7,14.6,9.6,12.9,8.2,15.0,54.5,82.3,20.6,10.4,48.7,62.9,71.6,94.1,43.2,62.2,35.9,76.3,56.8,53.6,131.8,216.8,210.4,196.5,175.1,138.8,151.3,105.4,57.3,52.4,5.8,8.1,10.1,15.8,16.0,18.3,19.1,18.9,18.5,15.0,11.4,7.4,3.0,5.4,6.0,10.7,11.4,13.4,14.4,14.6,14.3,11.4,8.5,4.5,0.3,2.7,1.9,5.5,6.8,8.5,9.7,10.3,10.1,7.7,5.6,1.7
North East,2012,10.0,13.4,2.8,5.0,2.0,0.0,0.0,0.0,0.1,1.6,6.4,11.3,11.2,4.7,4.0,18.3,9.3,17.2,15.5,13.3,9.8,14.3,14.5,18.0,47.3,24.0,21.5,141.2,62.1,141.6,96.5,88.0,94.6,86.3,112.1,128.0,73.3,74.2,176.0,106.8,194.0,107.5,144.7,154.9,156.0,107.4,69.1,57.9,7.4,7.0,12.5,10.1,14.6,16.1,18.4,20.1,16.6,11.8,8.8,6.3,4.3,3.8,7.8,6.4,10.3,12.5,14.5,15.6,12.4,8.2,5.8,3.5,1.3,0.7,3.1,2.7,5.9,8.8,10.7,11.2,8.2,4.6,2.8,0.8
North East,2013,15.0,15.0,18.6,7.0,0.7,0.0,0.0,0.0,0.0,0.0,7.4,3.6,14.3,6.7,11.0,6.3,12.1,8.6,7.3,8.8,8.2,18.5,9.9,12.5,69.9,34.2,60.1,22.3,76.6,40.7,55.7,60.9,43.6,111.6,52.6,76.9,44.4,77.5,69.0,168.3,180.8,176.4,242.3,180.3,135.5,81.5,87.3,58.1,5.2,5.3,4.5,10.9,14.4,17.4,22.5,20.9,17.0,14.5,8.5,8.6,2.8,2.5,1.9,6.8,9.9,12.9,17.3,16.2,12.9,11.5,5.3,5.4,0.4,-0.1,-0.7,2.6,5.4,8.4,12.0,11.5,8.8,8.6,2.0,2.2
North East,2014,6.3,4.0,6.5,1.5,0.7,0.0,0.0,0.0,0.0,0.1,2.2,12.1,20.6,14.5,9.5,8.6,15.0,8.2,8.7,14.5,4.1,13.9,15.6,10.2,118.9,82.0,44.5,42.1,104.3,45.8,54.4,96.1,18.1,83.1,81.3,61.3,50.0,84.1,131.9,129.1,163.9,163.7,228.2,186.5,114.6,94.6,47.0,77.3,7.1,8.2,10.8,13.2,15.6,18.6,21.7,18.7,18.0,14.7,10.3,7.2,4.5,5.3,6.8,9.2,11.5,14.2,16.6,14.3,13.8,11.3,7.6,4.3,1.9,2.4,2.7,5.3,7.5,9.9,11.5,10.0,9.6,8.0,4.9,1.5
North East,2015,13.3,11.7,7.4,3.3,1.2,0.1,0.0,0.0,0.0,0.1,2.4,1.8,12.4,8.5,9.4,7.4,13.7,6.7,14.9,11.6,7.9,9.1,17.4,18.1,63.1,37.3,45.6,25.8,82.7,34.8,85.5,73.0,38.9,64.2,116.5,147.3,76.2,94.4,124.4,224.2,190.6,204.3,178.8,180.1,159.0,90.3,48.0,37.3,6.4,6.6,9.4,13.0,14.2,17.9,19.4,20.0,16.4,13.8,11.2,11.1,3.5,3.5,5.6,8.0,9.9,12.9,14.8,15.4,11.9,10.1,8.1,8.0,0.6,0.5,1.8,3.0,5.7,7.9,10.2,10.9,7.5,6.4,5.0,4.9
North East,2016,11.2,13.2,6.2,5.9,0.5,0.0,0.0,0.0,0.0,0.0,8.4,5.4,18.5,11.0,10.3,15.6,7.3,13.9,10.3,10.4,8.5,12.1,12.4,8.6,120.6,53.6,67.6,70.5,36.4,77.7,51.5,73.7,48.8,50.0,93.4,38.4,37.2,103.0,111.5,163.7,198.0,135.3,187.4,202.5,142.5,101.3,82.2,53.6,7.1,7.2,8.8,10.5,15.4,17.5,20.4,20.4,19.1,13.4,7.9,8.6,4.4,3.9,5.3,6.4,11.0,13.5,15.9,16.0,15.1,10.1,4.8,5.6,1.7,0.5,1.7,2.3,6.6,9.5,11.4,11.6,11.2,6.9,1.6,2.6
North East,2017,15.0,4.8,2.8,2.9,0.1,0.0,0.0,0.0,0.0,0.3,6.6,14.6,9.9,12.4,10.4,5.3,8.0,12.2,15.5,10.4,17.0,9.8,10.8,11.3,39.4,65.9,63.8,19.4,42.8,115.8,81.9,64.4,84.8,49.7,69.5,57.1,59.6,61.9,135.4,177.4,205.7,176.5,178.9,182.9,118.0,84.2,88.5,65.1,6.0,8.0,11.4,12.7,16.8,19.3,19.7,19.4,16.7,14.8,8.9,6.7,3.3,5.3,7.6,8.1,12.1,15.0,15.3,15.0,12.9,11.6,5.7,3.8,0.6,2.6,3.8,3.5,7.5,10.9,11.0,10.6,9.1,8.4,2.6,0.9
North East,2018,7.6,17.1,13.0,1.2,0.8,0.0,0.0,0.0,0.0,2.7,1.5,6.1,14.4,12.6,17.3,11.1,5.5,4.2,5.9,9.9,8.1,10.1,12.5,13.2,72.9,55.1,93.5,75.3,32.6,26.0,41.9,55.2,55.7,62.6,71.6,71.5,59.0,83.4,83.0,126.9,261.6,223.2,246.1,168.7,145.9,125.6,63.7,53.6,6.5,4.9,6.9,12.3,17.4,19.5,23.4,20.6,17.3,13.9,10.1,8.2,4.0,2.1,3.8,8.6,12.2,14.6,17.8,16.1,12.9,9.9,7.4,5.3,1.6,-0.7,0.7,4.9,6.9,9.6,12.2,11.6,8.6,6.0,4.6,2.5
North East,2019,14.0,7.6,2.9,5.6,1.2,0.0,0.0,0.0,0.0,1.1,5.9,6.8,6.3,7.3,12.3,5.6,10.6,13.8,11.3,12.3,13.3,15.9,20.1,12.0,23.0,36.3,82.6,27.5,51.9,116.1,78.2,91.0,110.2,117.5,128.5,62.6,70.2,122.6,141.0,189.3,196.2,161.9,184.5,196.8,161.9,92.3,44.6,60.7,6.2,10.4,10.7,12.6,14.9,17.7,21.6,21.0,17.6,12.0,7.9,7.6,3.4,6.0,7.0,7.8,10.3,13.4,17.0,16.5,13.3,8.8,5.5,4.9,0.7,1.7,3.3,2.9,5.7,9.1,12.4,12.1,9.0,5.7,3.2,2.2
North East,2020,4.0,5.4,8.2,1.1,2.0,0.0,0.0,0.0,0.1,0.2,2.2,8.7,8.5,17.6,7.5,2.8,4.1,14.6,12.5,13.2,8.2,18.0,9.7,19.1,48.0,141.5,35.3,9.7,15.9,89.8,66.0,111.2,50.7,106.9,40.2,118.5,67.3,90.2,153.6,223.6,276.1,153.2,142.6,142.5,152.7,70.3,60.1,44.1,8.5,8.3,9.9,14.0,17.1,18.3,19.0,20.0,17.3,12.8,10.8,6.6,5.7,5.2,5.8,9.1,11.7,14.0,14.8,16.0,13.0,9.5,7.7,4.0,2.9,2.1,1.8,4.1,6.2,9.8,10.6,12.1,8.7,6.3,4.7,1.6
North East,2021,18.6,11.1,4.1,16.1,2.6,0.0,0.0,0.0,0.0,0.3,4.3,7.2,16.6,14.4,8.0,3.4,16.2,5.3,11.3,9.4,8.0,12.7,8.2,17.2,131.4,85.1,41.4,11.5,101.4,31.6,72.1,46.3,49.8,100.3,52.8,76.5,53.3,78.9,114.8,232.7,169.6,201.4,190.6,128.9,136.4,93.3,73.2,35.0,4.6,7.0,10.4,10.7,13.7,19.3,21.4,19.4,19.4,14.4,10.1,7.4,1.9,4.0,6.9,5.5,9.2,14.6,16.9,15.4,15.3,11.1,7.0,4.8,-0.7,1.0,3.3,0.1,4.7,10.0,12.3,11.5,11.2,7.8,4.0,2.2
North East,2022,12.4,4.3,5.4,5.9,0.0,0.0,0.0,0.0,0.0,0.1,2.1,14.0,5.9,14.2,8.4,5.6,11.6,7.2,7.7,6.1,12.7,16.1,15.4,14.4,24.2,91.2,42.7,24.6,54.1,37.9,34.3,34.8,79.7,98.6,104.4,79.0,102.6,99.2,176.3,191.5,171.8,210.1,194.0,231.2,126.7,130.3,46.6,60.5,7.5,9.1,11.2,12.6,16.5,19.4,22.6,22.5,17.8,15.3,10.6,5.8,4.3,5.7,6.9,8.2,12.2,14.4,17.6,17.2,13.7,11.7,8.0,2.9,1.1,2.2,2.6,3.8,7.8,9.5,12.5,11.8,9.5,8.1,5.4,0.0
North East,2023,9.9,5.3,8.1,3.1,0.0,0.0,0.0,0.0,0.0,1.0,5.1,7.4,11.4,6.2,18.9,11.4,6.9,5.8,17.8,11.7,12.4,15.3,15.0,17.7,60.5,21.3,85.2,61.9,30.8,40.3,120.0,74.4,83.1,154.5,92.3,136.7,89.1,84.8,95.6,160.7,197.2,239.3,159.1,168.8,145.3,75.1,72.9,38.5,7.3,9.2,9.5,11.8,16.4,20.6,19.7,19.9,19.9,14.0,9.2,8.2,4.4,6.1,6.1,7.7,11.8,15.4,15.5,15.7,15.6,10.9,6.4,5.7,1.4,3.0,2.6,3.7,7.2,10.3,11.3,11.5,11.3,7.7,3.6,3.2
North East,2024,8.4,4.3,3.2,2.0,0.0,0.0,0.0,0.0,0.1,0.7,8.4,1.9,11.6,12.7,16.3,15.6,11.0,8.9,12.3,7.7,11.2,12.1,6.5,11.2,85.8,86.6,68.3,88.5,81.2,40.7,81.1,34.5,100.1,82.1,43.7,87.8,60.5,61.9,96.0,125.7,151.0,190.7,167.2,183.3,120.9,111.1,66.2,34.6,6.6,9.8,10.2,12.2,17.1,18.2,19.9,20.7,16.4,14.0,9.3,9.0,4.0,6.7,7.0,8.4,13.2,13.5,15.4,16.1,12.8,10.6,6.3,6.5,1.5,3.8,3.8,4.6,9.3,8.9,11.0,11.5,9.3,7.1,3.4,3.9
North East,2025,16.2,6.4,6.9,2.2,0.5,0.0,0.0,0.0,0.1,0.1,5.8,2.4,7.7,9.3,5.0,3.0,6.5,9.4,11.2,6.6,13.8,10.9,20.1,13.2,67.9,33.8,21.0,11.4,31.6,39.9,68.2,21.5,101.7,66.8,152.4,81.9,80.5,66.8,172.8,233.8,258.1,227.6,183.9,184.5,151.9,83.1,60.8,43.6,5.3,7.4,11.7,14.8,17.1,21.4,21.8,21.5,17.7,13.6,10.2,8.5,2.5,4.6,7.1,9.5,11.9,16.2,17.1,16.8,13.3,10.6,7.3,6.1,-0.3,1.9,2.4,4.2,6.8,11.1,12.4,12.0,8.9,7.6,4.5,3.6
North East,2026,13.3,3.7,3.0,2.5,0.7,0.0,,,,,,,17.3,17.4,7.3,6.0,10.2,11.0,,,,,,,93.2,87.6,48.8,21.1,48.3,50.9,,,,,,,50.4,39.8,141.9,228.6,224.3,203.4,,,,,,,5.4,7.6,11.4,14.1,17.3,21.0,,,,,,,2.9,5.5,7.3,9.0,12.3,16.2,,,,,,,0.5,3.5,3.3,4.0,7.2,11.4,,,,,,
North West,1836,,,,,,,,,,,,,,,,,,,,,,,,,108.5,82.7,161.5,88.6,4.6,133.3,153.7,86.8,130.0,106.8,195.2,157.2,,,,,,,,,,,,,,,,,,,,,,,,,,,,,,,,,,,,,,,,,,,,,,,,
North West,1837,,,,,,,,,,,,,,,,,,,,,,,,,96.9,131.3,51.7,50.9,47.2,79.8,93.4,96.5,100.5,152.9,147.9,130.6,,,,,,,,,,,,,,,,,,,,,,,,,,,,,,,,,,,,,,,,,,,,,,,,
North West,1838,,,,,,,,,,,,,,,,,,,,,,,,,24.4,40.1,76.9,79.0,86.6,150.8,109.4,168.7,53.1,168.8,144.6,77.8,,,,,,,,,,,,,,,,,,,,,,,,,,,,,,,,,,,,,,,,,,,,,,,,
North West,1839,,,,,,,,,,,,,,,,,,,,,,,,,101.3,94.1,106.1,37.6,20.4,93.9,186.8,129.8,200.0,86.6,123.2,92.1,,,,,,,,,,,,,,,,,,,,,,,,,,,,,,,,,,,,,,,,,,,,,,,,
North West,1840,,,,,,,,,,,,,,,,,,,,,,,,,143.8,83.3,11.9,29.6,89.9,107.6,157.7,140.0,134.5,72.6,157.8,22.1,,,,,,,,,,,,,,,,,,,,,,,,,,,,,,,,,,,,,,,,,,,,,,,,
North West,1841,,,,,,,,,,,,,,,,,,,,,,,,,91.1,69.0,100.6,64.6,100.2,83.8,132.6,163.2,139.5,182.2,123.5,176.1,,,,,,,,,,,,,,,,,,,,,,,,,,,,,,,,,,,,,,,,,,,,,,,,
North West,1842,,,,,,,,,,,,,,,,,,,,,,,,,86.7,56.2,132.3,12.4,78.4,85.0,119.3,57.3,73.5,70.5,167.7,100.4,,,,,,,,,,,,,,,,,,,,,,,,,,,,,,,,,,,,,,,,,,,,,,,,
North West,1843,,,,,,,,,,,,,,,,,,,,,,,,,111.4,41.3,42.2,157.8,89.5,93.8,125.9,108.1,20.8,232.8,164.5,38.9,,,,,,,,,,,,,,,,,,,,,,,,,,,,,,,,,,,,,,,,,,,,,,,,
North West,1844,,,,,,,,,,,,,,,,,,,,,,,,,90.0,94.1,105.9,42.7,5.2,58.6,94.0,113.8,107.8,109.3,71.4,16.1,,,,,,,,,,,,,,,,,,,,,,,,,,,,,,,,,,,,,,,,,,,,,,,,
North West,1845,,,,,,,,,,,,,,,,,,,,,,,,,97.8,40.3,79.9,77.6,50.2,98.0,100.0,175.1,98.7,108.3,109.6,182.4,,,,,,,,,,,,,,,,,,,,,,,,,,,,,,,,,,,,,,,,,,,,,,,,
North West,1846,,,,,,,,,,,,,,,,,,,,,,,,,120.5,61.2,112.9,125.1,41.6,89.1,141.8,138.6,54.4,187.2,92.5,58.1,,,,,,,,,,,,,,,,,,,,,,,,,,,,,,,,,,,,,,,,,,,,,,,,
North West,1847,,,,,,,,,,,,,,,,,,,,,,,,,73.2,76.3,52.3,67.4,107.6,82.3,39.7,82.3,123.9,158.4,142.0,194.3,,,,,,,,,,,,,,,,,,,,,,,,,,,,,,,,,,,,,,,,,,,,,,,,
North West,1848,,,,,,,,,,,,,,,,,,,,,,,,,71.1,203.8,114.4,68.7,43.8,137.4,111.3,162.1,95.7,152.4,104.8,131.3,,,,,,,,,,,,,,,,,,,,,,,,,,,,,,,,,,,,,,,,,,,,,,,,
North West,1849,,,,,,,,,,,,,,,,,,,,,,,,,158.3,58.3,33.9,71.3,72.2,35.9,125.8,118.3,118.0,150.4,127.1,97.0,,,,,,,,,,,,,,,,,,,,,,,,,,,,,,,,,,,,,,,,,,,,,,,,
North West,1850,,,,,,,,,,,,,,,,,,,,,,,,,82.4,112.0,39.0,104.4,66.0,65.5,113.7,132.7,67.1,95.9,147.9,94.6,,,,,,,,,,,,,,,,,,,,,,,,,,,,,,,,,,,,,,,,,,,,,,,,
North West,1851,,,,,,,,,,,,,,,,,,,,,,,,,194.5,76.3,119.0,52.2,45.2,119.1,101.1,104.7,63.7,130.3,67.6,55.6,,,,,,,,,,,,,,,,,,,,,,,,,,,,,,,,,,,,,,,,,,,,,,,,
North West,1852,,,,,,,,,,,,,,,,,,,,,,,,,196.5,146.5,16.4,18.9,84.8,119.4,98.3,159.9,130.5,122.0,206.4,242.5,,,,,,,,,,,,,,,,,,,,,,,,,,,,,,,,,,,,,,,,,,,,,,,,
North West,1853,,,,,,,,,,,,,,,,,,,,,,,,,147.0,34.1,49.1,83.7,31.3,102.0,148.5,87.7,81.1,130.3,85.0,32.8,,,,,,,,,,,,,,,,,,,,,,,,,,,,,,,,,,,,,,,,,,,,,,,,
North West,1854,,,,,,,,,,,,,,,,,,,,,,,,,105.9,65.7,50.0,24.4,74.1,96.0,82.4,104.8,71.2,99.5,103.5,151.0,,,,,,,,,,,,,,,,,,,,,,,,,,,,,,,,,,,,,,,,,,,,,,,,
North West,1855,,,,,,,,,,,,,,,,,,,,,,,,,19.8,33.8,76.4,32.7,52.0,107.8,135.7,93.2,39.1,171.8,48.3,58.3,,,,,,,,,,,,,,,,,,,,,,,,,,,,,,,,,,,,,,,,,,,,,,,,
North West,1856,,,,,,,,,,,,,,,,,,,,,,,,,94.5,93.2,21.9,70.7,72.7,94.1,87.0,120.0,126.3,78.7,65.4,141.0,,,,,,,,,,,,,,,,,,,,,,,,,,,,,,,,,,,,,,,,,,,,,,,,
North West,1857,,,,,,,,,,,,,,,,,,,,,,,,,94.6,79.1,98.1,83.0,65.4,101.0,90.8,116.7,88.9,72.6,63.7,87.8,,,,,,,,,,,,,,,,,,,,,,,,,,,,,,,,,,,,,,,,,,,,,,,,
North West,1858,,,,,,,,,,,,,,,,,,,,,,,,,61.3,18.5,63.7,93.8,83.0,67.0,81.7,87.4,133.1,140.7,52.8,122.0,,,,,,,,,,,,,,,,,,,,,,,,,,,,,,,,,,,,,,,,,,,,,,,,
North West,1859,,,,,,,,,,,,,,,,,,,,,,,,,109.4,86.1,149.6,108.6,16.2,62.2,83.6,127.1,151.9,109.1,112.3,118.3,,,,,,,,,,,,,,,,,,,,,,,,,,,,,,,,,,,,,,,,,,,,,,,,
North West,1860,,,,,,,,,,,,,,,,,,,,,,,,,146.6,51.6,126.6,51.8,92.9,167.3,57.5,179.6,70.7,169.8,72.3,98.6,,,,,,,,,,,,,,,,,,,,,,,,,,,,,,,,,,,,,,,,,,,,,,,,
North West,1861,,,,,,,,,,,,,,,,,,,,,,,,,49.2,122.7,146.2,31.2,32.3,78.2,138.7,141.0,144.5,73.1,199.9,87.8,,,,,,,,,,,,,,,,,,,,,,,,,,,,,,,,,,,,,,,,,,,,,,,,
North West,1862,,,,,,,,,,,,,,,,,,,,,,,,,115.0,29.0,112.2,115.2,112.8,109.0,131.1,100.3,93.8,199.1,56.6,144.1,,,,,,,,,,,,,,,,,,,,,,,,,,,,,,,,,,,,,,,,,,,,,,,,
North West,1863,,,,,,,,,,,,,,,,,,,,,,,,,162.9,56.1,42.7,66.0,69.9,113.2,42.9,126.2,182.4,182.7,136.6,98.4,,,,,,,,,,,,,,,,,,,,,,,,,,,,,,,,,,,,,,,,,,,,,,,,
North West,1864,,,,,,,,,,,,,,,,,,,,,,,,,80.6,77.5,97.7,50.2,65.9,96.5,53.0,74.5,133.7,84.6,121.9,96.9,,,,,,,,,,,,,,,,,,,,,,,,,,,,,,,,,,,,,,,,,,,,,,,,
North West,1865,,,,,,,,,,,,,,,,,,,,,,,,,98.1,85.9,57.7,33.9,135.6,30.7,72.3,147.5,28.3,139.7,117.9,75.4,,,,,,,,,,,,,,,,,,,,,,,,,,,,,,,,,,,,,,,,,,,,,,,,
North West,1866,,,,,,,,,,,,,,,,,,,,,,,,,176.9,128.7,82.8,40.6,47.3,110.4,83.8,134.0,209.3,69.3,162.3,140.1,,,,,,,,,,,,,,,,,,,,,,,,,,,,,,,,,,,,,,,,,,,,,,,,
North West,1867,,,,,,,,,,,,,,,,,,,,,,,,,135.4,92.7,65.6,139.6,62.7,37.8,124.4,71.3,101.4,143.7,39.1,109.9,,,,,,,,,,,,,,,,,,,,,,,,,,,,,,,,,,,,,,,,,,,,,,,,
North West,1868,,,,,,,,,,,,,,,,,,,,,,,,,129.5,108.9,144.1,73.6,54.2,17.2,21.5,114.3,68.4,142.5,88.2,258.5,,,,,,,,,,,,,,,,,,,,,,,,,,,,,,,,,,,,,,,,,,,,,,,,
North West,1869,,,,,,,,,,,,,,,,,,,,,,,,,147.3,159.2,45.7,75.7,91.8,39.0,39.1,64.9,230.4,100.0,146.2,145.2,,,,,,,,,,,,,,,,,,,,,,,,,,,,,,,,,,,,,,,,,,,,,,,,
North West,1870,,,,,,,,,,,,,,,,,,,,,,,,,107.0,79.2,72.1,54.7,69.1,48.7,34.9,64.0,88.7,250.7,110.6,86.1,,,,,,,,,,,,,,,,,,,,,,,,,,,,,,,,,,,,,,,,,,,,,,,,
North West,1871,,,,,,,,,,,,,,,,,,,,,,,,,76.6,105.8,65.4,88.2,40.5,71.4,141.9,73.2,108.8,151.2,53.8,112.4,,,,,,,,,,,,,,,,,,,,,,,,,,,,,,,,,,,,,,,,,,,,,,,,
North West,1872,,,,,,,,,,,,,,,,,,,,,,,,,194.3,126.9,112.9,77.3,74.8,151.0,139.4,108.4,197.7,206.4,174.0,160.9,,,,,,,,,,,,,,,,,,,,,,,,,,,,,,,,,,,,,,,,,,,,,,,,
North West,1873,,,,,,,,,,,,,,,,,,,,,,,,,185.1,35.5,90.1,26.3,61.1,58.8,120.0,133.8,91.7,148.8,81.1,56.4,,,,,,,,,,,,,,,,,,,,,,,,,,,,,,,,,,,,,,,,,,,,,,,,
North West,1874,,,,,,,,,,,,,,,,,,,,,,,,,127.3,80.0,94.6,56.0,50.9,31.2,76.1,170.3,132.8,185.5,142.1,111.3,,,,,,,,,,,,,,,,,,,,,,,,,,,,,,,,,,,,,,,,,,,,,,,,
North West,1875,,,,,,,,,,,,,,,,,,,,,,,,,158.8,46.6,38.5,38.7,68.3,99.2,115.0,88.8,145.3,143.7,138.4,77.3,,,,,,,,,,,,,,,,,,,,,,,,,,,,,,,,,,,,,,,,,,,,,,,,
North West,1876,,,,,,,,,,,,,,,,,,,,,,,,,63.9,136.4,112.7,87.6,22.2,77.7,79.8,111.7,135.4,105.0,119.3,185.7,,,,,,,,,,,,,,,,,,,,,,,,,,,,,,,,,,,,,,,,,,,,,,,,
North West,1877,,,,,,,,,,,,,,,,,,,,,,,,,202.3,130.4,94.5,78.8,92.7,78.1,150.5,171.9,99.6,166.4,217.0,127.6,,,,,,,,,,,,,,,,,,,,,,,,,,,,,,,,,,,,,,,,,,,,,,,,
North West,1878,,,,,,,,,,,,,,,,,,,,,,,,,116.4,61.2,61.3,56.5,127.5,92.1,30.3,144.9,128.4,140.5,95.6,77.9,,,,,,,,,,,,,,,,,,,,,,,,,,,,,,,,,,,,,,,,,,,,,,,,
North West,1879,,,,,,,,,,,,,,,,,,,,,,,,,45.4,98.7,69.5,56.3,62.4,140.1,156.7,187.8,114.4,63.8,37.8,82.0,,,,,,,,,,,,,,,,,,,,,,,,,,,,,,,,,,,,,,,,,,,,,,,,
North West,1880,,,,,,,,,,,,,,,,,,,,,,,,,31.2,102.1,67.4,63.2,59.5,100.0,169.1,54.7,112.6,109.2,156.8,172.6,,,,,,,,,,,,,,,,,,,,,,,,,,,,,,,,,,,,,,,,,,,,,,,,
North West,1881,,,,,,,,,,,,,,,,,,,,,,,,,22.8,132.8,112.0,41.9,106.9,102.0,111.5,158.9,65.1,90.1,158.5,130.0,,,,,,,,,,,,,,,,,,,,,,,,,,,,,,,,,,,,,,,,,,,,,,,,
North West,1882,,,,,,,,,,,,,,,,,,,,,,,,,106.7,98.5,103.0,119.6,62.2,143.0,168.3,114.5,77.4,117.5,189.1,136.5,,,,,,,,,,,,,,,,,,,,,,,,,,,,,,,,,,,,,,,,,,,,,,,,
North West,1883,,,,,,,,,,,,,,,,,,,,,,,,,171.0,114.4,53.2,45.8,48.6,101.9,86.8,94.5,158.1,150.2,145.7,99.5,,,,,,,,,,,,,,,,,,,,,,,,,,,,,,,,,,,,,,,,,,,,,,,,
North West,1884,,,,,,,,,,,,,,,,,,,,,,,,,167.5,124.1,102.2,42.8,74.2,35.9,134.1,47.9,100.4,80.1,76.4,147.2,,,,,,,,,,,,,7.3,6.5,8.3,10.1,14.4,17.2,18.4,20.0,17.0,11.4,7.6,5.6,5.1,3.8,5.0,6.0,9.6,12.6,14.4,15.2,13.0,8.3,4.7,3.2,2.9,1.3,1.6,2.0,5.2,7.7,10.3,10.5,9.0,5.3,1.8,0.8
North West,1885,,,,,,,,,,,,,,,,,,,,,,,,,81.9,147.2,81.1,69.5,66.6,64.8,60.1,75.6,150.0,166.9,107.3,58.9,,,,,,,,,,,,,4.3,7.1,6.7,10.2,11.4,16.6,18.6,16.1,14.5,8.9,7.2,5.8,2.1,4.2,3.3,6.2,7.4,12.0,14.1,12.0,10.6,6.1,4.6,2.9,-0.1,1.4,0.0,2.2,3.5,7.6,9.6,8.1,6.8,3.3,2.0,0.0
North West,1886,,,,,,,,,,,,,,,,,,,,,,,,,142.9,39.7,114.4,71.2,146.1,52.7,129.8,64.0,141.7,166.4,119.2,169.0,,,,,,,,,,,,,3.6,3.3,5.6,10.3,12.6,15.8,17.9,17.8,15.4,12.6,8.3,4.3,1.0,0.8,2.5,6.3,8.5,11.7,13.9,13.9,11.7,9.8,5.9,1.5,-1.4,-1.7,-0.5,2.3,4.6,7.7,9.9,10.2,8.1,7.0,3.5,-1.2
North West,1887,,,,,,,,,,,,,,,,,,,,,,,,,92.8,50.1,55.2,53.5,59.6,23.7,67.4,67.4,125.5,82.2,80.3,105.4,,,,,,,,,,,,,4.7,6.4,6.0,9.3,12.2,19.5,19.9,18.6,14.0,9.6,6.2,4.9,1.9,3.1,2.7,5.1,8.2,14.1,15.3,13.5,10.5,6.4,3.7,2.2,-0.7,-0.1,-0.4,0.8,4.4,8.9,10.8,9.0,7.0,3.3,1.1,-0.5
North West,1888,,,,,,,,,,,,,,,,,,,,,,,,,54.7,32.4,82.0,61.6,44.0,67.6,181.3,111.8,41.3,95.1,177.6,108.1,,,,,,,,,,,,,5.2,3.4,4.8,8.6,14.0,16.2,15.7,16.4,14.9,11.2,8.8,7.1,2.7,1.0,1.8,5.2,9.2,11.7,12.2,12.5,10.8,7.5,6.5,4.3,0.2,-1.3,-1.1,1.8,4.6,7.4,8.7,8.8,6.7,3.9,4.1,1.6
North West,1889,,,,,,,,,,,,,,,,,,,,,,,,,59.9,71.8,80.0,100.8,85.5,23.7,86.2,149.8,80.3,138.4,67.2,107.8,,,,,,,,,,,,,5.6,5.0,6.6,9.1,15.8,18.9,17.8,16.6,15.2,10.6,8.6,5.7,3.1,2.2,3.5,5.7,11.3,13.7,13.4,13.1,11.5,7.5,5.9,3.0,0.6,-0.6,0.5,2.3,7.0,8.7,9.1,9.8,7.8,4.5,3.2,0.3
North West,1890,,,,,,,,,,,,,,,,,,,,,,,,,172.6,26.7,89.3,43.0,74.5,99.3,90.8,137.6,82.0,86.6,216.6,26.7,,,,,,,,,,,,,8.0,4.9,8.3,10.2,15.1,16.0,16.5,16.4,17.4,12.1,8.4,1.6,4.9,2.2,5.0,6.1,10.5,12.1,12.8,12.6,13.6,8.9,5.1,-0.6,2.0,-0.4,1.8,2.0,6.0,8.4,9.2,9.1,9.8,5.8,1.9,-2.8
North West,1891,,,,,,,,,,,,,11.8,2.4,12.8,10.6,16.9,9.8,13.7,22.5,16.3,20.3,16.5,18.8,85.0,9.7,56.2,65.4,77.7,80.6,91.0,214.3,150.5,167.5,120.9,220.2,,,,,,,,,,,,,4.2,8.6,6.1,8.8,12.7,17.8,17.2,16.1,16.7,11.6,7.4,6.4,1.3,4.6,2.9,4.9,8.3,13.1,13.4,12.8,12.9,8.2,4.5,3.4,-1.5,0.6,-0.2,1.1,4.0,8.5,9.6,9.6,9.2,4.9,1.7,0.4
North West,1892,,,,,,,,,,,,,19.3,14.0,8.2,9.5,16.9,15.5,11.3,16.3,19.3,21.5,15.9,13.8,102.3,63.5,37.3,41.3,109.8,94.0,79.0,164.1,153.8,171.3,91.6,73.1,,,,,,,,,,,,,4.0,5.1,5.4,11.2,14.4,16.2,16.5,17.2,14.2,9.0,8.4,4.4,1.5,2.5,1.7,6.2,9.9,11.7,12.6,13.4,10.8,5.9,5.6,1.5,-0.9,-0.2,-2.0,1.1,5.6,7.5,8.7,9.9,7.5,2.8,2.8,-1.4
North West,1893,,,,,,,,,,,,,14.1,19.7,6.9,4.4,10.8,9.7,15.7,15.5,16.7,18.2,13.8,19.1,56.5,146.2,39.6,19.2,57.9,62.8,97.7,109.0,112.2,123.8,85.4,146.7,,,,,,,,,,,,,4.2,6.3,10.9,14.7,16.2,19.3,18.9,19.8,15.3,12.1,7.2,7.3,1.8,3.5,6.4,9.1,11.5,14.1,14.8,15.7,11.5,8.8,4.2,4.3,-0.6,0.8,1.9,3.4,6.9,9.0,10.7,11.7,7.8,5.5,1.3,1.4
North West,1894,,,,,,,,,,,,,20.5,19.0,10.6,13.8,17.8,14.9,16.5,18.4,6.0,14.5,15.5,15.8,126.5,163.1,87.4,54.9,97.9,79.8,94.1,126.3,21.7,135.9,138.7,120.5,,,,,,,,,,,,,5.2,7.1,10.1,13.1,11.7,16.3,18.7,15.9,14.1,11.4,9.6,7.1,2.5,4.0,5.7,8.5,7.7,12.1,14.5,12.7,10.4,8.0,7.0,4.4,-0.1,0.9,1.4,4.0,3.8,8.1,10.3,9.7,6.7,4.8,4.4,1.8
North West,1895,,,,,,,,,,,,,19.6,4.4,17.0,11.6,5.7,8.5,17.1,18.1,7.3,17.9,17.4,16.7,92.7,15.0,120.4,73.9,21.5,47.3,155.1,124.3,43.6,141.6,137.5,109.5,,,,,,,,,,,,,1.8,0.7,6.9,11.0,16.0,18.0,17.3,17.9,19.0,9.5,9.0,5.4,-0.9,-2.6,3.8,6.9,10.8,12.9,13.4,14.1,14.3,6.0,6.1,2.8,-3.5,-5.8,0.8,2.9,5.7,7.8,9.5,10.4,9.5,2.6,3.2,0.3
North West,1896,,,,,,,,,,,,,9.9,8.4,21.2,13.5,3.3,14.8,11.7,16.3,24.2,19.1,7.4,21.7,63.7,53.1,155.1,50.5,13.8,84.7,99.7,82.8,176.7,150.4,44.6,155.6,,,,,,,,,,,,,6.5,7.0,8.6,11.6,16.4,19.2,18.7,16.5,15.0,9.0,6.7,5.6,4.0,3.9,5.2,7.9,11.0,14.5,14.4,12.8,11.7,5.7,3.8,3.0,1.6,1.0,1.8,4.2,5.7,9.8,10.1,9.4,8.5,2.5,0.8,0.4
North West,1897,,,,,,,,,,,,,12.7,16.1,21.3,15.1,11.5,13.1,9.1,21.7,14.7,9.6,12.1,19.0,42.7,96.6,149.7,85.3,50.1,100.6,49.7,145.9,129.8,66.3,144.2,174.4,,,,,,,,,,,,,3.0,6.8,8.0,9.5,13.4,17.7,19.3,19.0,14.4,12.7,9.5,7.0,0.6,4.4,5.1,5.7,8.6,13.4,14.7,14.8,10.7,9.3,6.9,4.2,-1.6,2.0,2.2,2.0,3.9,9.2,10.2,10.8,7.0,5.9,4.3,1.3
North West,1898,,,,,,,,,,,,,11.9,18.9,10.2,12.3,16.5,13.8,5.6,17.0,8.6,17.9,14.4,19.5,100.1,104.1,43.6,86.5,105.9,81.6,31.0,168.0,56.6,136.2,103.8,148.0,,,,,,,,,,,,,8.1,6.4,6.7,11.4,12.8,16.6,18.0,18.8,17.9,13.0,8.8,9.0,5.8,3.6,3.3,7.3,9.0,12.2,13.6,14.6,13.5,10.1,6.1,6.4,3.7,0.8,-0.1,3.3,5.4,8.0,9.2,10.5,9.3,7.3,3.3,3.7
North West,1899,,,,,,,,,,,,,19.4,12.2,11.1,18.7,14.8,8.9,11.5,10.2,18.9,11.4,11.9,15.0,189.2,87.6,68.4,113.7,90.0,56.1,79.6,44.2,136.0,104.6,105.3,85.3,,,,,,,,,,,,,6.4,7.4,8.3,9.9,12.9,19.3,19.2,21.3,15.5,12.8,10.6,4.2,3.6,3.9,4.4,6.5,8.4,14.0,15.1,16.1,11.9,8.4,8.0,1.4,0.9,0.4,0.5,3.2,4.2,8.9,11.1,11.1,8.2,4.0,5.3,-1.3
North West,1900,,,,,,,,,,,,,22.8,16.5,8.1,12.9,10.8,16.4,13.9,16.2,10.8,21.3,20.1,21.9,137.3,121.7,24.6,68.5,66.6,94.0,59.9,176.5,63.3,168.7,121.3,173.1,,,,,,,,,,,,,5.8,4.1,5.6,11.3,13.0,17.7,20.1,17.5,16.7,11.9,8.5,8.9,3.5,1.4,2.6,7.2,8.9,13.3,15.7,13.5,12.4,8.5,6.0,6.4,1.2,-1.8,-0.5,3.0,4.9,9.0,11.4,9.6,8.0,5.2,3.5,4.0
North West,1901,,,,,,,,,,,,,14.7,11.1,12.7,13.9,9.5,12.8,9.8,16.1,12.0,18.9,10.7,21.6,80.9,45.7,100.1,79.8,35.2,68.8,62.1,111.0,54.8,117.8,141.6,151.1,,,,,,,,,,,,,5.3,4.0,6.2,12.0,16.1,16.6,21.3,18.3,16.5,12.1,7.6,5.1,2.7,1.4,3.4,7.4,10.5,12.2,16.4,14.3,12.6,8.6,4.4,2.6,0.1,-1.3,0.7,2.8,5.1,7.8,11.5,10.5,8.8,5.2,1.2,0.2
North West,1902,,,,,,,,,,,,,15.0,10.2,17.6,12.2,20.2,12.7,13.3,16.4,12.3,17.5,13.6,14.5,86.9,42.3,76.8,60.4,95.0,57.1,80.3,90.8,53.5,116.2,81.7,124.4,,,,,,,,,,,,,6.2,3.6,8.7,10.7,11.2,16.8,16.7,16.6,15.7,11.4,8.6,6.2,3.8,0.5,5.5,6.3,7.5,12.4,12.8,12.6,11.7,8.6,6.1,3.9,1.4,-2.5,2.4,2.0,3.9,8.2,8.8,8.7,7.7,5.9,3.5,1.5
North West,1903,,,,,,,,,,,,,16.9,15.7,23.7,10.8,15.6,8.7,15.1,21.6,17.0,28.9,17.8,14.1,153.1,135.7,182.3,54.3,90.5,48.7,116.4,173.2,156.9,272.5,108.4,97.5,,,,,,,,,,,,,5.6,8.4,8.7,9.2,13.8,16.2,17.3,16.6,15.5,11.8,8.5,5.0,3.1,5.8,5.7,5.3,9.6,11.7,13.5,12.9,11.6,9.1,5.6,2.7,0.6,3.2,2.7,1.4,5.5,7.3,9.7,9.3,7.7,6.5,2.7,0.5
North West,1904,,,,,,,,,,,,,19.9,18.5,13.3,16.1,13.9,9.5,11.0,16.1,9.7,9.1,12.4,15.9,127.2,116.8,76.9,89.8,74.4,51.9,66.4,125.4,61.6,65.3,87.7,109.5,,,,,,,,,,,,,6.0,4.7,6.3,10.8,13.3,16.5,19.4,17.5,15.9,12.3,7.8,5.7,3.5,2.3,3.2,7.5,9.3,12.1,15.1,13.5,11.7,8.9,4.9,2.9,0.9,0.0,0.1,4.0,5.4,7.8,10.7,9.6,7.4,5.4,2.0,0.1
North West,1905,,,,,,,,,,,,,13.2,14.3,20.1,17.4,6.4,9.4,11.3,18.3,13.3,14.1,18.2,9.8,62.6,64.8,125.7,97.2,39.1,68.8,64.9,137.3,77.0,98.2,133.2,48.8,,,,,,,,,,,,,5.8,6.6,9.0,9.4,13.9,18.4,19.5,17.0,14.5,9.9,7.0,7.2,3.3,4.1,5.7,6.1,9.5,13.4,15.2,13.2,11.1,6.3,4.4,4.9,0.9,1.6,2.4,2.8,5.2,8.5,11.0,9.5,7.6,2.8,1.7,2.7
North West,1906,,,,,,,,,,,,,20.3,16.4,12.7,10.3,19.5,9.6,12.4,17.2,7.0,24.2,16.0,20.5,172.1,101.0,97.4,41.9,128.5,54.4,52.9,132.2,42.0,183.4,105.8,117.1,,,,,,,,,,,,,6.9,5.1,7.2,11.2,12.4,17.6,18.3,19.2,17.3,12.7,9.2,5.5,4.6,2.3,4.0,6.2,9.0,13.1,14.0,15.2,12.5,9.6,6.5,2.8,2.3,-0.6,0.8,1.3,5.7,8.7,9.7,11.4,7.7,6.6,3.8,0.1
North West,1907,,,,,,,,,,,,,11.6,12.0,14.0,14.0,18.1,24.3,15.8,17.0,4.2,22.8,16.3,16.8,57.0,67.3,94.0,65.3,105.3,167.8,82.4,124.2,22.4,177.4,101.5,142.5,,,,,,,,,,,,,5.6,5.0,9.6,10.3,13.0,14.5,17.3,16.2,17.3,12.0,8.6,6.3,3.1,2.0,5.4,6.4,9.2,11.1,13.3,12.8,12.8,8.7,5.7,4.0,0.7,-1.0,1.3,2.6,5.4,7.7,9.3,9.5,8.4,5.6,2.9,1.7
North West,1908,,,,,,,,,,,,,13.2,16.9,17.8,13.5,16.6,9.5,13.1,14.7,15.9,8.8,13.9,18.9,111.0,91.5,115.3,74.1,90.0,72.8,116.8,123.0,130.0,59.0,103.4,102.9,,,,,,,,,,,,,5.1,6.9,6.4,8.8,15.1,17.4,18.4,17.1,15.5,15.2,9.8,6.0,2.1,4.5,3.3,5.2,11.1,12.8,14.3,13.3,12.0,11.6,6.7,3.5,-0.8,2.0,0.3,1.6,7.0,8.3,10.2,9.6,8.6,7.9,3.6,1.0
North West,1909,,,,,,,,,,,,,14.2,6.9,17.1,14.6,9.7,12.4,19.2,14.6,11.6,21.4,11.1,20.3,83.3,58.3,96.7,97.9,51.4,76.6,143.8,87.7,93.1,192.4,58.9,188.4,,,,,,,,,,,,,5.7,5.7,5.7,12.0,14.8,15.0,16.6,17.8,14.5,12.4,7.2,5.8,3.1,2.7,2.7,7.6,9.6,10.8,13.3,13.9,10.8,9.3,4.1,3.1,0.5,-0.3,-0.3,3.1,4.6,6.8,10.0,10.1,7.2,6.2,1.0,0.5
North West,1910,,,,,,,,,,,,,18.3,23.7,8.2,18.0,15.0,13.7,11.9,20.3,4.5,10.3,20.1,21.8,130.8,150.7,52.1,95.3,73.6,81.6,125.7,169.2,16.3,91.8,151.9,160.2,46.5,70.9,125.2,118.0,199.2,174.3,176.6,118.0,119.2,77.7,59.9,26.9,5.4,6.7,8.8,9.6,14.5,17.8,17.3,17.2,15.3,12.5,5.7,7.6,2.7,4.0,5.4,6.0,10.0,13.4,13.3,13.8,11.5,9.5,2.8,5.5,0.1,1.3,1.9,2.4,5.6,9.1,9.2,10.4,7.6,6.6,-0.1,3.3
North West,1911,,,,,,,,,,,,,8.7,14.7,11.5,11.4,7.2,11.4,5.8,10.9,11.0,12.8,18.8,25.4,51.8,124.5,56.6,81.3,55.5,98.7,25.4,102.7,111.8,112.1,151.0,208.2,42.0,54.9,100.4,119.6,212.0,209.9,250.0,219.4,155.2,90.7,53.5,32.3,5.8,6.5,7.2,9.7,16.6,17.8,21.3,21.0,16.6,11.9,7.7,7.8,3.4,3.8,4.3,6.4,11.7,13.0,16.1,16.5,12.3,8.4,5.2,5.3,1.1,1.1,1.4,3.1,7.0,8.3,11.1,11.9,8.0,5.0,2.5,2.9
North West,1912,,,,,,,,,,,,,16.6,14.4,22.6,3.7,11.7,22.0,15.1,24.1,8.5,12.9,15.2,22.0,105.8,71.2,171.3,20.5,57.9,147.6,126.5,186.8,50.3,134.8,122.0,152.7,36.2,53.6,75.8,203.0,139.8,131.0,128.4,83.1,103.5,89.7,34.4,13.4,5.3,7.0,8.8,12.6,14.3,16.3,18.6,14.9,13.6,11.6,8.1,8.6,2.8,4.1,6.0,7.8,10.2,12.5,14.7,11.6,10.1,7.7,5.6,5.8,0.2,1.3,3.1,3.1,6.2,8.8,10.8,8.3,6.6,3.8,3.1,2.9
North West,1913,,,,,,,,,,,,,17.4,9.8,20.8,16.8,15.6,12.5,8.3,8.9,10.0,15.3,21.3,13.2,129.4,63.9,150.2,139.3,79.7,86.8,38.0,68.0,78.2,101.2,138.3,92.6,29.5,53.9,101.0,103.3,147.5,161.6,153.9,163.7,117.3,79.9,48.5,26.6,5.8,7.1,8.1,10.5,14.0,16.8,17.6,18.5,16.9,13.1,10.2,6.6,3.4,4.1,4.8,7.0,9.8,12.6,13.6,14.0,12.9,10.0,7.4,4.4,0.9,1.1,1.6,3.4,5.7,8.5,9.6,9.6,8.9,6.9,4.6,2.2
North West,1914,,,,,,,,,,,,,13.0,16.5,23.1,8.6,12.4,10.3,15.9,12.4,10.6,9.3,19.0,22.4,99.8,129.8,138.9,37.7,69.6,56.9,127.3,94.1,80.6,52.9,158.3,214.0,25.1,54.0,85.0,200.5,138.6,205.7,145.1,183.7,164.5,67.2,50.5,30.1,5.5,8.8,8.0,13.3,13.3,17.7,18.6,19.2,16.7,12.7,8.9,6.2,3.0,5.9,5.0,8.6,9.3,13.1,14.6,14.9,12.3,9.4,5.9,3.7,0.5,3.0,1.9,4.0,5.4,8.5,10.6,10.6,7.9,6.2,2.9,1.1
North West,1915,,,,,,,,,,,,,17.8,19.0,11.4,12.6,8.8,7.7,18.1,15.9,7.0,9.3,8.8,23.4,146.2,162.5,52.1,67.5,52.7,35.1,124.5,109.8,35.0,54.5,80.3,218.2,36.4,65.0,102.2,152.2,224.8,206.7,150.8,126.2,156.1,69.9,74.7,24.2,5.5,6.1,7.6,10.7,14.5,18.4,16.8,17.5,16.7,11.8,5.3,6.8,3.3,3.2,4.2,6.9,9.5,13.1,13.2,13.9,12.4,8.2,2.0,4.1,1.0,0.3,0.9,3.1,4.6,7.9,9.6,10.3,8.1,4.7,-1.4,1.4
North West,1916,,,,,,,,,,,,,17.9,20.3,14.4,13.2,14.1,14.2,11.7,13.1,10.2,24.0,18.8,16.4,113.8,135.9,66.1,87.5,98.3,78.9,77.1,86.3,88.5,215.2,131.2,95.5,31.2,55.3,59.5,155.4,156.9,147.0,150.5,160.2,97.5,61.3,37.4,39.2,9.1,5.4,4.9,11.0,14.2,14.5,17.8,19.1,15.6,12.4,8.7,4.6,6.7,2.9,2.3,7.0,9.8,10.7,14.0,15.0,12.1,9.4,6.2,1.9,4.3,0.4,-0.2,3.0,5.6,7.0,10.3,10.9,8.6,6.5,3.7,-0.9
North West,1917,,,,,,,,,,,,,10.0,8.6,14.2,13.2,12.1,11.4,7.3,23.8,12.1,23.7,17.9,13.2,68.4,39.2,75.9,67.5,79.8,71.5,49.6,227.3,88.8,199.7,127.6,65.6,24.6,50.1,97.3,123.2,170.5,215.6,223.4,111.0,104.2,86.3,34.4,32.9,2.7,3.5,5.6,7.9,16.2,17.7,19.8,17.4,16.2,10.2,9.7,4.8,1.0,0.5,2.4,4.2,11.2,13.1,14.9,14.2,12.9,6.8,7.3,2.3,-0.8,-2.6,-0.9,0.6,6.3,8.5,10.1,11.0,9.6,3.4,4.8,-0.3
North West,1918,,,,,,,,,,,,,15.5,17.4,8.6,9.0,10.9,10.3,17.4,13.8,26.7,17.6,12.9,23.2,113.4,140.6,52.1,38.9,78.6,56.4,125.0,95.2,273.3,135.1,85.6,199.2,43.0,37.6,108.1,149.6,193.2,202.9,189.5,141.6,109.7,73.8,62.8,25.6,6.1,8.1,8.2,10.1,16.2,16.3,18.3,18.5,13.8,11.4,8.0,8.5,3.4,5.9,4.7,6.1,11.3,11.7,13.9,14.7,10.6,8.3,4.8,6.0,0.6,3.6,1.3,2.1,6.5,7.2,9.6,11.1,7.4,5.4,1.6,3.5
North West,1919,,,,,,,,,,,,,20.6,8.2,16.3,15.0,8.3,12.0,9.2,12.7,13.7,10.8,14.5,23.8,130.9,45.0,156.4,73.2,40.2,64.5,48.8,110.5,93.9,84.9,87.8,197.8,38.6,58.5,89.2,121.4,211.6,189.6,160.7,160.7,133.7,104.3,42.3,29.7,4.8,3.9,5.3,9.6,17.3,16.8,17.1,17.8,15.5,10.9,5.2,7.1,2.4,1.2,2.2,6.0,12.2,12.5,12.8,13.8,11.6,7.2,2.5,4.5,0.1,-1.5,-0.9,2.5,7.1,8.3,8.7,10.0,7.6,3.6,-0.4,1.9
North West,1920,,,,,,,,,,,,,21.3,14.8,19.8,24.2,17.8,12.4,23.7,11.5,13.0,8.7,10.3,15.2,152.1,114.7,157.1,148.5,141.8,78.8,187.0,77.9,93.6,66.8,71.5,106.5,37.3,66.9,86.5,77.9,155.4,176.9,103.6,117.1,112.2,113.0,50.3,33.4,7.0,8.1,9.1,9.7,14.2,17.4,16.0,16.0,15.6,13.4,9.4,6.1,4.1,5.1,5.8,6.8,10.2,13.0,12.8,12.5,11.7,9.8,6.7,3.4,1.2,2.2,2.5,3.9,6.4,8.6,9.8,9.1,7.9,6.2,4.0,0.9
North West,1921,,,,,,,,,,,,,23.8,2.4,20.5,8.2,14.9,4.1,10.2,19.8,7.4,11.7,12.2,20.4,192.8,12.2,134.0,42.1,67.5,13.2,66.4,170.5,48.1,87.7,79.1,164.3,24.4,62.7,83.3,185.2,215.0,225.8,208.7,128.2,153.1,95.3,56.1,30.3,8.6,6.8,9.1,11.6,14.4,18.1,21.5,17.3,17.1,15.8,7.2,8.7,6.2,4.0,6.0,7.1,9.7,13.0,16.4,13.7,12.7,12.0,4.3,5.9,3.7,1.3,2.9,2.5,5.2,8.1,11.3,10.2,8.2,8.4,1.4,3.1
North West,1922,,,,,,,,,,,,,21.4,17.8,13.5,14.9,10.0,12.6,19.1,17.2,14.5,6.1,11.5,20.6,128.0,138.5,83.8,76.9,49.8,66.8,140.5,115.2,109.6,36.0,70.9,170.2,40.9,59.9,106.6,166.0,193.2,187.4,147.4,112.5,89.3,106.8,48.8,22.1,5.5,6.5,6.9,8.6,15.4,16.6,15.7,15.7,14.6,11.2,8.5,7.2,2.9,3.6,3.7,4.5,10.7,12.1,12.1,12.1,10.9,7.6,5.5,5.0,0.3,0.7,0.6,0.5,6.3,7.8,8.6,8.9,7.3,4.2,2.7,3.0
North West,1923,,,,,,,,,,,,,18.1,21.9,10.9,13.5,17.6,8.0,16.9,21.9,18.6,25.1,17.5,21.2,108.6,185.3,50.0,93.0,100.6,35.2,109.5,174.2,139.9,205.4,159.6,136.2,34.3,46.6,99.1,130.5,166.3,129.8,151.2,145.2,130.2,80.3,62.0,35.9,7.5,6.8,9.2,10.1,11.3,14.5,19.4,17.0,14.7,11.4,6.0,5.8,5.2,4.5,5.8,6.4,7.7,11.1,15.7,13.5,11.1,8.6,3.0,3.3,2.9,2.2,2.3,2.8,4.1,7.9,12.1,10.1,7.7,6.0,0.1,0.9
North West,1924,,,,,,,,,,,,,17.5,8.4,6.6,13.1,23.4,14.8,20.0,21.2,20.2,16.4,11.5,20.2,109.6,27.4,43.1,73.9,154.2,81.5,139.3,146.8,158.8,132.1,84.2,186.9,37.3,47.0,133.1,135.5,138.1,146.0,151.0,120.8,98.6,87.6,52.4,33.5,6.3,5.2,7.4,9.7,13.7,16.2,17.4,16.2,15.2,12.4,9.1,8.7,3.8,2.8,3.2,5.7,10.0,12.4,13.8,12.8,12.1,9.2,6.2,6.5,1.3,0.4,-0.9,1.7,6.5,8.7,10.2,9.6,9.0,6.1,3.5,4.3
North West,1925,,,,,,,,,,,,,13.0,22.6,11.5,16.7,20.1,1.3,10.5,18.4,18.9,16.4,11.6,17.7,107.4,177.2,46.1,92.0,127.8,5.3,66.7,118.7,120.9,153.8,78.7,114.3,34.4,53.5,93.6,161.3,130.5,256.2,176.3,130.9,113.9,72.4,82.1,41.8,7.3,6.6,7.0,10.1,13.9,18.7,20.0,18.0,13.8,12.7,5.8,4.8,4.7,3.9,4.1,6.4,10.1,13.6,15.5,14.3,10.4,9.3,2.7,2.1,2.2,1.3,1.4,2.8,6.5,8.6,11.0,10.7,7.1,6.1,-0.4,-0.5
North West,1926,,,,,,,,,,,,,20.1,17.0,10.1,12.1,17.0,11.7,13.7,16.6,16.2,13.2,20.5,10.3,141.2,122.9,49.3,59.4,88.6,79.1,119.7,119.6,115.2,109.9,191.6,39.4,30.7,36.6,82.8,119.0,170.0,195.5,153.7,169.7,106.9,92.5,44.6,32.0,6.8,8.1,8.3,12.3,13.1,16.8,19.9,18.9,16.6,10.5,7.8,6.3,4.3,5.6,5.3,8.3,8.9,12.2,15.9,14.9,13.0,7.1,4.8,3.8,1.8,3.1,2.3,4.4,4.7,7.8,11.8,10.9,9.3,3.7,1.9,1.6
North West,1927,,,,,,,,,,,,,22.3,12.5,18.6,15.8,9.9,17.2,17.7,21.6,20.2,15.6,16.2,7.9,134.6,77.1,123.0,74.8,54.4,131.5,114.3,196.8,182.0,127.5,148.1,46.2,30.6,57.0,92.2,131.2,174.0,161.9,128.9,133.9,99.4,94.8,55.5,25.0,6.4,6.6,9.0,10.0,14.1,14.8,18.5,18.2,14.7,13.1,8.1,3.3,4.0,3.5,6.0,6.6,9.6,10.8,14.7,14.4,11.4,9.6,5.4,1.4,1.8,0.4,3.0,3.3,5.3,6.9,11.0,10.7,8.1,6.1,2.6,-0.6
North West,1928,,,,,,,,,,,,,25.8,14.7,16.4,10.2,8.0,19.5,11.4,18.7,10.3,22.6,20.6,17.7,252.3,141.4,91.5,45.3,36.3,171.7,97.4,162.4,59.3,180.2,217.2,101.8,37.7,67.7,71.5,133.1,161.4,173.5,196.2,147.6,141.6,83.8,44.1,30.5,7.3,8.0,7.8,11.4,14.3,15.3,17.5,17.9,15.7,12.3,9.6,5.8,4.4,5.1,4.8,7.4,9.8,11.3,13.9,14.0,11.5,9.1,6.7,3.1,1.6,2.1,1.9,3.5,5.5,7.4,10.3,10.2,7.5,6.0,3.8,0.3
North West,1929,,,,,,,,,,,,,9.6,6.8,4.4,8.3,10.8,12.6,11.9,19.9,7.8,21.5,23.3,24.9,52.0,31.4,24.6,38.8,74.0,63.0,108.2,145.8,60.4,177.8,248.9,235.3,39.5,52.0,185.9,162.4,232.4,224.9,176.0,132.1,147.7,93.7,38.5,41.3,3.7,2.8,11.1,9.7,15.1,16.3,18.7,17.3,17.8,11.6,8.9,7.4,1.3,0.2,5.6,5.7,10.3,11.8,14.3,13.7,13.4,8.5,6.0,4.9,-1.1,-2.4,-0.1,1.7,5.6,7.5,10.1,10.2,9.1,5.5,3.0,2.5
North West,1930,,,,,,,,,,,,,21.4,4.1,15.4,14.5,11.8,10.6,18.7,21.5,15.5,24.4,16.6,19.5,191.7,15.4,88.4,75.4,56.1,59.9,136.0,175.1,106.1,197.9,159.8,147.9,43.1,65.6,91.7,104.0,160.2,216.8,129.9,145.5,99.7,82.8,53.1,20.9,7.2,4.1,7.1,10.3,13.7,18.5,17.1,17.8,15.5,12.3,8.4,6.2,4.4,1.4,4.0,7.0,9.5,13.6,13.8,14.1,12.3,9.4,5.4,3.9,1.6,-1.2,1.0,3.8,5.4,8.7,10.5,10.5,9.1,6.6,2.4,1.6
North West,1931,14.3,8.8,19.0,2.5,0.9,0.0,0.0,0.1,0.4,7.2,0.8,7.5,19.4,19.6,5.8,17.6,16.2,17.3,20.2,14.5,10.9,11.1,21.0,13.4,127.3,124.7,24.6,95.6,93.8,156.2,121.5,142.9,89.3,78.9,221.9,90.8,46.1,44.2,132.0,102.9,167.7,130.5,113.7,161.3,86.1,112.0,38.7,24.5,5.2,5.6,7.0,9.7,14.2,16.4,17.1,17.0,14.0,11.8,9.4,7.4,2.5,3.1,3.1,6.5,9.9,12.6,13.9,13.1,10.6,8.0,6.9,5.0,-0.1,0.6,-0.6,3.3,5.8,9.0,10.7,9.3,7.2,4.3,4.5,2.6
North West,1932,7.7,14.6,11.5,6.4,1.8,0.1,0.0,0.1,1.7,2.2,2.6,5.9,16.2,1.3,11.2,20.4,18.5,5.0,18.5,8.4,16.1,22.7,14.9,15.9,168.2,4.2,86.6,112.8,116.7,40.3,148.7,48.5,135.3,202.1,98.6,107.8,48.6,69.4,92.4,124.5,112.8,212.4,116.5,137.1,111.5,70.8,36.5,39.1,8.4,5.8,7.5,9.2,12.6,18.1,18.0,19.2,15.5,11.1,8.4,7.5,5.5,2.8,3.9,5.6,9.1,13.0,14.6,15.3,11.7,7.8,5.9,5.2,2.8,-0.2,0.4,2.0,5.6,8.1,11.3,11.5,8.0,4.5,3.3,2.9
North West,1933,19.1,14.3,5.8,4.1,0.1,0.1,0.0,0.0,0.0,1.1,7.3,20.0,14.2,14.3,14.2,9.1,12.9,11.3,12.8,11.0,6.7,15.8,9.3,7.3,115.2,117.6,80.7,43.6,57.2,74.6,84.8,60.9,34.2,134.9,52.6,30.0,56.3,73.2,132.3,124.0,139.4,195.4,186.6,179.4,170.2,73.5,49.9,35.2,4.8,6.1,10.6,11.6,14.9,19.1,20.5,20.2,18.6,12.3,7.5,3.9,1.9,3.2,6.3,7.7,10.8,14.1,16.0,15.9,13.7,9.2,4.8,1.5,-1.0,0.4,2.1,3.9,6.8,9.3,11.7,11.6,8.8,6.2,2.1,-0.9
North West,1934,7.9,10.4,11.5,6.1,0.4,0.1,0.0,0.0,0.1,0.8,6.2,0.2,17.4,2.2,17.8,14.7,12.6,9.9,9.8,18.6,17.9,24.0,10.0,23.4,134.0,10.3,84.1,83.1,95.7,63.2,50.3,130.4,116.6,176.7,54.4,196.6,51.4,68.6,88.5,125.2,150.7,200.7,225.7,143.6,133.7,59.3,34.9,16.9,7.0,6.6,7.4,10.4,13.8,18.2,21.5,17.8,17.3,12.1,7.9,9.1,4.0,3.6,3.9,6.6,9.6,13.4,16.6,13.7,13.1,9.4,5.4,7.1,1.1,0.7,0.4,2.8,5.6,8.6,11.6,9.8,9.0,6.7,2.7,5.1
North West,1935,10.2,7.3,5.9,2.8,3.6,0.0,0.0,0.0,0.2,2.0,2.9,14.9,10.3,18.8,8.9,16.1,6.1,20.3,8.8,8.5,19.7,23.7,21.3,16.8,63.9,166.6,38.8,101.8,33.3,125.8,45.9,63.5,201.0,207.4,147.3,92.0,37.7,40.4,99.9,144.4,248.1,159.9,209.3,174.5,113.9,56.1,47.6,36.2,6.3,7.3,8.9,10.7,14.2,17.8,19.7,19.6,15.8,11.4,8.6,4.6,3.9,4.9,5.8,7.0,9.1,13.5,15.3,14.9,12.2,8.4,5.8,2.1,1.5,2.4,2.6,3.3,4.2,9.3,10.9,10.2,8.6,5.5,3.1,-0.5
North West,1936,12.7,16.6,5.1,9.7,0.7,0.1,0.0,0.0,0.3,2.1,8.6,9.2,20.4,13.1,13.7,10.3,6.9,13.5,20.5,11.2,15.4,13.9,17.1,18.3,148.8,73.4,77.2,41.7,38.8,118.7,142.5,65.4,137.9,108.7,145.4,168.0,33.0,68.5,46.7,166.3,192.5,150.4,113.2,154.8,91.3,87.9,47.4,33.2,5.0,4.7,8.8,9.1,14.9,17.5,17.3,18.6,16.6,12.2,7.9,7.6,2.5,1.8,5.9,5.3,10.2,13.2,13.9,14.6,13.2,8.7,5.1,4.8,0.1,-1.0,2.9,1.4,5.7,9.0,10.6,10.7,9.7,5.3,2.2,2.0
North West,1937,10.4,6.5,20.3,1.3,0.3,0.0,0.0,0.0,0.0,0.6,9.3,16.5,18.2,21.8,14.5,14.8,11.2,11.2,13.1,9.2,13.4,11.0,8.0,14.9,131.5,174.8,63.9,93.6,58.2,63.5,72.5,59.2,81.2,84.2,49.4,92.2,28.7,49.8,89.4,98.5,181.7,139.9,116.6,169.6,120.7,71.6,56.4,30.7,7.0,6.7,5.5,11.5,15.2,16.4,18.2,19.9,16.0,12.5,7.8,4.7,4.4,4.2,2.4,8.1,10.7,12.5,14.5,15.2,12.1,9.1,4.7,2.2,1.9,1.7,-0.7,4.6,6.4,8.6,10.8,10.6,8.2,5.7,1.7,-0.3
North West,1938,4.6,7.4,1.8,8.4,3.0,0.0,0.0,0.0,0.2,0.5,1.1,9.8,21.5,9.5,9.0,2.4,14.0,15.2,17.3,15.2,13.6,22.3,21.4,19.0,167.0,54.1,57.7,14.2,94.6,134.7,145.9,102.8,63.3,240.6,182.8,130.2,31.4,59.1,100.9,177.8,167.3,158.9,118.6,148.5,92.9,76.4,52.8,37.9,7.4,6.9,11.2,11.2,13.8,16.1,16.9,18.4,16.0,12.5,10.9,6.3,4.9,4.3,7.8,6.7,9.5,12.4,13.3,14.4,12.4,9.6,8.3,3.9,2.3,1.7,4.4,2.2,5.3,8.7,9.5,10.5,8.7,6.8,5.7,1.5
North West,1939,14.3,5.8,6.7,3.7,0.6,0.1,0.0,0.0,0.5,3.2,0.7,11.8,21.1,16.6,14.8,13.2,6.6,12.5,22.8,11.1,6.2,12.8,21.0,9.8,181.7,126.2,86.9,66.9,31.5,88.4,193.8,68.6,39.7,75.2,202.1,86.3,31.4,59.2,82.2,164.2,187.8,231.1,121.2,154.7,110.3,100.5,35.5,29.0,5.5,7.4,7.8,11.4,14.8,17.9,17.5,19.3,16.5,11.0,10.1,5.3,3.0,4.6,4.9,7.4,10.3,12.9,14.0,15.1,12.7,7.3,7.5,2.9,0.6,1.8,2.0,3.4,5.8,8.0,10.5,11.1,9.0,3.7,4.9,0.5
North West,1940,27.0,15.5,11.1,4.5,0.1,0.0,0.0,0.0,0.1,1.3,2.9,8.3,9.0,12.1,15.7,15.2,9.7,5.6,19.1,9.3,13.7,13.0,20.8,17.4,73.9,74.2,109.2,73.3,50.7,29.4,131.1,45.4,114.1,140.9,197.2,120.4,56.3,35.1,98.8,104.6,194.4,288.3,150.9,149.3,139.1,67.0,40.0,36.5,1.8,4.4,8.4,11.2,16.1,20.6,17.4,17.9,15.1,11.8,8.7,6.2,-1.5,1.9,4.9,7.4,11.2,14.9,13.5,13.9,11.3,8.6,6.1,3.6,-4.8,-0.6,1.4,3.6,6.2,9.2,9.7,10.1,7.4,5.5,3.5,1.0
North West,1941,23.7,15.5,12.9,6.9,4.5,0.3,0.0,0.0,0.0,1.9,4.7,7.9,11.1,18.4,13.4,10.7,10.8,4.6,11.2,20.5,6.0,14.1,14.6,13.0,59.5,125.8,92.7,48.1,81.1,21.5,58.2,149.5,34.4,148.1,86.7,75.0,35.7,59.6,102.0,100.4,157.0,196.8,184.5,144.8,95.6,92.5,38.9,27.2,1.9,5.1,7.7,8.7,12.8,18.4,20.1,17.0,17.6,12.9,8.8,7.7,-0.5,2.2,4.0,5.4,8.4,13.4,15.4,13.4,13.8,9.7,5.8,5.3,-2.8,-0.8,0.4,2.0,4.0,8.6,10.8,9.8,10.1,6.4,2.7,2.7
North West,1942,22.7,25.3,14.0,2.8,2.3,0.0,0.0,0.0,0.3,0.8,9.3,5.1,17.2,8.1,12.3,9.0,14.2,4.1,15.1,17.0,16.6,17.1,7.8,21.2,142.5,51.4,85.6,63.8,109.5,20.6,115.3,124.8,112.6,142.8,32.5,153.8,32.7,52.2,67.7,198.8,200.5,210.7,159.1,103.0,124.8,66.3,40.4,23.2,3.6,3.1,7.8,12.8,14.5,17.6,17.8,18.4,15.9,12.4,7.7,8.6,1.1,-0.2,4.3,8.1,9.8,12.7,13.8,14.9,12.2,9.4,4.4,6.0,-1.5,-3.6,0.7,3.3,5.3,7.8,9.9,11.4,8.5,6.4,1.1,3.4
North West,1943,10.8,2.8,7.3,0.8,1.2,0.0,0.0,0.0,0.3,0.3,5.9,12.5,22.1,13.5,8.0,12.5,11.6,14.4,10.9,22.0,18.4,17.1,16.7,10.7,181.3,93.5,40.0,66.2,109.5,104.5,93.5,162.2,142.4,144.2,96.7,65.3,30.0,64.4,122.7,144.3,214.2,197.2,215.0,117.6,111.4,88.4,50.1,36.2,6.5,8.2,9.7,12.8,15.1,17.0,19.4,17.7,15.4,13.1,8.5,5.8,3.9,5.4,5.8,8.9,10.1,12.9,14.6,14.2,11.8,9.6,5.8,3.2,1.4,2.7,2.0,5.1,5.2,8.8,9.8,10.7,8.1,6.2,3.1,0.5
North West,1944,5.7,11.3,11.9,1.2,1.4,0.0,0.0,0.0,0.1,1.1,5.0,10.3,19.5,11.6,7.1,10.2,10.4,14.9,14.5,11.5,17.2,17.9,23.9,16.8,157.9,59.8,23.5,65.6,71.8,91.7,92.0,92.7,153.0,149.5,211.0,122.5,26.5,59.7,114.7,136.3,175.8,144.1,87.7,174.5,110.2,75.1,37.4,37.6,8.0,5.6,8.1,12.9,14.3,15.9,18.4,19.7,15.0,11.2,8.2,6.1,5.3,3.1,4.4,8.8,9.8,12.0,14.8,15.2,11.2,8.1,5.4,3.6,2.6,0.5,0.7,4.7,5.4,8.2,11.2,11.0,7.2,5.1,2.5,1.1
North West,1945,21.9,3.5,4.0,3.3,2.7,0.0,0.0,0.0,0.0,0.0,3.9,8.2,14.1,17.9,8.9,10.5,17.7,18.5,10.2,10.3,13.4,11.8,4.4,18.0,103.8,138.4,60.3,66.7,110.4,108.7,77.5,69.1,94.7,150.5,14.0,103.1,49.8,62.0,100.1,181.9,153.7,168.5,144.1,171.2,97.7,83.5,41.0,29.3,3.0,8.9,10.6,13.2,14.8,17.0,18.8,19.0,16.8,14.2,9.4,7.0,-0.1,6.0,6.9,8.7,10.4,13.0,15.0,14.6,13.0,10.8,6.6,4.4,-3.1,3.1,3.3,4.3,6.2,9.0,11.3,10.3,9.3,7.4,3.8,1.9
North West,1946,16.8,6.5,14.6,1.8,2.1,0.0,0.0,0.0,0.0,2.5,0.5,14.6,17.2,15.2,8.1,8.2,9.2,17.7,16.2,20.7,19.8,6.1,21.5,19.6,157.0,147.8,50.3,39.1,51.3,110.7,110.4,164.0,182.5,30.5,196.6,144.2,40.7,66.3,116.4,154.8,227.7,154.6,155.1,129.2,89.8,78.8,23.9,40.5,5.1,7.3,8.3,12.9,14.5,15.4,18.1,16.6,15.8,11.6,9.8,5.6,2.2,4.9,4.4,8.7,9.5,11.5,14.2,13.0,12.7,8.7,7.3,2.8,-0.7,2.5,0.5,4.4,4.7,7.7,10.4,9.4,9.4,5.8,4.9,-0.1
North West,1947,16.7,27.7,16.0,2.3,0.2,0.0,0.0,0.0,0.2,0.3,8.4,7.4,14.7,7.0,22.5,15.0,16.1,13.8,15.8,2.3,14.7,7.1,17.9,14.1,119.3,37.1,180.3,129.8,86.8,81.1,99.4,10.2,93.2,23.2,169.3,94.4,37.9,39.9,66.9,127.1,161.6,150.6,133.5,271.3,110.8,98.4,67.8,23.0,4.1,-0.2,5.2,10.6,16.5,17.7,18.6,22.7,17.2,13.6,9.1,6.7,1.7,-2.3,2.2,7.1,11.7,13.6,14.9,17.0,13.3,9.9,6.2,4.4,-0.6,-4.3,-0.8,3.5,7.1,9.6,11.2,11.4,9.4,6.2,3.3,2.2
North West,1948,8.0,11.5,3.9,2.8,2.1,0.0,0.0,0.0,0.0,1.9,6.0,9.9,24.7,12.5,8.6,12.7,8.6,20.4,12.6,15.7,15.8,15.2,14.5,15.7,252.6,89.5,74.5,62.3,48.5,153.9,76.6,145.8,124.3,93.7,97.2,140.9,33.0,59.8,154.0,158.9,254.6,153.2,156.4,97.1,80.0,76.2,57.6,50.1,6.4,6.3,12.0,11.9,15.3,15.8,17.9,16.8,15.5,12.5,9.7,7.5,4.0,3.8,7.5,7.7,10.0,12.0,14.3,13.6,12.5,9.3,7.0,4.7,1.7,1.3,2.9,3.5,4.7,8.3,10.6,10.4,9.5,6.1,4.2,1.9
North West,1949,7.2,7.1,12.0,1.0,0.5,0.0,0.0,0.0,0.0,1.5,3.1,5.2,15.7,13.6,10.2,14.7,13.7,5.7,8.2,10.2,7.4,17.1,19.6,20.9,90.9,78.0,62.8,123.7,83.0,25.2,72.3,78.5,46.3,167.3,166.2,192.6,38.7,87.7,130.2,138.0,224.2,253.1,193.3,177.2,146.4,73.6,40.8,31.3,7.4,8.0,8.0,12.3,14.6,19.0,20.1,19.5,18.9,13.9,8.7,7.7,4.7,4.9,4.4,8.6,9.9,13.8,15.6,15.3,14.7,10.6,6.1,5.1,2.1,1.8,0.9,5.1,5.2,8.7,11.2,11.2,10.6,7.6,3.6,2.5
North West,1950,13.5,8.9,4.3,4.7,0.4,0.0,0.0,0.0,0.0,2.4,6.2,22.0,11.1,16.7,11.3,19.7,8.6,12.5,13.4,21.1,24.0,14.6,19.1,16.8,69.7,170.9,73.9,107.2,41.0,72.2,107.4,191.2,233.7,105.4,143.6,91.0,35.1,57.9,109.9,131.5,185.5,210.3,163.6,139.6,91.1,88.4,49.2,31.7,6.2,7.2,10.3,10.0,14.7,19.1,18.4,17.7,14.8,11.8,7.6,3.1,3.7,4.2,6.5,6.3,10.3,14.4,14.5,14.0,11.7,8.8,4.8,0.7,1.3,1.1,2.8,2.7,6.0,9.9,10.7,10.4,8.7,5.8,2.0,-1.6
North West,1951,12.5,14.0,17.3,5.9,1.7,0.1,0.0,0.0,0.0,2.0,1.3,9.4,18.2,18.4,18.4,13.2,12.2,8.7,12.0,20.4,13.8,5.1,24.5,22.0,121.0,119.4,145.7,82.4,66.7,37.4,74.7,142.7,130.5,34.2,237.1,221.8,35.0,56.2,79.1,170.0,177.5,213.6,167.7,124.0,104.3,102.4,43.0,36.2,5.2,5.3,6.0,9.3,12.9,17.2,18.5,16.8,16.4,12.7,10.0,7.6,2.9,2.6,2.9,5.5,8.8,12.5,14.6,13.5,13.0,9.2,7.4,4.8,0.6,0.1,-0.3,1.8,4.8,7.8,10.8,10.2,9.6,5.7,4.8,1.9
North West,1952,18.6,14.9,7.8,2.7,0.1,0.0,0.0,0.0,0.3,3.2,12.5,15.0,17.9,8.3,10.1,11.1,11.3,12.4,11.7,14.1,15.2,16.7,13.0,19.5,133.8,43.5,70.6,80.4,68.8,87.7,62.2,124.1,112.2,139.8,84.0,125.3,52.0,76.0,92.8,137.7,176.8,165.1,140.4,141.5,93.8,95.4,66.5,33.6,4.6,5.8,8.7,12.6,16.2,16.4,18.7,18.0,13.2,11.0,6.2,5.3,1.9,2.8,5.7,8.3,11.9,12.5,15.1,14.3,9.9,8.0,3.6,2.7,-0.8,-0.2,2.7,4.0,7.7,8.7,11.4,10.8,6.6,5.1,1.0,0.2
North West,1953,13.3,12.4,13.5,7.0,0.7,0.0,0.0,0.0,0.0,0.8,0.3,3.2,10.0,10.6,6.0,12.9,11.0,12.5,19.7,15.5,14.4,9.9,16.2,13.2,56.2,63.7,47.5,94.0,68.0,65.3,146.4,126.4,144.8,64.9,157.8,62.7,34.0,51.2,133.7,174.4,202.3,160.5,161.1,156.9,110.8,96.0,41.5,28.2,5.6,6.4,9.8,10.1,16.0,17.5,17.7,18.4,16.2,12.5,10.2,8.7,3.3,3.8,5.2,6.0,11.6,13.2,14.2,14.7,12.9,8.9,7.9,6.3,1.0,1.2,0.6,2.0,7.2,9.1,10.8,11.0,9.6,5.4,5.7,4.0
North West,1954,15.4,14.5,8.3,5.9,0.2,0.0,0.0,0.0,0.5,0.9,3.5,4.7,12.6,16.4,12.3,5.5,13.0,14.9,18.8,20.6,23.1,22.7,21.5,21.0,107.9,102.6,91.9,35.0,93.7,118.7,144.9,152.6,167.7,256.6,231.5,159.6,41.3,55.4,106.0,185.1,146.8,131.9,105.5,103.6,133.6,59.4,49.4,24.1,4.9,4.5,8.0,11.0,14.2,15.6,15.8,16.3,15.0,13.5,9.0,8.1,2.5,1.6,4.8,6.8,10.2,12.1,12.7,13.1,11.5,10.7,6.1,5.9,0.2,-1.3,1.6,2.6,6.4,8.7,9.6,10.1,8.0,8.1,3.2,3.7
North West,1955,16.6,20.0,22.3,4.1,1.2,0.1,0.0,0.0,0.0,5.9,7.7,10.8,13.9,13.5,7.8,11.2,17.2,13.1,3.4,7.9,14.5,13.3,9.4,20.6,92.2,63.5,58.9,71.1,109.9,113.2,39.8,46.6,81.6,80.6,61.5,154.5,33.9,74.5,149.2,153.4,192.1,142.9,289.0,211.8,136.5,101.3,54.3,31.8,4.6,3.1,6.1,12.1,12.3,16.1,21.6,21.4,16.7,12.1,9.2,7.6,2.1,0.4,2.5,8.0,8.5,12.2,16.3,16.6,13.1,8.4,6.4,4.8,-0.4,-2.3,-1.1,4.0,4.8,8.5,11.0,11.9,9.5,4.9,3.5,2.0
North West,1956,14.2,22.9,9.7,10.0,1.3,0.0,0.0,0.0,0.0,1.7,5.0,7.5,18.7,7.3,9.4,8.4,9.5,14.4,16.1,22.7,14.4,12.5,10.2,20.7,123.9,25.5,53.6,50.0,50.2,70.4,144.9,253.3,106.4,96.0,55.2,139.4,45.0,75.9,132.7,159.1,226.0,159.6,137.5,127.3,89.8,104.5,46.6,19.1,5.5,2.9,9.3,10.2,14.8,15.6,17.9,15.4,16.6,12.0,8.3,7.5,3.0,-0.3,5.5,5.9,10.3,11.8,14.4,12.0,13.2,8.8,5.7,5.2,0.6,-3.4,1.8,1.6,5.9,8.1,10.9,8.7,9.9,5.6,3.1,2.9
North West,1957,10.0,10.2,1.2,2.9,1.5,0.0,0.0,0.0,0.1,0.3,4.7,11.0,17.5,17.1,15.9,5.3,10.6,9.0,18.0,17.8,19.0,15.6,8.1,15.2,142.5,103.6,105.5,21.0,66.8,53.2,157.1,164.2,189.6,153.2,60.5,123.3,37.3,77.3,82.7,153.4,201.1,283.8,117.7,117.3,100.7,70.3,52.5,47.5,7.5,7.1,11.4,11.7,14.0,19.0,18.2,17.5,14.2,13.0,8.3,6.9,4.7,3.9,8.2,7.6,9.5,13.5,14.8,14.2,11.2,9.8,5.9,4.0,1.9,0.8,5.0,3.6,5.0,8.1,11.4,10.9,8.3,6.7,3.6,1.2
North West,1958,14.0,12.8,18.1,7.1,0.7,0.0,0.0,0.0,0.0,0.2,6.8,11.8,17.8,18.8,10.0,7.7,18.5,17.4,16.8,18.6,16.3,16.3,9.3,17.0,122.9,178.7,42.0,40.1,116.0,114.9,117.9,118.3,167.3,121.8,58.3,108.6,43.0,53.6,105.6,142.5,153.4,131.3,149.8,115.2,104.6,73.0,38.6,29.9,5.7,6.5,6.1,10.4,13.4,16.5,18.1,18.0,17.4,12.6,8.7,6.4,2.8,3.6,2.8,6.4,9.5,12.4,14.4,14.4,13.9,9.9,5.9,3.8,0.0,0.8,-0.5,2.5,5.7,8.4,10.7,10.9,10.4,7.2,3.1,1.2
North West,1959,20.9,12.3,2.7,1.9,1.2,0.0,0.0,0.0,0.0,0.4,3.7,2.7,13.9,6.1,14.4,16.1,7.4,13.0,12.8,5.6,2.5,13.6,20.7,25.0,111.6,29.9,70.4,111.3,42.5,87.1,104.4,23.6,20.4,143.9,165.9,222.5,70.5,59.5,86.4,122.5,223.9,216.2,195.5,183.8,177.2,114.7,41.4,22.2,4.2,7.1,9.4,11.6,16.9,17.9,19.5,20.0,18.8,15.6,9.1,7.5,1.1,4.1,6.3,7.9,11.8,13.6,15.2,15.6,13.5,11.7,6.5,5.0,-1.9,1.2,3.1,4.2,6.8,9.3,10.9,11.2,8.3,7.9,3.9,2.5
North West,1960,15.0,17.3,5.0,2.5,0.3,0.0,0.0,0.0,0.0,0.8,4.6,14.7,16.5,15.7,11.0,11.5,7.5,9.6,20.5,18.9,14.9,17.9,24.2,17.7,180.4,122.7,47.1,81.8,56.0,57.7,145.0,122.7,116.6,119.2,235.3,145.9,34.7,72.9,80.3,158.1,184.1,250.6,140.4,151.1,124.8,64.4,46.4,50.2,6.0,5.8,8.4,12.0,16.4,19.6,17.4,17.4,15.5,12.2,8.7,5.7,3.3,2.9,5.4,7.9,11.6,14.6,13.7,13.6,11.9,9.2,6.0,3.0,0.6,-0.1,2.4,3.9,7.1,9.6,10.0,9.8,8.2,6.2,3.3,0.4
North West,1961,14.8,3.3,2.6,1.7,0.6,0.0,0.0,0.0,0.0,0.1,5.0,20.0,17.9,15.0,6.7,17.0,7.9,8.2,12.0,16.0,15.6,21.1,13.2,13.7,151.6,105.4,39.2,112.3,59.9,56.5,116.0,145.4,109.0,172.8,98.2,110.5,36.8,57.3,106.8,91.7,192.1,181.7,132.5,160.1,117.9,94.0,60.1,52.6,5.5,8.6,10.6,12.1,13.9,16.7,16.8,17.4,17.7,12.9,8.4,4.3,2.7,5.8,7.2,8.6,9.7,12.5,13.3,13.7,13.8,9.8,5.7,1.4,-0.1,2.9,3.8,5.1,5.5,8.5,9.8,10.1,9.9,6.7,3.0,-1.5
North West,1962,8.5,9.4,22.1,4.4,0.4,0.3,0.0,0.0,0.0,1.5,8.2,17.3,19.1,11.7,9.0,13.0,14.1,9.6,9.2,16.8,16.2,8.7,11.6,13.8,170.0,87.2,51.7,109.0,89.9,53.7,63.3,179.3,138.6,66.2,78.2,110.1,49.5,62.6,121.1,168.6,171.2,194.4,122.6,132.0,86.0,97.0,45.4,57.0,6.6,6.4,5.5,10.3,12.8,16.5,17.1,16.1,14.6,13.0,7.6,4.9,3.7,3.8,1.8,6.4,9.0,12.1,13.4,12.9,11.5,9.4,4.8,1.9,0.8,1.3,-2.0,2.6,5.3,7.7,9.8,9.8,8.4,5.9,2.1,-1.1
North West,1963,27.9,27.0,8.4,1.7,0.3,0.0,0.0,0.0,0.0,0.0,3.7,14.4,6.1,5.1,16.4,16.0,14.9,16.1,13.3,19.3,14.0,16.3,21.9,5.5,26.1,23.0,139.7,106.7,81.4,117.2,68.0,121.8,117.7,102.6,206.4,34.9,65.6,94.8,102.7,107.5,178.9,186.2,161.1,112.0,138.5,79.7,44.6,48.1,0.8,1.8,8.3,10.6,13.0,17.7,17.8,16.2,15.5,13.0,9.5,5.0,-1.9,-1.2,5.0,7.4,9.2,13.5,13.6,13.0,11.6,9.9,6.8,2.3,-4.6,-4.3,1.8,4.1,5.5,9.4,9.5,9.8,7.7,6.9,4.1,-0.3
North West,1964,11.8,10.9,12.4,3.1,0.0,0.0,0.0,0.0,0.3,1.7,5.5,15.3,8.5,7.1,10.5,15.5,12.8,12.3,11.5,12.2,12.2,12.3,13.7,17.2,46.6,30.1,78.5,77.0,90.8,68.6,99.0,99.8,74.2,105.4,98.5,213.2,42.7,59.5,63.9,112.6,173.7,130.1,143.1,169.5,144.4,94.0,60.1,44.9,5.8,6.3,6.2,11.1,16.0,15.8,17.6,17.7,16.8,11.6,9.5,5.8,3.2,3.7,3.5,7.7,11.9,12.2,14.1,13.8,12.7,8.1,6.6,2.8,0.6,1.1,0.9,4.3,7.8,8.8,10.6,9.9,8.6,4.6,3.7,-0.2
North West,1965,15.6,13.2,12.8,4.4,1.4,0.0,0.0,0.0,0.0,0.1,14.0,9.0,16.3,5.1,11.9,15.4,12.8,13.9,14.6,14.3,17.0,8.4,13.8,22.5,157.8,18.9,77.6,89.7,88.0,109.1,109.1,102.3,170.2,77.3,108.2,232.3,54.9,37.3,124.1,149.6,144.4,177.3,120.6,161.9,83.1,112.4,71.1,43.0,5.1,5.2,8.0,10.8,14.1,17.2,16.2,17.3,14.3,13.6,6.3,6.4,2.6,2.5,4.1,6.9,10.2,13.0,12.6,13.5,11.1,10.1,3.5,3.7,0.0,0.0,0.2,2.9,6.4,9.0,9.2,9.8,7.9,6.6,0.8,1.1
North West,1966,14.9,9.3,4.9,6.6,0.3,0.0,0.0,0.0,0.0,1.6,4.7,6.0,9.4,16.5,14.1,14.0,14.3,15.8,13.9,12.8,10.4,18.0,16.9,23.0,66.4,152.4,81.3,102.3,100.6,123.2,91.3,110.5,107.3,124.6,125.3,183.5,35.5,36.1,94.8,100.2,211.7,137.3,169.3,145.9,124.0,83.0,44.8,33.3,4.5,6.5,8.6,8.6,14.1,17.6,17.2,17.1,16.3,12.0,7.5,7.2,2.3,4.3,5.7,5.8,9.8,13.8,13.5,13.2,12.7,8.9,5.0,4.6,0.1,2.1,2.8,2.9,5.6,10.1,9.9,9.4,9.0,5.8,2.4,2.1
North West,1967,9.2,7.4,3.1,2.9,2.0,0.0,0.0,0.0,0.0,0.2,10.0,12.0,14.9,12.9,14.2,9.0,24.0,8.2,13.7,15.2,17.8,24.2,17.2,15.7,79.3,132.4,75.7,49.1,166.6,63.7,118.6,121.5,160.9,286.1,101.4,115.7,51.8,66.5,124.0,108.5,136.2,220.8,160.9,138.7,112.9,78.7,60.6,50.9,6.2,7.1,8.5,10.2,12.3,17.5,18.5,17.8,15.8,12.2,7.7,6.3,3.8,4.5,5.8,6.8,8.8,12.8,14.7,14.2,12.3,9.5,4.6,3.8,1.3,1.9,3.3,3.4,5.3,8.2,10.9,10.6,8.8,6.9,1.5,1.2
North West,1968,11.4,22.3,7.5,10.1,1.8,0.0,0.0,0.0,0.0,0.0,5.7,14.6,16.9,7.6,13.7,11.9,14.3,12.6,9.1,9.3,17.4,15.7,10.9,11.2,142.7,51.6,134.1,74.4,97.8,87.3,101.7,69.4,198.8,157.2,77.2,75.6,28.7,85.1,93.6,168.9,148.2,200.6,141.0,162.9,101.5,50.6,49.5,37.2,6.3,4.0,8.4,11.3,12.5,17.9,17.5,18.3,15.9,13.9,8.0,4.9,3.8,1.2,5.2,7.0,8.5,13.4,13.6,14.3,12.6,11.4,5.7,2.6,1.3,-1.6,1.9,2.7,4.6,9.0,9.7,10.3,9.3,9.0,3.3,0.3
North West,1969,8.8,19.4,16.7,8.6,1.1,0.2,0.0,0.0,0.2,0.0,11.5,17.0,17.7,14.4,8.5,11.9,19.9,11.0,7.8,13.7,9.3,9.1,20.2,14.5,118.7,83.9,69.0,85.4,133.3,84.8,46.9,89.5,68.8,46.5,204.3,123.8,25.4,55.4,83.6,181.7,124.7,238.5,182.0,135.2,84.2,92.8,64.2,30.4,6.8,2.6,5.1,10.4,13.5,17.4,19.0,18.6,16.3,15.2,7.1,5.4,4.4,0.0,2.3,6.2,9.7,12.6,14.9,15.0,12.8,12.0,4.2,2.6,2.1,-2.6,-0.4,2.0,6.0,7.8,10.8,11.4,9.2,9.0,1.3,-0.1
North West,1970,11.7,15.9,16.1,9.1,0.0,0.0,0.0,0.0,0.0,0.3,3.2,10.8,19.1,15.9,17.4,17.6,6.9,9.4,15.7,10.2,14.9,16.8,23.1,12.0,114.6,124.1,91.3,143.1,24.9,65.2,101.3,114.7,111.8,152.4,203.5,61.1,29.8,88.9,113.4,133.7,167.5,234.0,125.7,158.1,108.9,87.8,43.5,48.5,5.6,4.8,6.1,8.7,15.9,20.1,16.7,18.8,16.4,12.8,9.2,6.3,2.9,2.0,2.9,5.4,11.6,15.0,13.5,14.7,13.1,9.6,6.6,3.9,0.2,-0.9,-0.2,2.2,7.4,10.0,10.3,10.8,9.8,6.5,4.1,1.5
North West,1971,8.2,7.6,10.0,4.3,1.3,0.1,0.0,0.0,0.0,1.0,10.7,4.9,15.0,9.4,12.4,5.6,11.1,13.3,8.8,15.4,7.5,11.3,14.5,8.1,99.6,81.0,82.0,54.4,55.6,94.4,71.2,153.5,44.6,116.5,131.4,45.7,34.8,53.2,73.3,123.1,221.1,132.3,220.6,126.3,155.1,110.3,60.6,24.3,6.5,6.7,7.2,10.9,15.0,14.8,20.0,17.6,17.6,14.0,8.6,8.3,3.9,4.0,4.3,6.9,10.3,11.1,15.3,14.1,13.2,10.5,5.6,6.1,1.4,1.3,1.3,3.0,5.8,7.5,10.8,10.7,8.9,7.2,2.7,4.0
North West,1972,10.1,7.3,6.9,1.3,0.2,0.0,0.0,0.0,0.4,1.3,8.7,5.3,16.6,12.5,13.0,13.7,16.6,18.8,10.4,9.1,6.1,7.2,19.6,14.8,123.8,76.0,106.6,112.7,101.0,124.1,95.6,58.8,37.0,46.3,183.8,136.2,37.6,45.8,117.8,130.2,133.3,138.7,171.5,161.6,129.1,97.8,52.2,34.3,5.5,5.9,8.9,10.5,13.0,13.9,18.4,17.3,14.8,13.3,8.4,7.8,3.3,3.4,5.3,7.2,9.3,10.3,14.2,13.4,10.6,9.6,5.5,5.1,1.1,1.0,1.8,3.9,5.7,6.9,10.1,9.6,6.3,5.9,2.7,2.4
North West,1973,9.6,10.6,9.8,5.8,1.1,0.1,0.0,0.0,0.0,3.5,8.8,10.3,12.1,14.0,9.1,11.8,15.2,7.6,12.7,12.3,12.4,11.8,13.8,16.7,77.4,76.5,53.1,84.4,94.2,38.3,117.3,126.4,99.9,89.2,102.9,126.5,34.0,65.4,128.8,150.5,160.8,195.1,156.0,168.5,119.1,79.8,65.6,42.0,6.1,6.4,9.3,9.5,14.2,17.9,18.1,19.0,16.3,11.7,8.3,7.0,3.9,3.8,5.4,5.8,10.2,13.5,14.2,14.8,12.8,8.3,5.4,4.2,1.7,1.1,1.5,2.1,6.4,9.1,10.4,10.8,9.3,5.0,2.5,1.4
North West,1974,5.5,6.1,8.3,4.7,1.2,0.1,0.0,0.0,0.5,2.0,3.8,1.9,20.4,16.3,10.1,2.3,11.2,10.4,16.6,13.0,21.8,16.6,19.8,21.6,196.9,131.7,66.1,9.9,55.4,72.2,137.9,90.7,194.8,106.6,164.9,158.3,42.5,52.0,106.6,177.8,182.4,195.0,134.5,150.7,105.4,68.2,44.2,29.4,7.8,7.2,8.2,12.1,14.0,16.6,16.7,17.5,13.9,9.6,8.2,9.2,5.1,4.6,4.8,7.3,9.8,12.3,13.4,13.6,10.7,6.9,5.6,6.9,2.5,2.0,1.4,2.5,5.7,8.0,10.2,9.8,7.6,4.2,3.0,4.6
North West,1975,4.4,10.3,12.1,6.4,2.1,0.2,0.0,0.0,0.2,1.2,7.2,6.8,23.8,7.6,11.4,16.0,6.3,5.9,14.1,10.9,16.5,8.6,15.6,9.4,208.0,38.4,63.2,97.3,39.8,31.5,110.3,79.1,146.6,61.9,105.5,85.1,30.8,88.1,104.0,124.2,234.5,259.6,165.3,203.7,135.7,106.9,70.1,32.7,8.3,7.0,7.0,10.6,13.2,18.4,19.6,21.4,15.4,12.7,8.6,7.4,5.8,3.9,3.8,7.1,8.5,13.2,15.6,16.7,11.7,9.1,5.4,5.0,3.3,0.7,0.7,3.7,3.9,8.0,11.6,12.2,8.0,5.6,2.2,2.6
North West,1976,8.2,9.4,13.4,4.1,0.1,0.0,0.0,0.0,0.1,0.1,6.1,18.2,16.9,10.9,10.9,6.6,18.2,6.2,7.7,3.0,15.0,21.5,15.5,14.4,135.8,71.2,77.1,45.3,108.4,32.6,47.7,13.6,187.4,169.0,105.5,87.5,34.6,55.1,99.8,134.4,132.7,215.6,226.0,243.0,76.6,64.2,61.7,44.4,7.1,6.3,6.9,10.6,14.1,19.3,21.3,21.7,15.3,12.1,8.3,3.7,5.0,3.8,3.8,7.0,10.3,14.7,16.4,16.0,11.9,9.3,5.4,1.4,2.8,1.4,0.6,3.3,6.6,10.1,11.6,10.5,8.5,6.5,2.5,-1.0
North West,1977,16.3,7.3,4.2,5.2,1.8,0.1,0.0,0.0,0.1,0.0,7.9,4.2,16.1,19.3,16.1,16.2,9.0,12.9,8.0,10.5,12.2,15.7,19.1,16.0,110.5,169.1,92.5,94.3,48.0,114.6,47.1,83.3,101.3,142.8,173.5,122.2,41.8,52.8,71.9,145.8,244.6,193.4,197.0,153.3,94.5,95.3,59.9,34.1,4.4,6.1,8.9,9.2,14.1,15.6,18.8,18.1,14.9,13.8,7.9,7.3,1.8,3.7,5.9,6.0,9.3,11.4,14.6,14.0,11.8,10.9,5.3,5.1,-0.8,1.3,2.9,2.9,4.7,7.3,10.5,10.0,8.7,8.0,2.7,3.0
North West,1978,12.5,16.6,5.2,7.2,0.1,0.1,0.0,0.0,0.0,0.1,5.0,14.9,20.0,12.6,18.1,9.6,7.5,13.1,12.8,15.1,14.2,10.0,14.7,18.2,141.2,88.0,129.5,44.0,33.2,82.1,95.0,116.2,128.6,50.0,150.0,160.9,42.1,49.8,99.7,117.5,205.7,145.2,147.0,111.1,98.3,71.3,54.0,32.1,4.9,4.2,8.5,9.1,15.6,16.1,16.9,16.8,15.7,13.9,10.4,5.4,2.6,1.7,5.5,5.6,10.8,12.2,13.2,13.6,12.7,11.0,7.7,2.9,0.2,-0.8,2.6,2.1,6.1,8.4,9.7,10.5,9.7,8.2,4.9,0.5
North West,1979,25.7,20.9,11.9,5.2,4.1,0.0,0.0,0.0,0.5,0.1,6.4,9.5,14.5,7.2,18.6,15.0,18.9,9.0,8.1,16.2,11.9,16.9,20.2,21.0,97.4,43.7,157.6,80.7,137.5,45.2,45.9,129.9,90.9,102.2,168.1,232.8,54.6,70.7,72.9,125.2,157.9,165.4,139.2,149.4,133.4,88.1,51.3,41.1,2.7,3.0,6.1,9.7,12.0,16.8,18.0,17.0,15.6,13.4,9.1,7.2,-0.4,0.6,3.5,6.4,8.2,12.8,14.2,13.4,12.0,10.2,6.1,4.7,-3.5,-1.8,0.8,3.1,4.5,8.8,10.5,9.8,8.4,7.1,3.0,2.3
North West,1980,18.5,5.8,11.4,3.6,1.2,0.0,0.0,0.0,0.0,1.7,8.0,9.1,14.5,16.8,18.1,2.0,6.8,19.3,11.1,17.3,17.7,18.7,16.2,20.1,114.9,134.0,120.8,8.5,35.8,147.4,72.7,134.4,105.0,203.9,164.2,167.7,47.1,30.7,82.9,167.6,237.0,126.5,132.4,116.0,107.4,79.5,53.2,39.6,4.2,7.3,6.4,12.0,15.5,16.0,17.2,17.8,16.5,10.9,8.2,7.8,1.7,4.7,3.5,7.8,10.3,12.3,13.5,14.3,13.4,7.9,5.8,5.0,-0.9,2.2,0.7,3.5,5.1,8.8,9.8,10.8,10.1,4.8,3.4,2.3
North West,1981,12.2,17.6,4.2,5.1,1.3,0.0,0.0,0.0,0.0,4.0,2.2,22.6,18.3,9.8,20.8,7.8,17.6,13.0,11.7,7.9,17.9,20.9,17.2,12.7,116.6,80.1,225.3,51.6,94.9,83.1,75.9,58.0,192.3,209.9,152.3,81.7,33.6,68.4,72.7,145.3,150.3,134.5,130.4,160.6,130.4,101.3,41.8,43.5,6.7,5.1,9.3,10.9,14.4,15.3,17.3,18.7,17.0,10.3,9.6,2.7,4.0,2.4,6.5,6.9,10.4,11.9,13.8,14.7,13.2,7.0,6.9,-0.2,1.2,-0.4,3.7,2.9,6.5,8.6,10.5,10.8,9.4,3.8,4.2,-3.2
North West,1982,14.0,9.6,5.6,3.4,2.8,0.0,0.0,0.0,0.0,0.8,4.3,13.0,14.4,11.9,17.1,6.4,8.9,16.2,6.2,19.9,12.6,17.2,23.1,18.7,125.3,82.9,145.3,28.8,57.9,120.7,44.5,142.2,110.9,134.3,203.1,172.2,55.2,56.0,129.1,170.6,203.4,142.7,161.7,138.0,120.2,63.2,41.1,29.8,5.1,7.1,8.5,11.8,15.0,17.8,19.3,17.6,16.7,12.3,9.3,6.4,2.2,4.3,5.1,7.5,10.2,13.8,15.0,14.1,12.8,9.2,6.9,3.6,-0.7,1.5,1.6,3.3,5.5,9.9,10.9,10.8,8.9,6.3,4.5,0.8
North West,1983,5.0,20.0,4.0,6.7,0.2,0.0,0.0,0.0,0.0,3.9,6.1,6.4,20.9,8.1,18.6,17.5,20.4,9.2,6.0,6.9,15.4,18.0,6.3,18.2,187.5,49.7,124.2,100.0,124.7,56.7,42.0,59.4,147.5,168.7,61.1,176.1,32.3,65.3,59.4,127.7,120.5,151.5,215.4,208.0,91.1,83.6,46.6,37.3,8.1,4.0,8.1,9.1,12.7,16.7,22.4,20.5,15.4,12.4,9.3,7.9,5.6,1.2,5.5,5.5,9.1,12.7,17.4,15.7,12.2,9.3,6.6,5.3,3.1,-1.5,3.0,1.9,5.7,8.9,12.4,10.9,9.1,6.4,3.9,2.6
North West,1984,14.1,12.8,7.9,6.6,2.6,0.0,0.0,0.0,0.0,0.3,1.7,6.9,23.7,11.3,9.0,4.4,7.0,9.4,6.3,8.8,18.1,19.6,18.6,18.3,188.8,80.6,55.2,17.8,37.7,64.3,30.7,80.0,168.6,160.8,196.8,114.8,44.8,53.0,54.7,205.3,202.2,164.8,249.9,192.0,98.1,83.6,41.7,41.8,5.3,5.6,6.5,12.2,14.0,17.0,20.4,20.9,15.2,13.0,9.2,7.3,2.7,2.9,3.9,7.4,9.1,12.9,15.3,16.1,12.3,10.0,6.9,4.7,0.2,0.3,1.3,2.5,4.2,8.9,10.2,11.4,9.3,7.0,4.7,2.2
North West,1985,25.1,13.7,12.7,3.0,0.3,0.1,0.0,0.0,0.0,0.2,13.6,7.5,12.2,5.5,14.1,14.4,10.6,13.7,15.0,23.5,12.8,8.3,14.5,19.5,72.7,31.3,85.4,108.8,74.7,99.2,112.1,191.5,103.7,75.8,120.0,177.1,40.8,79.0,110.1,107.0,155.7,171.2,149.9,126.0,105.2,85.4,68.2,34.6,3.3,4.9,7.1,10.4,13.7,15.2,18.1,16.1,16.7,13.1,6.2,7.7,0.5,2.0,3.8,7.2,9.8,11.2,14.6,13.2,13.4,10.0,3.2,5.3,-2.4,-0.9,0.4,4.0,6.0,7.3,11.2,10.4,10.1,6.9,0.3,2.9
North West,1986,14.7,24.8,8.4,7.7,0.0,0.0,0.0,0.0,1.1,0.5,2.3,6.0,21.4,2.1,17.2,15.1,18.2,8.5,12.4,15.2,2.4,16.9,19.8,22.8,164.4,9.0,129.6,98.0,114.4,58.4,82.8,130.9,18.9,151.8,185.3,246.5,39.1,95.3,108.5,119.7,178.4,180.0,121.0,117.8,160.2,100.7,64.8,37.4,5.1,1.3,7.4,8.0,13.4,17.9,17.3,15.5,14.5,12.9,9.9,8.1,2.7,-1.1,4.2,4.7,9.9,13.5,14.0,12.1,10.2,9.7,7.0,5.4,0.3,-3.6,1.0,1.4,6.6,9.2,10.7,8.8,5.9,6.5,4.0,2.7
North West,1987,20.9,15.2,14.8,1.2,1.0,0.0,0.0,0.0,0.2,1.4,3.2,9.5,7.4,9.7,16.8,10.6,12.2,19.4,12.2,13.6,15.2,19.3,13.5,12.0,46.2,83.8,143.8,67.5,57.0,134.4,114.0,105.9,117.9,207.0,101.2,121.5,55.2,60.6,96.5,140.2,195.2,102.3,158.9,133.0,145.1,89.7,45.8,34.9,3.1,6.0,6.3,13.0,13.2,14.6,18.1,17.5,15.7,11.7,8.2,7.3,0.6,2.8,3.4,9.0,9.0,11.3,14.6,14.1,12.2,8.5,6.0,4.8,-2.0,-0.4,0.6,4.9,4.9,8.1,11.0,10.9,8.8,5.4,3.7,2.4
North West,1988,4.3,6.7,6.3,3.6,0.3,0.0,0.0,0.0,0.2,2.7,10.2,1.4,23.2,13.5,21.1,9.7,11.1,5.9,22.4,16.7,12.8,15.2,8.7,13.2,201.6,93.6,156.7,59.1,70.8,37.0,180.7,142.7,118.4,123.1,72.0,111.4,45.4,79.0,79.3,129.0,202.9,189.6,122.2,153.2,117.3,93.0,80.6,29.3,6.9,6.7,8.0,11.0,15.2,18.1,16.3,17.3,14.9,12.5,8.4,9.1,4.5,4.1,5.2,7.4,10.6,13.6,13.4,13.8,11.9,9.4,5.0,6.9,2.2,1.6,2.4,3.8,6.2,9.2,10.6,10.3,8.8,6.4,1.5,4.7
North West,1989,2.6,5.3,5.5,6.6,0.4,0.1,0.0,0.0,0.0,0.0,6.7,12.5,11.9,17.0,17.7,14.1,6.4,9.3,6.1,13.8,7.9,19.6,10.6,13.2,80.1,148.0,156.1,96.3,36.6,82.5,36.7,112.7,36.6,153.5,96.3,136.6,51.5,78.4,97.8,137.2,246.2,212.0,245.1,189.0,108.4,72.7,65.0,27.7,8.4,8.0,9.5,9.1,16.2,17.8,21.1,18.6,16.5,13.5,8.7,6.0,6.0,5.3,6.1,5.6,11.5,13.0,16.4,14.8,12.9,10.6,6.0,3.3,3.5,2.6,2.7,2.1,7.0,8.3,11.7,11.1,9.2,7.8,3.2,0.7
North West,1990,2.8,2.7,3.6,5.4,0.1,0.0,0.0,0.0,0.0,0.3,5.1,10.7,23.7,21.3,10.1,12.3,7.2,17.2,8.4,11.9,12.1,18.0,12.9,16.0,218.5,205.4,43.4,58.1,43.9,98.6,57.3,73.2,88.9,171.2,93.7,166.7,46.0,50.8,101.9,174.1,224.2,120.8,248.5,157.6,121.7,78.6,50.0,37.4,8.3,9.0,10.4,11.4,16.4,16.0,20.0,20.0,15.1,13.4,8.3,6.4,5.8,6.4,7.3,7.1,11.5,12.4,15.3,16.2,11.6,10.7,5.9,3.8,3.3,3.8,4.3,2.8,6.7,9.0,10.7,12.4,8.0,8.0,3.4,1.2
North West,1991,16.6,19.5,4.3,3.3,0.7,0.6,0.0,0.0,0.1,0.5,4.1,9.0,13.9,10.0,14.3,10.8,4.4,19.2,12.5,9.6,10.2,13.4,17.9,9.0,108.5,94.6,111.4,94.4,19.9,105.9,76.3,65.7,70.4,132.7,164.1,108.6,58.1,63.1,67.7,142.7,136.3,142.4,162.5,165.5,167.2,77.2,47.9,39.5,4.9,4.4,9.8,10.7,13.9,14.6,20.0,19.6,17.8,12.0,8.6,7.2,2.3,1.4,6.8,7.2,10.0,10.9,16.1,15.4,13.2,9.2,5.9,4.5,-0.3,-1.7,3.7,3.7,6.3,7.3,12.3,11.3,8.7,6.5,3.2,1.9
North West,1992,15.2,5.4,2.3,1.6,0.2,0.0,0.0,0.0,0.0,5.6,3.5,13.5,6.6,14.1,22.2,16.8,9.9,7.2,12.5,18.7,16.9,14.4,23.3,12.7,64.1,96.4,147.7,97.0,72.7,48.1,83.2,168.6,114.5,123.1,184.4,126.2,52.0,59.3,71.4,110.3,239.5,204.4,155.2,159.3,103.2,66.4,42.5,39.0,6.0,7.9,9.1,11.0,17.1,19.3,18.4,17.1,15.2,9.7,9.4,5.7,3.2,5.1,6.3,7.7,12.3,14.4,14.7,13.7,12.0,6.7,6.5,3.1,0.4,2.4,3.5,4.4,7.6,9.6,11.0,10.3,8.8,3.7,3.5,0.4
North West,1993,5.6,5.4,6.6,1.7,1.4,0.0,0.0,0.0,0.2,6.9,13.5,9.5,21.8,4.3,8.8,15.1,14.4,10.2,17.1,12.3,13.5,10.2,9.9,24.6,170.7,21.1,37.2,119.6,139.1,69.8,108.3,85.9,96.5,55.1,77.2,266.0,33.2,46.0,96.3,125.2,145.9,171.4,128.4,152.9,94.1,98.2,59.9,28.5,7.8,6.9,8.8,12.1,14.3,17.8,16.9,16.9,14.8,10.4,6.7,6.8,5.0,4.7,5.7,8.5,10.1,13.6,13.6,12.9,11.2,7.0,3.8,4.2,2.2,2.4,2.6,5.0,6.0,9.5,10.4,9.0,7.6,3.5,0.9,1.6
North West,1994,8.3,14.2,2.6,4.2,0.9,0.0,0.0,0.0,0.0,0.8,0.6,5.5,20.0,13.1,21.9,16.9,8.1,10.8,9.7,13.1,16.3,15.6,15.4,22.3,165.8,90.7,176.5,118.4,41.6,67.2,67.6,99.0,124.5,122.3,133.7,230.0,46.5,56.4,91.1,157.7,157.2,149.2,195.7,142.0,106.7,101.5,44.8,38.5,6.8,4.8,8.8,10.5,13.5,16.3,20.3,17.7,14.5,12.6,11.3,8.4,4.2,2.2,6.1,6.9,9.5,12.6,15.7,14.1,11.3,9.3,9.0,5.7,1.6,-0.3,3.4,3.4,5.5,8.9,11.1,10.5,8.2,5.9,6.7,3.0
North West,1995,12.1,4.4,12.1,3.9,2.4,0.0,0.0,0.0,0.2,0.1,5.2,16.7,21.6,20.1,19.3,6.2,11.1,6.9,9.8,4.5,15.4,12.0,12.0,8.7,219.4,176.6,102.7,33.9,70.2,37.1,77.0,18.2,108.0,101.5,84.8,57.3,39.9,59.2,114.7,176.4,178.9,213.2,199.4,255.9,127.5,103.8,60.6,43.3,6.7,7.9,7.5,11.8,14.7,17.6,21.4,22.9,16.2,15.2,9.9,4.2,3.8,5.3,4.3,7.8,10.4,13.1,16.9,17.5,12.4,12.0,7.0,1.8,0.8,2.7,1.0,3.9,6.1,8.7,12.5,12.1,8.6,8.8,4.0,-0.7
North West,1996,8.9,20.0,9.6,4.8,4.3,0.0,0.0,0.0,0.0,0.0,12.6,16.4,9.9,14.3,7.6,13.4,10.5,9.8,9.6,12.8,5.9,18.1,20.6,9.4,59.2,112.6,47.0,80.8,76.3,48.5,60.7,93.3,60.2,160.5,159.2,62.5,20.3,77.4,69.7,104.5,179.2,217.7,190.6,168.1,136.2,84.9,65.2,51.2,5.7,4.9,6.4,11.2,12.2,17.3,18.8,19.3,16.5,13.6,8.0,5.0,4.0,1.9,3.8,7.5,8.1,12.7,14.6,15.2,12.5,10.7,5.0,2.5,2.3,-1.2,1.2,3.9,4.0,8.1,10.4,11.1,8.6,7.7,2.1,0.0
North West,1997,18.9,3.9,3.2,3.6,1.6,0.0,0.0,0.0,0.0,4.5,0.6,6.6,3.3,19.1,12.1,6.6,13.3,16.0,12.5,12.5,10.6,10.3,19.2,17.3,12.0,214.7,69.8,40.0,108.1,119.6,76.8,78.2,79.4,74.5,126.3,157.9,52.2,61.3,103.2,123.4,212.4,131.1,209.2,185.6,129.5,110.1,32.1,29.5,5.1,8.4,10.5,12.1,15.2,16.5,19.7,21.5,16.2,12.7,10.3,7.8,2.2,5.6,7.2,8.1,10.5,12.7,15.4,17.1,12.8,9.2,7.9,5.2,-0.7,2.8,3.8,4.2,5.9,9.0,11.1,12.7,9.4,5.7,5.5,2.7
North West,1998,9.9,3.9,3.7,5.1,0.1,0.0,0.0,0.0,0.0,1.2,5.2,8.2,16.4,10.5,13.4,18.8,8.0,19.8,16.6,12.3,12.1,21.5,18.3,18.4,159.3,61.2,156.2,117.2,42.3,161.0,103.6,103.6,106.4,234.7,129.5,116.7,40.6,58.4,73.1,128.8,195.4,127.7,133.2,164.2,119.0,85.9,58.8,35.5,7.0,9.6,10.1,10.2,16.3,16.2,17.1,18.1,16.8,12.4,8.4,8.0,4.4,7.0,7.0,6.7,11.9,12.8,14.0,14.5,13.5,9.4,5.6,5.0,1.9,4.4,4.0,3.4,7.6,9.5,10.9,10.9,10.1,6.4,2.9,2.0
North West,1999,6.6,7.1,3.6,4.5,0.0,0.0,0.0,0.0,0.0,0.5,3.8,9.2,21.7,14.5,14.3,15.8,13.1,12.8,7.4,15.0,16.6,14.2,13.3,24.4,205.0,88.3,103.8,97.1,89.6,97.4,41.5,101.5,155.7,121.0,109.4,237.9,46.2,64.7,94.3,147.5,143.9,185.9,211.4,131.7,147.1,104.8,58.9,37.7,7.4,7.1,9.1,12.1,15.5,16.5,20.5,18.6,18.1,13.1,9.8,6.8,4.7,4.6,6.2,8.4,11.7,12.6,16.1,14.8,14.2,9.9,7.0,4.0,2.0,2.0,3.4,4.7,8.1,8.7,11.7,11.1,10.3,6.7,4.3,1.4
North West,2000,9.0,5.2,5.1,6.0,0.1,0.0,0.0,0.0,0.0,0.5,0.8,9.1,13.7,21.0,9.7,16.5,11.7,13.7,12.0,16.0,17.3,25.2,26.0,18.3,132.5,152.0,76.0,109.0,81.3,96.9,85.7,107.3,160.9,259.5,252.6,176.6,49.9,79.9,102.5,134.9,230.4,157.6,168.8,167.6,106.0,78.7,34.4,39.3,7.0,8.1,9.6,10.7,15.8,17.4,18.2,19.0,16.9,12.4,8.5,7.1,4.3,5.3,6.4,6.8,11.1,13.4,14.2,15.0,13.5,9.2,6.1,4.7,1.7,2.6,3.2,3.0,6.4,9.5,10.2,11.0,10.0,6.1,3.7,2.4
North West,2001,15.6,15.7,12.0,3.7,1.0,0.1,0.0,0.0,0.0,0.0,3.8,17.6,12.3,14.4,12.9,17.2,8.6,9.6,10.4,16.0,16.0,19.8,15.6,12.9,77.6,117.0,69.0,127.6,56.6,55.2,76.7,115.3,121.1,165.4,114.8,78.8,68.2,76.8,115.8,127.2,217.2,157.1,173.2,157.2,95.2,96.5,44.1,66.4,5.3,6.6,7.4,10.1,16.4,16.7,19.4,18.9,15.4,15.1,10.2,6.5,2.6,3.3,4.0,6.5,11.5,12.7,15.4,15.0,12.2,12.3,7.2,3.2,-0.1,-0.1,0.6,3.0,6.8,8.8,11.3,11.1,9.1,9.5,4.2,-0.2
North West,2002,7.6,4.2,5.4,4.9,0.2,0.0,0.0,0.0,0.0,2.7,0.3,6.0,17.7,21.3,12.1,11.8,16.6,13.6,13.3,12.1,4.7,16.7,20.7,16.5,144.6,242.0,63.7,89.1,113.7,95.2,90.6,98.7,47.0,172.3,170.2,140.5,36.7,59.5,116.5,170.3,166.3,147.6,135.6,138.0,144.2,90.2,53.0,39.2,7.9,8.7,10.2,12.5,14.6,16.4,17.8,19.1,17.1,12.1,10.2,6.6,5.1,5.9,6.6,8.0,10.9,13.0,14.1,15.4,13.1,8.7,7.6,4.7,2.2,3.1,3.0,3.7,7.2,9.6,10.4,11.7,9.0,5.3,5.2,2.7
North West,2003,12.1,14.2,7.5,3.6,0.2,0.0,0.0,0.0,0.0,4.4,3.1,12.7,15.9,8.2,8.1,9.6,18.0,11.7,12.7,4.1,12.2,11.0,16.5,14.2,102.0,56.1,71.6,66.9,133.7,76.3,101.6,22.2,89.3,70.4,133.0,147.0,65.5,94.4,166.7,192.1,171.4,200.0,147.4,182.5,132.1,115.0,59.7,48.0,6.4,6.7,11.3,13.8,14.5,18.8,19.8,20.6,17.4,11.8,10.4,7.3,3.9,3.3,6.7,9.1,10.9,14.5,16.1,16.2,13.0,8.1,7.5,4.2,1.3,-0.1,2.0,4.4,7.3,10.3,12.4,11.8,8.6,4.4,4.6,1.1
North West,2004,8.8,13.2,7.4,0.5,0.3,0.0,0.0,0.0,0.0,0.0,5.1,7.8,20.9,10.2,11.7,12.9,7.8,13.8,14.8,18.8,15.4,19.2,14.9,15.6,172.7,102.4,74.3,71.4,52.9,86.2,82.1,197.7,143.5,191.2,90.0,132.3,33.5,100.6,111.0,111.6,212.0,163.5,148.8,150.9,132.2,82.4,37.1,48.8,7.2,7.4,9.1,12.0,15.6,17.7,17.8,19.9,16.8,12.4,9.6,8.1,4.6,4.4,5.6,8.6,11.0,13.8,14.2,16.2,13.4,9.4,7.2,5.3,2.1,1.3,2.1,5.3,6.5,10.0,10.7,12.5,10.1,6.4,4.7,2.4
North West,2005,4.5,10.7,7.6,2.3,1.4,0.0,0.0,0.0,0.1,0.0,11.9,11.0,14.5,10.3,10.7,16.1,13.5,11.2,9.2,11.3,13.8,17.4,16.0,13.5,137.5,75.0,63.3,115.3,73.9,67.3,62.8,83.0,104.7,182.5,151.2,89.9,38.7,71.6,84.2,140.0,210.7,167.4,161.4,189.1,128.5,60.0,78.7,45.1,8.1,6.3,9.7,11.7,14.3,18.3,19.2,19.1,17.4,14.5,9.1,7.2,5.6,3.8,6.6,7.9,10.1,14.1,15.3,14.8,13.7,11.8,5.7,4.3,3.0,1.2,3.5,4.1,6.1,10.0,11.5,10.6,10.0,9.1,2.2,1.5
North West,2006,12.2,10.3,13.2,3.3,0.2,0.0,0.0,0.0,0.0,0.1,3.1,5.1,8.6,10.1,19.0,13.8,17.1,6.8,6.8,16.7,12.7,20.4,19.4,18.4,69.5,76.4,159.5,80.2,133.4,41.1,46.2,123.9,99.8,167.4,160.3,237.9,52.4,72.4,84.1,167.1,168.7,196.4,267.6,126.4,148.6,87.2,69.3,35.1,6.2,6.2,7.0,11.2,15.1,19.2,23.3,18.3,19.0,14.8,10.6,8.1,3.7,3.6,3.9,7.5,10.9,14.6,17.9,14.8,15.2,11.7,7.5,5.8,1.1,1.0,0.8,3.9,6.8,10.0,12.6,11.3,11.4,8.6,4.4,3.4
North West,2007,4.9,8.2,4.2,1.3,0.2,0.0,0.0,0.0,0.2,0.7,4.9,11.8,19.4,15.8,11.5,3.5,15.4,16.3,20.5,10.9,11.3,9.0,16.2,16.1,182.9,98.3,81.5,32.5,102.8,172.0,175.5,78.4,102.5,61.8,98.0,170.8,48.3,72.3,133.3,210.8,177.0,143.3,154.6,169.8,125.8,105.4,50.0,47.5,8.9,8.0,9.8,15.0,14.9,18.1,17.4,18.1,16.1,13.8,10.1,7.3,6.2,5.0,6.3,10.1,10.8,14.1,14.0,14.3,12.7,10.2,7.2,4.4,3.5,2.1,2.7,5.3,6.8,10.2,10.7,10.5,9.2,6.7,4.3,1.5
North West,2008,4.8,11.0,6.8,5.0,0.2,0.0,0.0,0.0,0.0,2.3,4.6,16.5,22.6,10.2,18.9,17.0,7.2,11.7,16.7,19.8,14.1,19.6,15.2,13.1,235.2,80.1,125.4,84.5,34.9,109.5,130.9,153.0,146.9,245.1,101.9,100.2,31.4,106.9,109.1,134.9,194.2,169.4,153.3,91.7,98.0,101.3,54.5,54.9,8.4,9.2,8.4,10.7,17.2,16.8,19.0,18.0,15.8,12.0,8.8,6.0,5.8,5.0,5.2,7.0,12.5,12.7,15.2,15.0,12.4,8.9,6.3,3.1,3.1,0.9,2.0,3.5,8.0,8.7,11.5,12.2,8.9,5.8,3.9,0.1
North West,2009,13.4,12.3,5.2,1.4,0.0,0.0,0.0,0.0,0.0,0.2,1.1,17.2,15.8,7.9,12.2,10.7,17.1,10.2,21.6,17.0,7.4,13.4,25.7,19.0,138.4,27.3,69.3,57.5,99.6,63.9,180.3,125.9,59.1,106.9,306.1,124.3,52.3,43.3,128.1,163.0,192.9,189.5,148.0,143.6,107.1,81.1,45.3,45.7,5.7,6.2,9.5,13.4,14.8,18.6,18.5,18.6,16.3,13.9,10.0,5.2,2.8,3.7,6.1,8.9,10.8,13.8,15.0,15.1,12.9,10.5,7.4,2.5,-0.1,1.1,2.6,4.4,6.8,9.1,11.5,11.6,9.5,7.2,4.8,-0.3
North West,2010,17.8,20.4,12.3,4.5,2.4,0.0,0.0,0.0,0.0,2.6,10.4,23.7,13.8,11.5,11.7,6.8,8.7,6.1,17.1,13.9,15.4,14.9,17.3,8.1,76.4,56.9,83.1,34.5,38.1,40.2,165.1,83.1,153.6,110.8,139.2,45.0,55.3,60.8,117.0,181.3,199.5,215.3,101.4,156.6,126.1,112.6,74.3,47.8,3.5,4.8,8.9,12.6,14.3,19.1,18.5,17.7,16.6,12.9,7.3,2.5,0.9,1.7,5.0,7.9,9.7,14.2,15.2,14.0,13.0,9.4,4.3,-0.9,-1.7,-1.4,1.1,3.3,5.3,9.3,12.0,10.3,9.5,5.9,1.4,-4.4
North West,2011,16.1,3.2,10.4,0.5,0.2,0.1,0.0,0.0,0.0,0.3,1.5,5.2,13.8,17.8,7.1,5.9,18.2,13.4,10.7,17.1,15.3,18.7,12.8,25.9,125.8,154.8,42.9,40.6,114.1,84.2,93.2,114.9,136.5,129.5,86.2,210.1,52.8,49.1,141.9,211.4,169.0,185.2,192.0,125.2,119.8,76.9,64.4,23.6,5.6,8.2,9.8,15.4,14.8,16.9,18.5,17.6,17.1,14.5,11.6,7.9,2.8,5.7,5.6,10.6,11.1,12.6,14.0,14.0,13.7,11.5,8.7,5.5,0.0,3.1,1.5,5.9,7.5,8.3,9.7,10.5,10.4,8.5,5.8,3.0
North West,2012,9.7,11.7,1.9,5.1,1.4,0.0,0.0,0.0,0.2,1.5,5.5,10.8,16.9,9.4,5.9,18.2,9.7,18.2,18.9,17.9,18.0,16.6,17.6,21.2,125.5,69.0,31.8,128.5,77.5,205.7,141.6,142.2,177.7,140.7,160.6,223.9,55.0,55.6,148.5,120.3,208.1,113.5,125.4,137.0,116.5,92.3,57.8,43.4,7.4,6.7,11.9,10.0,15.1,15.8,17.5,19.0,15.3,11.7,8.7,6.7,4.8,4.0,7.9,6.4,10.5,12.4,14.1,15.3,11.9,8.4,5.9,4.0,2.1,1.3,3.9,2.8,6.1,9.0,10.9,11.6,8.5,5.2,3.0,1.2
North West,2013,15.7,16.0,20.9,9.0,1.0,0.0,0.0,0.0,0.0,0.0,7.4,2.2,14.6,8.4,10.7,10.5,13.7,9.9,8.5,10.9,12.0,20.9,15.0,19.9,109.9,64.2,66.3,54.6,98.6,61.5,94.3,100.5,78.5,185.2,96.2,188.5,29.1,78.3,95.0,159.5,167.9,187.7,267.0,144.1,99.9,61.8,67.7,37.0,5.4,5.6,5.0,10.2,13.4,17.2,22.0,19.3,16.2,14.1,8.6,8.8,3.3,2.8,1.9,6.3,9.4,12.8,17.0,15.5,12.7,11.5,5.6,6.1,1.0,-0.2,-1.2,2.4,5.5,8.5,12.0,11.8,9.2,9.0,2.6,3.3
North West,2014,3.1,2.3,4.5,0.7,0.1,0.0,0.0,0.0,0.0,0.2,1.3,10.1,24.9,21.3,13.3,10.0,15.9,8.4,10.9,19.7,3.3,20.4,15.2,19.4,205.2,188.0,90.3,56.8,115.3,45.7,69.1,139.8,16.4,171.9,103.1,167.1,33.1,64.1,123.4,137.7,133.5,188.0,236.8,164.2,130.4,74.2,57.7,46.3,7.4,7.6,10.4,13.2,15.0,18.5,20.9,17.5,18.2,14.3,10.4,7.5,5.0,5.3,6.7,9.4,11.3,14.1,16.1,13.8,13.8,11.1,7.7,4.8,2.6,2.9,3.0,5.6,7.7,9.7,11.4,10.3,9.5,8.0,4.9,2.0
North West,2015,10.9,10.9,8.1,3.2,0.6,0.0,0.0,0.0,0.0,0.2,2.3,1.0,21.1,10.9,13.9,9.2,16.6,7.6,17.2,15.1,8.7,10.0,23.6,26.4,167.6,77.7,109.6,49.3,141.7,49.8,109.6,99.8,52.9,67.9,260.9,342.9,49.4,67.4,106.8,210.2,154.2,193.2,158.3,156.1,160.5,82.7,31.7,23.8,6.5,6.3,8.7,12.7,13.0,17.2,18.0,18.5,16.0,13.6,11.4,11.1,3.9,3.4,5.3,7.8,9.5,12.8,14.2,14.6,11.7,10.0,8.6,8.4,1.3,0.6,1.8,3.0,6.2,8.4,10.5,10.7,7.5,6.2,5.8,5.6
North West,2016,6.8,11.5,7.6,6.3,0.4,0.0,0.0,0.0,0.0,0.1,9.2,5.3,23.1,14.7,11.4,16.5,9.5,14.6,15.2,13.2,15.1,7.1,14.7,12.6,203.6,142.9,84.3,100.5,54.1,126.4,107.9,123.6,111.7,40.8,123.5,80.3,31.1,76.4,110.3,161.0,223.7,143.6,144.6,164.2,125.7,97.2,68.1,37.8,7.5,7.0,8.6,10.5,16.1,18.3,18.6,19.0,18.0,13.3,7.9,8.9,5.0,4.0,5.2,6.5,11.6,14.4,15.1,15.4,14.6,9.9,4.8,6.2,2.4,1.0,1.7,2.7,7.1,10.6,11.7,11.8,11.2,6.5,1.7,3.4
North West,2017,12.5,4.6,2.8,2.9,0.4,0.0,0.0,0.0,0.0,0.7,5.9,11.5,13.8,14.7,17.6,7.2,9.6,15.1,17.7,15.5,19.8,15.5,18.0,19.4,74.3,112.0,150.3,26.0,60.9,136.3,120.7,115.1,170.0,145.2,147.4,143.8,50.4,39.8,115.9,151.1,221.5,145.1,172.9,145.1,97.8,63.1,64.6,36.9,6.7,7.9,10.8,11.8,16.9,18.0,18.9,18.0,15.7,14.0,9.2,6.9,4.1,5.5,7.4,8.0,12.2,14.4,15.0,14.5,12.5,11.3,6.2,4.3,1.5,3.0,3.9,4.3,7.6,10.9,11.1,11.0,9.3,8.6,3.3,1.6
North West,2018,7.4,15.0,12.5,1.9,0.5,0.0,0.0,0.0,0.1,3.3,2.6,3.9,20.6,13.9,15.7,15.0,8.2,6.0,8.1,14.3,15.1,10.9,14.1,17.7,152.4,77.9,88.7,94.7,46.8,32.8,57.4,98.6,136.9,113.6,118.9,158.1,43.9,94.0,82.9,121.5,255.5,257.6,246.8,134.8,117.8,98.9,55.9,28.9,6.7,5.2,6.8,11.9,17.2,20.2,22.2,18.7,15.7,13.0,10.1,8.4,4.3,2.4,3.8,8.4,12.0,15.0,16.9,15.1,12.3,9.5,7.4,6.1,1.8,-0.4,0.7,4.9,6.9,9.9,11.7,11.6,8.8,6.0,4.7,3.9
North West,2019,13.2,5.7,2.4,4.2,1.0,0.0,0.0,0.0,0.0,1.6,6.6,5.4,12.5,10.7,17.8,8.7,10.5,14.1,11.6,18.0,18.4,17.7,17.7,18.0,72.8,82.8,187.3,75.6,57.1,133.9,113.6,163.9,186.3,154.7,126.8,147.9,43.6,104.3,101.0,179.8,187.5,159.6,169.0,166.6,139.5,89.5,43.1,39.5,6.0,10.2,9.7,13.2,14.4,16.9,20.2,19.2,16.5,12.0,7.9,7.8,3.6,6.3,6.7,8.6,10.1,13.1,16.1,15.8,13.0,8.9,5.4,5.2,1.2,2.3,3.6,4.0,5.9,9.4,12.2,12.5,9.4,5.8,2.9,2.7
North West,2020,3.6,4.0,7.0,1.6,1.9,0.0,0.0,0.0,0.0,0.1,1.6,8.6,15.8,22.5,11.3,5.5,3.5,18.2,17.6,17.4,11.2,21.7,16.7,23.4,130.2,293.2,91.7,25.1,19.1,140.1,141.4,185.1,83.1,205.0,139.5,190.3,38.8,63.9,136.2,226.5,271.9,151.6,121.1,140.2,147.4,67.4,45.9,28.1,8.1,8.0,9.5,14.5,16.5,18.2,17.4,19.4,16.5,12.3,10.7,6.7,5.7,5.3,5.8,9.4,11.3,14.2,14.1,15.8,12.5,9.5,7.9,4.3,3.2,2.6,2.0,4.4,6.1,10.2,10.8,12.2,8.5,6.5,5.1,1.9
North West,2021,16.9,10.3,6.0,13.0,2.7,0.0,0.0,0.0,0.0,0.2,5.6,5.6,17.5,14.3,12.6,4.1,18.2,5.3,11.6,11.2,11.2,19.9,13.8,19.2,199.0,133.1,123.5,15.1,159.4,28.2,84.6,80.1,99.9,218.6,90.1,168.0,36.1,74.0,110.1,237.0,169.9,190.1,208.8,137.3,116.2,73.6,57.0,28.3,5.0,7.1,9.6,11.0,13.3,18.8,21.1,18.4,18.5,13.8,10.0,7.9,2.5,4.3,6.4,5.8,9.1,14.2,16.6,14.8,14.8,11.1,7.1,5.4,-0.1,1.4,3.1,0.7,5.0,9.7,12.3,11.3,11.1,8.4,4.2,3.0
North West,2022,9.2,2.5,6.1,5.8,0.0,0.0,0.0,0.0,0.0,0.0,1.0,13.7,11.5,20.6,8.3,8.5,15.4,11.2,9.6,8.2,14.6,21.2,20.2,15.8,65.0,196.1,42.2,49.7,71.6,72.4,63.8,58.0,118.5,175.4,169.3,151.7,61.9,60.9,164.3,172.4,143.0,189.6,175.3,215.5,115.0,98.3,51.7,50.4,7.5,8.7,11.3,12.7,15.4,18.0,20.5,21.3,17.3,14.6,10.9,6.0,4.7,5.9,7.0,8.1,11.8,13.6,16.3,16.6,13.4,11.6,8.3,3.0,1.9,3.1,2.6,3.6,8.3,9.4,12.2,11.9,9.5,8.6,5.8,0.0
North West,2023,8.4,6.2,7.8,3.3,0.0,0.0,0.0,0.0,0.0,0.7,4.7,6.4,18.7,7.3,21.2,12.4,6.4,9.7,20.2,16.2,15.6,18.4,19.6,24.0,172.2,33.7,168.9,72.8,33.4,71.2,199.2,115.4,167.3,170.5,164.1,238.9,58.8,65.6,71.6,157.7,241.2,257.6,129.1,140.3,125.5,75.2,57.2,25.7,7.4,8.7,8.9,12.0,16.6,21.3,18.2,18.5,19.1,13.8,9.3,8.5,4.8,5.9,5.9,7.9,11.9,16.0,14.9,15.2,15.3,10.9,6.6,6.1,2.2,3.0,2.9,4.0,7.2,10.8,11.7,11.9,11.6,7.9,3.9,3.8
North West,2024,10.0,4.1,3.4,3.0,0.0,0.0,0.0,0.0,0.1,0.7,7.6,1.7,14.6,18.3,20.1,17.7,12.2,11.4,14.8,14.1,16.3,14.7,10.9,16.9,170.6,151.7,133.0,135.2,115.1,62.9,98.5,125.4,142.4,125.7,99.4,188.6,54.4,44.8,89.0,112.9,145.7,168.0,144.1,150.4,113.0,93.2,45.5,20.0,6.6,9.2,9.8,11.9,17.2,16.7,18.6,18.7,15.9,13.7,9.5,8.8,4.1,6.6,6.8,8.3,13.2,12.8,14.6,15.2,12.6,10.5,6.5,6.4,1.6,3.9,3.8,4.8,9.4,9.1,10.8,11.8,9.3,7.4,3.6,4.1
North West,2025,12.9,6.4,7.7,1.3,0.5,0.0,0.0,0.0,0.1,0.1,6.1,3.4,14.2,10.2,5.6,6.2,7.7,16.2,12.1,9.5,17.5,15.4,20.4,16.8,116.4,65.9,28.0,35.4,66.8,132.2,84.8,62.4,202.1,129.8,225.9,178.7,59.0,65.4,161.3,229.7,281.7,175.7,173.2,177.9,120.0,48.6,62.0,42.4,5.7,7.3,11.4,15.1,17.4,19.0,20.3,20.4,16.4,13.0,10.2,8.4,3.0,4.7,7.1,9.8,12.0,15.1,16.3,16.3,12.7,10.4,7.5,6.1,0.2,2.1,2.7,4.7,6.6,11.3,12.5,12.2,9.0,7.8,4.7,3.7
North West,2026,11.0,4.2,2.7,1.9,0.6,0.0,,,,,,,19.2,19.8,14.0,10.2,12.6,14.3,,,,,,,116.3,126.8,113.1,55.3,70.3,97.1,,,,,,,48.0,31.3,120.5,217.3,206.8,176.2,,,,,,,6.1,7.6,10.9,14.0,16.5,19.8,,,,,,,3.5,5.6,7.2,9.1,12.0,15.8,,,,,,,0.9,3.5,3.5,4.2,7.6,11.8,,,,,,
South East,1836,,,,,,,,,,,,,,,,,,,,,,,,,67.7,59.0,103.3,90.7,21.5,39.9,65.1,64.4,94.8,126.1,100.0,59.5,,,,,,,,,,,,,,,,,,,,,,,,,,,,,,,,,,,,,,,,,,,,,,,,
South East,1837,,,,,,,,,,,,,,,,,,,,,,,,,80.2,81.1,19.8,34.4,24.9,34.3,44.2,87.5,42.7,67.6,51.9,53.7,,,,,,,,,,,,,,,,,,,,,,,,,,,,,,,,,,,,,,,,,,,,,,,,
South East,1838,,,,,,,,,,,,,,,,,,,,,,,,,12.9,58.0,37.7,22.7,28.6,91.8,44.0,37.9,85.9,68.5,122.9,69.1,,,,,,,,,,,,,,,,,,,,,,,,,,,,,,,,,,,,,,,,,,,,,,,,
South East,1839,,,,,,,,,,,,,,,,,,,,,,,,,48.6,53.5,51.4,37.5,26.6,65.0,104.9,53.9,137.5,72.7,117.7,108.1,,,,,,,,,,,,,,,,,,,,,,,,,,,,,,,,,,,,,,,,,,,,,,,,
South East,1840,,,,,,,,,,,,,,,,,,,,,,,,,87.0,51.7,7.6,4.9,53.1,34.0,60.0,49.9,82.8,38.9,121.6,12.7,,,,,,,,,,,,,,,,,,,,,,,,,,,,,,,,,,,,,,,,,,,,,,,,
South East,1841,,,,,,,,,,,,,,,,,,,,,,,,,81.1,44.5,50.3,47.8,64.3,55.5,63.3,78.5,130.3,159.6,114.1,73.2,,,,,,,,,,,,,,,,,,,,,,,,,,,,,,,,,,,,,,,,,,,,,,,,
South East,1842,,,,,,,,,,,,,,,,,,,,,,,,,43.2,52.9,61.8,8.8,42.9,33.6,43.3,62.5,91.1,41.6,143.9,40.8,,,,,,,,,,,,,,,,,,,,,,,,,,,,,,,,,,,,,,,,,,,,,,,,
South East,1843,,,,,,,,,,,,,,,,,,,,,,,,,54.9,58.8,24.0,56.5,122.0,51.8,52.1,97.8,18.6,119.6,73.6,17.8,,,,,,,,,,,,,,,,,,,,,,,,,,,,,,,,,,,,,,,,,,,,,,,,
South East,1844,,,,,,,,,,,,,,,,,,,,,,,,,71.8,79.7,75.9,11.2,9.3,30.0,48.7,66.4,35.6,118.9,99.3,14.7,,,,,,,,,,,,,,,,,,,,,,,,,,,,,,,,,,,,,,,,,,,,,,,,
South East,1845,,,,,,,,,,,,,,,,,,,,,,,,,73.0,32.5,29.7,33.8,61.1,45.4,55.7,69.2,69.3,49.3,82.3,75.1,,,,,,,,,,,,,,,,,,,,,,,,,,,,,,,,,,,,,,,,,,,,,,,,
South East,1846,,,,,,,,,,,,,,,,,,,,,,,,,108.1,37.7,47.3,67.9,43.2,31.8,55.5,96.2,51.1,146.4,48.5,35.1,,,,,,,,,,,,,,,,,,,,,,,,,,,,,,,,,,,,,,,,,,,,,,,,
South East,1847,,,,,,,,,,,,,,,,,,,,,,,,,46.2,41.5,27.3,31.2,45.4,47.0,24.2,37.2,44.8,78.3,55.3,91.2,,,,,,,,,,,,,,,,,,,,,,,,,,,,,,,,,,,,,,,,,,,,,,,,
South East,1848,,,,,,,,,,,,,,,,,,,,,,,,,47.3,95.4,83.1,96.7,14.8,104.0,70.7,112.5,79.3,132.8,48.2,91.0,,,,,,,,,,,,,,,,,,,,,,,,,,,,,,,,,,,,,,,,,,,,,,,,
South East,1849,,,,,,,,,,,,,,,,,,,,,,,,,54.1,54.6,22.7,83.8,76.7,22.4,63.0,25.3,88.4,95.9,39.7,77.3,,,,,,,,,,,,,,,,,,,,,,,,,,,,,,,,,,,,,,,,,,,,,,,,
South East,1850,,,,,,,,,,,,,,,,,,,,,,,,,33.1,43.8,8.2,84.9,68.9,42.5,85.1,57.2,54.0,46.1,75.2,56.9,,,,,,,,,,,,,,,,,,,,,,,,,,,,,,,,,,,,,,,,,,,,,,,,
South East,1851,,,,,,,,,,,,,,,,,,,,,,,,,97.5,27.9,99.6,47.7,24.6,38.8,83.7,48.9,8.4,83.9,23.3,27.1,,,,,,,,,,,,,,,,,,,,,,,,,,,,,,,,,,,,,,,,,,,,,,,,
South East,1852,,,,,,,,,,,,,,,,,,,,,,,,,126.0,32.4,10.9,15.8,58.1,138.0,57.8,121.6,119.0,136.7,182.6,93.6,,,,,,,,,,,,,,,,,,,,,,,,,,,,,,,,,,,,,,,,,,,,,,,,
South East,1853,,,,,,,,,,,,,,,,,,,,,,,,,93.8,28.7,36.7,76.8,51.8,64.5,106.7,81.4,60.7,138.1,37.6,14.6,,,,,,,,,,,,,,,,,,,,,,,,,,,,,,,,,,,,,,,,,,,,,,,,
South East,1854,,,,,,,,,,,,,,,,,,,,,,,,,59.1,24.9,9.4,9.6,89.2,49.1,46.5,46.8,25.9,89.0,50.3,42.3,,,,,,,,,,,,,,,,,,,,,,,,,,,,,,,,,,,,,,,,,,,,,,,,
South East,1855,,,,,,,,,,,,,,,,,,,,,,,,,13.4,36.8,56.9,10.0,57.0,42.9,111.0,36.8,47.0,149.7,40.5,43.4,,,,,,,,,,,,,,,,,,,,,,,,,,,,,,,,,,,,,,,,,,,,,,,,
South East,1856,,,,,,,,,,,,,,,,,,,,,,,,,69.6,34.6,29.0,92.4,93.0,38.7,37.5,73.1,90.0,66.2,30.8,74.5,,,,,,,,,,,,,,,,,,,,,,,,,,,,,,,,,,,,,,,,,,,,,,,,
South East,1857,,,,,,,,,,,,,,,,,,,,,,,,,77.8,12.9,42.5,50.5,31.4,52.7,45.0,70.8,96.6,133.2,50.9,19.3,,,,,,,,,,,,,,,,,,,,,,,,,,,,,,,,,,,,,,,,,,,,,,,,
South East,1858,,,,,,,,,,,,,,,,,,,,,,,,,24.7,32.1,26.8,67.6,54.0,18.4,66.9,52.3,41.6,51.4,32.1,69.7,,,,,,,,,,,,,,,,,,,,,,,,,,,,,,,,,,,,,,,,,,,,,,,,
South East,1859,,,,,,,,,,,,,,,,,,,,,,,,,42.1,50.5,44.2,66.7,47.1,56.0,64.1,59.6,100.5,100.5,95.5,91.9,,,,,,,,,,,,,,,,,,,,,,,,,,,,,,,,,,,,,,,,,,,,,,,,
South East,1860,,,,,,,,,,,,,,,,,,,,,,,,,91.7,31.8,58.9,46.0,84.0,146.6,61.5,115.5,91.9,55.4,75.2,82.5,,,,,,,,,,,,,,,,,,,,,,,,,,,,,,,,,,,,,,,,,,,,,,,,
South East,1861,,,,,,,,,,,,,,,,,,,,,,,,,16.8,52.5,67.4,18.5,39.2,69.6,83.7,23.5,72.3,37.9,132.4,43.3,,,,,,,,,,,,,,,,,,,,,,,,,,,,,,,,,,,,,,,,,,,,,,,,
South East,1862,,,,,,,,,,,,,,,,,,,,,,,,,60.5,16.2,112.0,55.7,89.3,58.9,47.3,55.4,50.5,130.4,26.8,57.6,,,,,,,,,,,,,,,,,,,,,,,,,,,,,,,,,,,,,,,,,,,,,,,,
South East,1863,,,,,,,,,,,,,,,,,,,,,,,,,89.6,23.3,22.5,21.1,46.0,102.9,20.6,65.2,94.5,86.0,51.8,51.7,,,,,,,,,,,,,,,,,,,,,,,,,,,,,,,,,,,,,,,,,,,,,,,,
South East,1864,,,,,,,,,,,,,,,,,,,,,,,,,33.2,33.2,79.3,36.3,44.0,34.2,12.8,30.9,72.0,43.7,94.2,33.3,,,,,,,,,,,,,,,,,,,,,,,,,,,,,,,,,,,,,,,,,,,,,,,,
South East,1865,,,,,,,,,,,,,,,,,,,,,,,,,101.7,63.1,33.3,15.4,73.8,48.1,71.9,103.7,4.7,200.9,90.2,58.2,,,,,,,,,,,,,,,,,,,,,,,,,,,,,,,,,,,,,,,,,,,,,,,,
South East,1866,,,,,,,,,,,,,,,,,,,,,,,,,118.9,113.5,55.4,53.3,37.1,71.9,52.2,69.8,151.6,41.6,51.6,60.6,,,,,,,,,,,,,,,,,,,,,,,,,,,,,,,,,,,,,,,,,,,,,,,,
South East,1867,,,,,,,,,,,,,,,,,,,,,,,,,89.3,51.4,78.8,56.3,53.5,41.3,109.1,54.9,54.3,74.9,25.7,44.5,,,,,,,,,,,,,,,,,,,,,,,,,,,,,,,,,,,,,,,,,,,,,,,,
South East,1868,,,,,,,,,,,,,,,,,,,,,,,,,105.5,36.7,42.9,57.9,30.5,13.5,35.4,98.5,82.8,70.3,44.2,163.1,,,,,,,,,,,,,,,,,,,,,,,,,,,,,,,,,,,,,,,,,,,,,,,,
South East,1869,,,,,,,,,,,,,,,,,,,,,,,,,91.6,72.0,47.9,33.3,104.8,34.9,17.1,33.4,112.3,55.8,57.6,95.1,,,,,,,,,,,,,,,,,,,,,,,,,,,,,,,,,,,,,,,,,,,,,,,,
South East,1870,,,,,,,,,,,,,,,,,,,,,,,,,47.5,52.4,47.7,10.3,33.0,11.1,35.9,50.8,50.4,109.8,51.8,76.9,,,,,,,,,,,,,,,,,,,,,,,,,,,,,,,,,,,,,,,,,,,,,,,,
South East,1871,,,,,,,,,,,,,,,,,,,,,,,,,68.5,38.9,37.3,93.8,18.3,73.2,96.1,34.8,123.8,42.9,17.2,49.3,,,,,,,,,,,,,,,,,,,,,,,,,,,,,,,,,,,,,,,,,,,,,,,,
South East,1872,,,,,,,,,,,,,,,,,,,,,,,,,143.7,50.9,63.1,40.5,78.5,72.8,77.7,51.1,45.0,128.1,127.2,132.8,,,,,,,,,,,,,,,,,,,,,,,,,,,,,,,,,,,,,,,,,,,,,,,,
South East,1873,,,,,,,,,,,,,,,,,,,,,,,,,98.5,51.0,60.4,22.1,37.2,54.6,54.5,64.0,64.9,82.4,66.3,16.5,,,,,,,,,,,,,,,,,,,,,,,,,,,,,,,,,,,,,,,,,,,,,,,,
South East,1874,,,,,,,,,,,,,,,,,,,,,,,,,52.3,49.7,17.5,52.6,23.0,50.3,32.0,56.8,89.1,109.7,68.7,65.8,,,,,,,,,,,,,,,,,,,,,,,,,,,,,,,,,,,,,,,,,,,,,,,,
South East,1875,,,,,,,,,,,,,,,,,,,,,,,,,105.7,46.4,24.1,35.9,44.4,73.6,126.9,41.0,57.4,139.5,116.9,34.6,,,,,,,,,,,,,,,,,,,,,,,,,,,,,,,,,,,,,,,,,,,,,,,,
South East,1876,,,,,,,,,,,,,,,,,,,,,,,,,33.8,73.2,84.6,60.9,22.1,44.5,17.8,79.4,111.5,43.0,91.1,180.3,,,,,,,,,,,,,,,,,,,,,,,,,,,,,,,,,,,,,,,,,,,,,,,,
South East,1877,,,,,,,,,,,,,,,,,,,,,,,,,155.7,47.0,64.8,76.4,63.7,28.9,84.8,83.1,43.6,64.4,162.1,57.1,,,,,,,,,,,,,,,,,,,,,,,,,,,,,,,,,,,,,,,,,,,,,,,,
South East,1878,,,,,,,,,,,,,,,,,,,,,,,,,39.8,48.9,36.9,77.0,104.6,57.6,37.0,124.8,38.5,84.7,91.7,47.6,,,,,,,,,,,,,,,,,,,,,,,,,,,,,,,,,,,,,,,,,,,,,,,,
South East,1879,,,,,,,,,,,,,,,,,,,,,,,,,84.7,103.1,20.5,78.4,82.1,116.7,98.0,137.0,83.9,25.6,20.7,24.6,,,,,,,,,,,,,,,,,,,,,,,,,,,,,,,,,,,,,,,,,,,,,,,,
South East,1880,,,,,,,,,,,,,,,,,,,,,,,,,12.9,83.7,26.8,50.7,10.8,69.7,105.4,30.1,110.9,161.1,79.7,94.0,,,,,,,,,,,,,,,,,,,,,,,,,,,,,,,,,,,,,,,,,,,,,,,,
South East,1881,,,,,,,,,,,,,,,,,,,,,,,,,45.2,76.9,58.4,16.2,32.4,57.6,47.1,129.2,59.8,61.4,99.0,85.9,,,,,,,,,,,,,,,,,,,,,,,,,,,,,,,,,,,,,,,,,,,,,,,,
South East,1882,,,,,,,,,,,,,,,,,,,,,,,,,38.4,43.3,33.2,91.1,42.6,78.2,78.8,48.3,75.0,170.3,92.1,75.0,,,,,,,,,,,,,,,,,,,,,,,,,,,,,,,,,,,,,,,,,,,,,,,,
South East,1883,,,,,,,,,,,,,,,,,,,,,,,,,69.4,110.1,27.1,34.5,55.0,50.9,72.6,25.2,95.7,65.0,100.3,26.4,,,,,,,,,,,,,,,,,,,,,,,,,,,,,,,,,,,,,,,,,,,,,,,,
South East,1884,,,,,,,,,,,,,,,,,,,,,,,,,77.4,51.8,52.8,41.3,19.9,56.5,59.4,31.8,68.3,33.1,35.9,87.2,,,,,,,,,,,,,8.7,8.3,10.4,11.2,16.9,19.0,21.0,23.3,19.2,13.6,8.7,7.4,6.1,5.4,6.4,6.9,11.6,14.0,16.3,17.4,14.9,9.2,5.4,4.7,3.5,2.6,2.5,2.5,6.3,9.0,11.6,11.5,10.5,4.8,2.1,2.1
South East,1885,,,,,,,,,,,,,,,,,,,,,,,,,62.5,90.7,44.8,43.3,79.3,40.0,8.9,26.5,119.5,103.3,90.1,34.6,,,,,,,,,,,,,5.0,9.1,8.8,12.8,13.8,19.5,22.4,19.7,17.1,11.3,8.8,6.3,2.5,6.1,4.6,8.0,9.3,14.4,16.6,14.6,12.7,7.6,6.0,3.3,0.0,3.2,0.4,3.2,4.8,9.2,10.8,9.4,8.3,3.9,3.2,0.4
South East,1886,,,,,,,,,,,,,,,,,,,,,,,,,104.6,17.1,48.2,50.7,100.2,21.0,67.7,37.4,47.8,99.4,92.6,133.8,,,,,,,,,,,,,5.1,3.6,7.5,12.4,15.7,18.9,21.4,21.3,18.9,15.1,9.8,5.9,2.0,0.9,3.8,7.9,10.9,13.8,16.2,16.1,14.4,11.4,6.4,2.4,-1.1,-1.8,0.2,3.4,6.1,8.6,11.0,11.1,9.9,7.8,3.1,-1.0
South East,1887,,,,,,,,,,,,,,,,,,,,,,,,,64.9,19.2,42.6,38.4,41.0,28.9,22.1,56.0,71.2,42.8,107.2,54.2,,,,,,,,,,,,,4.8,7.0,7.4,11.4,14.2,20.7,23.4,22.1,16.4,11.5,7.7,5.8,1.6,3.4,3.6,6.3,9.7,15.0,17.4,16.1,12.0,7.0,4.7,2.8,-1.6,-0.1,-0.1,1.2,5.3,9.2,11.4,10.0,7.6,2.6,1.7,-0.2
South East,1888,,,,,,,,,,,,,,,,,,,,,,,,,25.6,36.6,92.9,45.1,38.3,75.1,131.9,54.7,32.0,44.9,121.7,52.7,,,,,,,,,,,,,5.5,4.0,6.4,10.0,15.7,18.1,17.9,19.0,17.6,12.7,10.6,7.9,2.6,1.2,3.5,6.0,10.5,13.5,14.0,14.5,13.1,7.7,8.1,4.9,-0.3,-1.6,-0.1,2.0,5.3,8.9,10.1,10.1,8.5,2.8,5.6,2.0
South East,1889,,,,,,,,,,,,,,,,,,,,,,,,,25.4,57.7,55.9,63.6,62.8,30.9,67.8,64.8,33.3,128.5,31.1,46.2,,,,,,,,,,,,,5.4,5.9,8.7,11.3,17.3,20.8,20.2,19.8,17.8,12.9,9.7,5.9,2.4,2.5,4.5,7.3,12.8,15.7,15.6,15.0,13.1,9.0,6.7,2.7,-0.5,-1.0,0.4,3.3,8.3,10.4,11.0,10.2,8.3,5.1,3.6,-0.4
South East,1890,,,,,,,,,,,,,,,,,,,,,,,,,80.3,24.4,44.8,60.3,46.6,68.0,97.6,77.2,30.0,30.8,62.3,22.7,,,,,,,,,,,,,9.0,6.1,10.0,11.9,17.0,18.4,19.3,19.6,19.8,14.2,9.5,1.1,5.8,3.0,5.7,7.3,11.8,13.8,14.8,15.0,14.7,9.5,5.8,-1.6,2.6,0.0,1.6,2.8,6.6,9.1,10.3,10.3,9.6,4.8,2.0,-4.1
South East,1891,,,,,,,,,,,,,10.9,0.1,11.3,5.6,15.8,8.8,14.4,19.8,12.0,20.2,13.2,18.7,62.3,1.3,59.3,21.3,72.0,39.1,74.0,133.9,34.7,186.1,78.6,103.9,,,,,,,,,,,,,4.1,8.2,7.9,10.9,14.6,19.8,19.8,18.7,18.8,14.0,9.1,8.0,0.7,3.7,4.1,6.4,9.8,14.8,15.0,14.5,14.2,10.2,5.8,4.6,-2.6,-0.9,0.3,1.9,5.0,9.7,10.2,10.3,9.6,6.4,2.5,1.3
South East,1892,,,,,,,,,,,,,7.4,11.5,6.3,6.0,5.3,10.7,9.3,12.6,10.0,15.0,11.5,8.6,21.4,36.8,30.5,27.3,25.1,58.5,60.2,93.9,67.6,122.3,70.7,44.5,,,,,,,,,,,,,5.2,6.8,6.8,13.8,17.2,18.6,19.5,20.6,17.4,11.4,10.0,5.3,2.1,3.6,2.7,7.7,11.5,13.5,14.6,15.8,12.8,7.2,6.8,2.2,-1.1,0.3,-1.3,1.5,5.8,8.0,10.0,11.0,8.2,3.0,3.6,-0.8
South East,1893,,,,,,,,,,,,,12.1,18.7,3.6,0.5,5.7,6.3,12.9,7.5,10.1,15.2,12.0,11.2,52.0,96.7,11.6,1.4,22.9,26.0,87.7,30.6,51.0,104.2,61.9,73.0,,,,,,,,,,,,,4.0,8.1,12.9,17.1,19.0,21.5,21.6,23.1,18.6,14.5,8.4,7.7,1.3,4.9,7.3,10.5,13.1,15.6,16.7,17.6,13.4,10.3,4.8,4.1,-1.3,1.7,1.6,3.9,7.3,9.7,11.8,12.1,8.3,6.0,1.3,0.6
South East,1894,,,,,,,,,,,,,19.3,11.3,9.0,10.8,11.4,10.7,15.9,12.6,9.4,14.4,14.2,12.0,87.3,52.9,40.7,55.8,47.1,57.5,117.5,60.0,64.7,108.5,130.7,60.3,,,,,,,,,,,,,6.1,8.3,11.4,14.9,14.5,18.5,20.5,19.2,16.3,13.1,11.0,7.9,3.1,4.8,6.7,10.1,9.8,13.9,16.0,15.1,12.1,9.7,7.8,4.9,0.1,1.4,2.0,5.3,5.0,9.3,11.5,10.9,8.0,6.3,4.6,2.0
South East,1895,,,,,,,,,,,,,13.0,2.0,12.4,10.1,3.2,4.5,13.6,14.3,2.9,13.5,17.2,14.0,69.5,6.2,49.1,53.1,9.3,16.8,97.1,66.0,21.6,90.0,131.2,70.1,,,,,,,,,,,,,3.3,1.6,9.4,12.6,18.2,21.0,20.6,20.7,21.9,12.1,11.4,7.2,0.4,-2.1,5.2,8.3,12.3,14.9,15.9,15.9,16.0,7.7,8.1,4.1,-2.3,-5.8,1.0,3.9,6.3,8.8,11.2,11.2,10.1,3.2,4.8,1.2
South East,1896,,,,,,,,,,,,,6.5,3.1,16.6,6.2,2.8,10.2,6.4,12.5,20.7,16.5,6.0,17.3,23.2,9.8,82.1,17.4,7.8,66.4,29.4,62.8,167.0,96.7,32.2,108.7,,,,,,,,,,,,,7.0,7.6,11.1,13.6,17.6,21.6,22.7,19.9,17.2,11.6,7.4,6.7,4.3,4.1,7.3,8.9,11.8,16.2,17.0,14.9,13.4,7.6,4.0,3.7,1.6,0.5,3.5,4.2,5.9,10.8,11.3,9.9,9.6,3.6,0.6,0.8
South East,1897,,,,,,,,,,,,,12.0,11.4,17.2,13.6,7.8,8.3,4.9,16.4,10.1,4.8,8.3,13.9,60.4,77.2,109.6,51.0,33.0,62.0,25.1,88.1,67.5,20.5,31.3,98.3,,,,,,,,,,,,,4.1,8.6,10.5,11.6,15.7,20.5,22.4,21.2,17.0,14.6,10.5,8.0,1.6,5.8,6.8,7.5,10.3,15.5,17.0,16.4,12.5,10.5,7.1,4.8,-0.8,3.0,3.2,3.4,5.0,10.4,11.6,11.7,8.0,6.4,3.7,1.7
South East,1898,,,,,,,,,,,,,4.7,10.3,7.7,9.1,16.6,9.2,4.0,7.2,2.3,12.1,10.9,10.5,16.7,38.6,29.4,35.7,88.1,45.1,14.6,35.9,24.8,96.8,92.1,72.3,,,,,,,,,,,,,8.4,8.3,8.2,12.9,14.7,18.2,21.4,22.2,21.7,15.1,10.9,9.9,5.9,4.7,4.3,8.1,11.0,13.6,16.0,17.0,15.7,11.6,7.5,7.0,3.4,1.2,0.3,3.3,7.1,8.9,10.5,11.9,9.8,8.2,4.1,4.2
South East,1899,,,,,,,,,,,,,16.3,10.2,4.5,15.0,9.0,5.6,5.7,5.6,13.2,7.7,8.0,12.0,86.0,72.3,19.2,72.4,40.6,35.8,29.8,26.5,69.8,63.9,107.5,46.6,,,,,,,,,,,,,8.4,9.1,10.0,12.1,15.2,21.3,23.7,24.6,19.1,14.5,11.7,5.6,5.4,5.4,4.9,8.1,10.3,15.5,18.0,18.6,14.2,9.7,8.4,2.4,2.3,1.7,-0.3,4.1,5.4,9.6,12.4,12.6,9.2,4.9,5.1,-0.8
South East,1900,,,,,,,,,,,,,16.3,17.9,5.0,8.6,8.2,12.6,6.3,13.6,4.2,11.5,16.2,16.4,89.2,130.5,28.4,31.9,34.7,69.6,29.8,69.2,21.7,62.2,76.1,99.3,,,,,,,,,,,,,7.2,6.3,7.3,13.2,15.3,19.4,23.8,20.6,19.6,14.2,10.4,9.9,4.2,3.1,3.8,8.2,10.5,14.5,18.1,15.7,14.0,9.9,7.4,6.8,1.2,-0.1,0.3,3.2,5.7,9.6,12.5,11.0,8.4,5.7,4.4,3.9
South East,1901,,,,,,,,,,,,,9.4,6.8,12.7,12.0,5.3,7.4,8.4,8.1,7.5,11.8,4.3,15.2,31.9,40.8,56.6,59.2,26.9,39.0,64.2,50.7,46.5,61.0,16.8,119.2,,,,,,,,,,,,,6.4,4.7,7.3,13.4,17.0,19.6,23.2,21.7,18.6,14.2,8.3,6.8,3.3,1.6,4.1,8.4,11.2,14.1,17.6,16.3,14.1,9.8,4.6,3.4,0.2,-1.4,0.8,3.4,5.5,8.6,12.0,10.9,9.6,5.5,0.9,0.2
South East,1902,,,,,,,,,,,,,6.2,8.1,8.8,7.2,16.4,14.2,8.7,15.4,6.5,10.9,12.3,9.5,26.2,35.6,46.7,30.2,60.6,81.8,34.3,96.7,29.8,54.3,71.6,48.4,,,,,,,,,,,,,7.5,4.4,11.0,12.3,13.8,18.2,20.6,19.6,17.9,13.2,9.8,7.0,4.7,1.5,6.8,7.6,9.0,13.6,15.3,15.0,13.2,9.4,6.7,4.3,1.8,-1.4,2.6,3.0,4.2,9.0,10.0,10.4,8.5,5.6,3.7,1.8
South East,1903,,,,,,,,,,,,,14.4,7.7,16.3,9.0,12.2,9.9,11.8,14.8,10.5,24.1,9.3,9.1,70.1,40.7,83.2,61.7,79.9,114.1,98.2,101.6,66.3,187.1,55.0,61.7,,,,,,,,,,,,,7.0,9.7,11.1,11.0,16.2,17.6,20.5,19.3,18.0,14.4,9.8,5.9,4.3,6.5,7.3,6.5,11.3,12.8,15.6,14.7,13.5,11.0,6.5,3.3,1.7,3.4,3.5,2.0,6.5,8.0,10.8,10.2,9.1,7.7,3.1,0.9
South East,1904,,,,,,,,,,,,,17.4,17.3,10.2,8.4,12.7,6.5,8.4,9.9,9.6,9.4,5.9,11.9,106.0,90.1,37.4,33.3,74.0,28.1,47.9,57.0,45.8,50.3,40.0,76.5,,,,,,,,,,,,,6.6,6.7,8.2,13.4,15.6,18.7,22.8,21.0,17.5,13.8,8.9,7.7,3.5,3.7,4.4,8.9,11.2,13.6,17.4,15.7,12.6,10.0,5.2,4.7,0.5,0.8,0.6,4.5,6.7,8.5,12.0,10.4,7.8,6.1,1.6,1.8
South East,1905,,,,,,,,,,,,,4.8,4.6,16.8,12.8,4.8,13.0,4.7,14.3,11.1,7.8,15.5,6.8,25.1,19.2,106.8,52.4,20.9,110.7,17.8,78.1,52.3,46.2,104.9,22.2,,,,,,,,,,,,,6.5,8.2,10.6,11.5,16.8,19.2,23.0,19.9,16.8,11.4,8.5,7.0,3.1,5.2,6.8,7.7,11.0,14.8,17.8,15.3,12.8,7.0,4.9,4.4,-0.3,2.3,3.1,4.0,5.3,10.4,12.6,10.7,8.8,2.7,1.4,1.9
South East,1906,,,,,,,,,,,,,17.8,15.1,11.4,6.1,10.7,6.8,5.0,6.8,6.0,15.7,14.0,13.2,130.1,66.2,39.4,23.5,52.5,58.4,19.7,27.0,34.4,127.6,123.6,54.8,,,,,,,,,,,,,8.3,6.6,8.7,12.7,15.3,19.2,21.7,22.5,19.6,15.2,10.5,5.7,5.1,3.2,4.9,7.1,10.8,13.7,16.1,17.1,14.3,11.5,7.4,2.7,2.1,-0.1,1.2,1.6,6.3,8.2,10.5,11.7,9.0,7.8,4.3,-0.3
South East,1907,,,,,,,,,,,,,4.8,7.5,7.6,16.1,13.5,13.7,10.2,11.0,4.8,22.0,9.0,12.9,25.0,38.6,22.7,90.0,57.3,56.3,44.4,50.7,15.9,152.2,64.9,94.7,,,,,,,,,,,,,5.9,5.8,11.4,12.1,15.4,16.9,19.2,19.7,19.5,14.1,10.3,7.6,3.1,2.4,6.2,7.6,10.9,12.9,14.3,14.9,14.1,10.3,6.9,5.1,0.4,-0.9,0.9,3.2,6.5,8.9,9.5,10.2,8.8,6.6,3.5,2.6
South East,1908,,,,,,,,,,,,,5.4,8.8,14.7,9.9,10.2,4.6,9.5,12.4,11.5,8.6,7.4,15.8,42.4,32.4,76.2,69.7,46.9,30.5,66.0,93.9,48.4,47.1,29.1,75.9,,,,,,,,,,,,,5.3,8.3,7.9,10.6,17.0,20.2,21.2,20.2,17.4,16.1,11.0,6.8,2.1,4.8,4.2,6.2,12.3,14.7,16.2,15.1,12.8,11.8,7.4,4.0,-1.0,1.4,0.5,1.9,7.6,9.1,11.2,10.0,8.3,7.6,4.0,1.3
South East,1909,,,,,,,,,,,,,7.6,4.2,18.9,9.9,7.2,15.1,12.8,8.9,15.5,20.9,5.2,17.5,25.9,13.9,98.3,43.9,38.1,87.6,74.0,67.0,83.1,161.7,22.4,107.5,,,,,,,,,,,,,6.1,6.1,6.7,13.9,16.8,16.2,19.4,21.4,16.6,14.2,8.3,7.2,3.1,2.3,3.4,8.7,10.8,12.1,15.0,16.1,12.4,10.8,4.7,3.9,0.3,-1.4,0.1,3.5,5.0,7.9,10.6,10.8,8.2,7.5,1.2,0.7
South East,1910,,,,,,,,,,,,,13.6,19.4,5.8,13.3,13.9,12.9,12.2,13.0,2.2,13.2,12.9,16.6,72.3,99.0,31.6,55.9,55.4,82.5,62.3,67.1,11.4,95.3,105.0,119.9,64.4,79.2,164.8,132.7,213.1,185.7,133.9,158.3,149.7,71.8,80.2,36.8,6.6,8.2,10.1,11.7,16.3,19.6,18.4,19.6,17.5,14.6,7.5,8.9,3.7,5.0,5.8,7.5,11.4,14.9,14.4,15.4,13.0,11.2,3.6,6.3,0.8,1.8,1.5,3.4,6.6,10.2,10.3,11.2,8.4,7.9,-0.3,3.8
South East,1911,,,,,,,,,,,,,7.8,9.6,11.3,8.5,6.9,9.4,2.3,5.6,7.1,13.7,15.4,23.0,34.7,42.3,57.0,43.1,39.9,53.2,9.7,27.2,34.0,104.7,118.4,181.7,59.8,75.4,93.2,158.3,219.6,226.1,342.5,249.9,226.6,104.0,61.4,46.6,5.6,7.5,8.7,11.3,18.2,19.8,25.3,24.8,20.9,13.8,9.3,9.1,3.0,4.3,5.3,7.2,12.8,14.7,18.6,18.9,15.0,9.9,6.1,6.4,0.4,1.2,1.8,3.0,7.5,9.7,12.0,13.1,9.0,6.0,2.9,3.7
South East,1912,,,,,,,,,,,,,14.0,14.3,17.4,0.7,8.1,15.8,11.3,24.4,4.0,12.4,9.4,17.5,92.7,61.5,108.8,2.4,34.4,93.5,49.9,156.2,67.5,91.8,55.9,100.0,32.1,47.2,97.8,243.5,177.6,194.2,158.8,105.0,128.0,127.4,35.2,32.4,6.6,8.4,10.8,14.3,17.3,18.3,21.3,17.2,15.5,13.0,8.9,9.7,4.0,5.5,7.5,8.9,12.5,14.0,16.6,13.3,11.3,8.3,6.0,6.9,1.5,2.6,4.2,3.5,7.7,9.5,11.9,9.4,7.1,3.6,3.1,4.1
South East,1913,,,,,,,,,,,,,16.2,6.8,17.0,15.8,8.7,5.2,9.5,7.9,9.6,15.5,13.5,7.6,111.4,28.9,75.3,81.0,52.8,16.0,49.5,40.4,64.1,111.0,84.6,40.8,42.5,69.7,104.0,120.5,210.1,206.8,120.4,152.0,135.6,99.0,73.6,44.4,7.7,7.7,10.2,12.0,16.8,19.3,19.3,20.5,18.5,15.3,11.9,7.4,5.0,4.6,6.6,8.0,11.9,14.2,14.8,15.5,14.3,11.6,8.3,4.8,2.2,1.5,3.0,4.0,6.9,9.1,10.2,10.5,10.1,7.9,4.8,2.3
South East,1914,,,,,,,,,,,,,6.0,14.5,21.2,7.5,8.4,6.7,12.4,9.1,6.4,11.1,15.3,21.8,19.0,102.2,128.0,34.0,35.2,31.1,65.9,46.6,29.4,64.1,102.1,205.7,39.9,84.8,94.8,229.1,205.1,259.0,177.9,200.4,210.0,86.2,72.8,43.9,5.2,9.7,9.9,15.0,16.3,20.3,20.7,21.7,19.2,14.5,10.1,8.1,2.6,6.3,6.3,9.7,11.2,14.6,16.1,16.5,13.7,10.4,6.8,5.2,-0.1,3.0,2.6,4.4,6.0,9.0,11.4,11.4,8.3,6.4,3.4,2.3
South East,1915,,,,,,,,,,,,,15.2,17.1,6.2,7.4,8.3,5.5,13.3,11.3,5.9,9.3,7.7,21.9,104.4,127.0,24.3,33.7,92.4,25.5,105.9,55.1,63.9,85.1,74.4,180.9,44.0,84.8,97.3,168.6,224.2,218.6,192.9,169.5,180.2,66.9,83.5,34.0,6.3,7.6,8.7,12.4,17.0,19.7,19.6,20.5,18.6,13.3,7.1,8.9,3.8,4.3,5.0,7.6,11.5,14.3,15.0,15.8,13.5,9.4,3.4,6.0,1.3,1.0,1.3,2.9,6.1,8.8,10.4,11.1,8.4,5.5,-0.2,3.2
South East,1916,,,,,,,,,,,,,8.8,18.8,15.4,8.9,10.3,12.6,6.4,12.3,9.3,18.3,12.6,14.0,37.1,122.0,103.1,29.3,49.8,59.3,31.0,90.7,44.5,127.3,120.5,96.5,46.0,74.8,69.8,199.0,192.8,152.8,186.4,179.9,119.0,87.0,61.9,32.5,9.8,6.9,7.0,13.6,17.3,16.3,20.3,21.7,17.6,14.7,9.6,5.2,7.1,3.8,3.9,8.5,12.1,11.8,15.3,16.8,13.3,11.3,6.4,2.3,4.4,0.7,0.7,3.5,7.0,7.3,10.2,11.9,9.0,7.9,3.1,-0.6
South East,1917,,,,,,,,,,,,,8.2,6.9,14.6,12.2,8.0,8.3,12.1,19.2,8.3,16.3,8.2,7.0,36.6,26.0,57.0,52.1,51.4,68.8,102.2,144.6,43.3,110.0,31.0,42.9,37.1,62.4,85.4,161.4,206.0,223.2,203.7,154.7,154.4,135.6,52.7,63.9,3.1,4.2,6.8,10.1,18.7,21.1,20.8,19.1,18.8,12.6,10.8,4.7,1.2,1.1,3.2,5.4,13.1,15.8,15.9,15.5,14.3,8.1,7.7,1.8,-0.6,-2.1,-0.5,0.8,7.5,10.3,11.1,12.0,9.9,3.6,4.5,-1.1
South East,1918,,,,,,,,,,,,,11.5,10.4,5.9,12.8,8.5,6.1,15.9,8.3,20.1,12.5,11.3,17.8,88.3,32.8,26.7,71.6,44.6,26.6,123.1,41.4,147.4,49.0,64.4,66.5,63.0,68.9,145.6,103.9,239.5,233.7,211.6,186.6,158.5,80.8,73.5,32.8,6.6,8.7,10.5,10.8,18.5,19.1,20.7,21.1,16.9,13.1,9.5,9.9,3.5,5.8,5.9,6.8,13.0,13.3,15.8,16.1,12.9,9.4,6.0,7.2,0.5,3.0,1.3,2.8,7.5,7.4,10.9,11.2,9.0,5.7,2.5,4.5
South East,1919,,,,,,,,,,,,,19.4,10.2,15.2,11.2,3.8,4.4,11.2,9.2,7.3,5.8,14.3,19.6,118.8,67.2,114.8,66.7,11.7,24.5,53.0,74.3,41.4,25.0,58.6,129.4,43.1,57.8,95.7,136.1,247.8,230.1,132.9,238.8,164.3,147.3,49.6,34.5,5.7,4.9,7.6,11.7,18.6,19.7,18.6,22.2,18.5,12.2,6.3,8.5,2.9,2.0,4.3,7.1,13.0,14.2,14.0,16.7,13.5,7.3,3.3,5.5,0.2,-0.9,0.9,2.4,7.4,8.6,9.5,11.3,8.5,2.4,0.4,2.4
South East,1920,,,,,,,,,,,,,14.6,5.2,12.1,18.4,9.6,8.1,16.6,5.0,9.6,7.4,7.5,15.0,89.2,18.0,48.1,88.6,34.5,50.4,128.4,38.7,62.6,57.1,40.4,74.6,53.3,78.8,136.3,89.7,210.3,208.0,140.2,164.0,108.5,134.0,72.8,34.6,8.3,9.5,11.8,12.3,17.0,19.4,18.5,18.5,18.1,15.2,10.2,6.9,5.1,5.9,7.4,8.7,12.2,14.6,14.5,13.8,13.4,11.0,6.4,4.3,1.8,2.3,3.0,5.2,7.3,9.7,10.5,9.0,8.7,6.9,2.7,1.8
South East,1921,,,,,,,,,,,,,14.9,2.1,9.8,6.5,9.9,1.4,2.7,8.8,4.0,5.7,8.8,12.1,75.7,12.0,36.7,28.2,41.2,4.7,9.7,43.8,32.5,26.6,52.3,47.7,35.4,76.2,134.4,214.5,230.6,239.2,266.5,173.1,178.0,162.7,72.0,37.7,9.7,8.1,11.4,14.0,17.2,20.8,25.0,21.0,20.3,18.5,8.1,9.2,7.1,4.6,7.2,8.6,11.8,14.9,18.6,16.1,14.8,13.2,4.9,6.1,4.5,1.1,3.1,3.2,6.4,9.0,12.3,11.3,9.3,7.9,1.8,3.1
South East,1922,,,,,,,,,,,,,16.8,14.2,12.6,14.3,6.2,8.6,14.1,13.4,10.5,6.5,7.3,13.2,97.7,71.2,59.4,84.3,23.0,35.8,98.5,81.0,56.1,34.5,45.5,97.8,48.7,93.8,101.8,156.8,282.3,227.1,161.7,135.3,122.5,132.2,56.6,47.7,7.2,8.1,8.3,10.3,18.8,19.5,18.5,18.4,16.8,12.2,8.9,8.1,4.1,4.8,5.0,6.0,12.9,14.3,14.1,14.0,12.5,8.3,5.3,5.5,1.0,1.5,1.8,1.8,7.0,9.1,9.8,9.7,8.2,4.4,1.6,2.9
South East,1923,,,,,,,,,,,,,9.1,19.8,12.3,12.0,12.1,3.3,8.4,9.4,10.9,19.9,7.9,15.2,41.8,122.1,58.0,69.6,63.5,12.5,40.0,61.5,54.5,152.5,52.0,81.2,61.4,57.5,99.8,134.2,170.4,133.0,226.0,247.6,187.6,96.2,95.2,47.4,8.0,8.9,10.1,12.1,14.6,17.2,23.0,21.1,18.1,13.8,6.6,7.0,4.7,6.1,6.7,8.0,10.1,12.7,17.9,15.9,12.9,10.3,3.2,3.7,1.3,3.3,3.2,4.0,5.5,8.2,12.7,10.7,7.8,6.7,-0.3,0.5
South East,1924,,,,,,,,,,,,,12.9,5.1,7.6,12.1,17.3,10.2,12.6,17.7,16.3,15.9,9.6,14.8,77.0,14.5,35.8,82.2,101.5,64.4,100.9,74.9,99.6,112.4,77.5,121.1,61.0,59.0,172.7,140.5,200.7,197.4,242.8,159.6,121.9,81.1,52.7,52.6,7.3,5.5,9.1,11.8,16.5,18.7,20.4,18.7,17.2,14.0,10.0,8.8,4.7,2.7,4.6,7.3,11.9,14.2,15.4,14.4,13.7,10.6,7.1,6.2,2.2,-0.2,0.1,2.9,7.3,9.6,10.4,10.2,10.1,7.3,4.3,3.7
South East,1925,,,,,,,,,,,,,12.9,15.2,6.4,14.7,14.8,1.2,13.0,13.3,11.5,10.8,11.2,14.2,79.7,109.4,17.7,65.1,84.4,3.3,94.0,71.6,76.2,94.4,71.2,92.6,52.8,75.2,106.0,146.9,211.0,288.9,198.3,155.7,139.2,111.4,90.4,62.5,8.1,8.5,8.5,11.8,16.1,21.2,22.0,20.0,16.3,15.0,7.4,5.9,5.3,5.3,4.8,7.4,11.6,15.2,16.9,15.7,11.8,10.9,4.3,3.2,2.5,2.2,1.0,3.0,7.1,9.2,11.8,11.4,7.3,6.9,1.2,0.5
South East,1926,,,,,,,,,,,,,18.1,12.3,4.2,16.0,11.7,10.8,10.6,8.7,6.4,11.4,22.2,3.8,101.0,62.8,13.3,90.4,55.1,75.4,50.2,40.6,24.0,72.8,172.7,14.2,50.7,46.0,115.8,120.8,168.4,206.0,183.6,208.1,136.5,98.0,42.3,55.8,7.1,9.8,10.2,13.4,14.9,18.3,21.5,21.6,19.9,12.6,9.8,6.5,4.2,7.0,6.5,9.0,10.5,13.5,16.8,16.6,15.3,8.5,6.7,3.7,1.4,4.4,2.8,4.5,6.2,8.7,12.1,11.7,10.7,4.5,3.6,1.1
South East,1927,,,,,,,,,,,,,15.3,13.1,15.2,9.2,6.4,14.9,14.1,18.2,14.5,8.6,11.3,10.4,65.6,109.0,87.4,49.0,26.1,85.6,88.9,105.5,138.4,53.0,84.5,106.0,57.1,52.7,126.1,173.4,238.5,183.4,130.6,173.2,110.9,102.3,54.5,34.2,7.4,7.1,10.8,12.8,17.3,17.8,19.6,20.0,16.7,14.5,9.1,4.4,4.4,4.0,7.3,8.3,11.9,13.1,15.7,15.8,12.9,10.5,6.0,2.1,1.5,1.0,3.9,3.9,6.5,8.3,11.8,11.7,9.1,6.5,2.9,0.0
South East,1928,,,,,,,,,,,,,18.0,9.7,13.3,11.1,9.4,11.3,5.9,10.8,4.1,19.1,14.8,14.2,117.6,48.3,60.6,51.1,45.7,65.0,46.8,58.7,28.5,151.3,83.8,79.9,63.2,104.1,102.1,138.3,175.7,222.3,286.2,201.6,216.5,112.2,63.3,46.5,8.3,9.6,9.9,12.5,16.0,18.2,23.0,20.4,18.9,14.6,11.2,6.6,5.0,5.9,6.4,8.2,11.0,13.4,17.2,15.8,13.2,10.6,8.0,3.4,1.7,2.3,2.8,3.9,6.0,8.5,11.3,11.1,7.5,6.7,4.9,0.3
South East,1929,,,,,,,,,,,,,7.2,4.8,0.8,6.2,8.2,8.7,7.8,7.7,2.6,12.6,18.0,21.8,33.6,21.7,2.8,24.7,49.0,37.4,40.4,49.8,13.4,102.1,190.4,179.5,42.2,68.1,184.4,160.4,250.3,212.4,256.4,193.3,200.9,111.0,76.1,63.4,3.6,3.1,11.9,11.4,16.6,18.5,22.1,20.8,22.6,14.0,10.6,9.0,1.2,0.0,6.1,6.5,11.2,13.4,16.4,15.9,16.7,9.9,7.0,6.0,-1.2,-3.2,0.2,1.6,5.9,8.3,10.7,11.0,10.8,5.7,3.3,3.1
South East,1930,,,,,,,,,,,,,17.4,6.2,9.6,12.1,14.4,4.0,11.1,12.7,14.1,12.0,15.8,15.4,100.7,27.7,39.2,53.9,61.4,22.8,63.9,87.5,87.9,48.9,131.4,80.0,48.8,69.8,123.3,127.1,157.7,239.0,195.9,223.3,131.3,123.3,68.8,36.0,9.0,5.6,9.6,12.3,15.4,20.7,20.1,21.0,18.1,14.7,10.4,7.3,6.1,3.0,5.5,8.3,11.0,15.5,15.6,16.3,14.0,10.9,6.8,4.4,3.2,0.3,1.5,4.4,6.5,10.3,11.2,11.6,10.0,7.0,3.2,1.5
South East,1931,14.5,12.9,14.8,1.1,0.1,0.0,0.0,0.0,0.1,7.1,1.1,8.4,12.7,14.3,2.9,15.3,11.8,10.1,13.6,14.9,8.3,3.3,13.0,5.7,54.2,55.7,12.9,85.5,72.7,49.6,90.9,105.9,51.4,16.5,101.9,22.0,64.2,73.0,139.1,115.1,169.6,193.2,165.3,149.3,122.8,110.9,61.9,37.4,6.2,7.0,8.5,11.6,15.6,19.2,19.5,19.1,15.8,13.5,10.9,7.8,3.3,3.8,4.4,7.8,11.3,14.7,15.3,15.0,11.6,9.2,7.8,5.1,0.5,0.7,0.3,3.9,7.0,10.2,11.2,10.9,7.5,4.9,4.7,2.4
South East,1932,8.6,17.0,17.3,1.6,2.0,0.0,0.0,0.0,0.0,1.9,3.6,8.1,10.6,2.2,8.0,17.2,16.1,4.1,11.9,5.0,13.5,18.9,8.6,6.0,70.8,7.1,43.5,70.7,109.8,35.6,83.4,28.0,74.4,155.2,40.4,23.8,50.9,71.6,142.2,127.1,121.3,217.9,147.9,201.4,107.4,105.1,44.5,52.9,8.9,5.7,8.9,10.9,14.5,19.4,20.5,23.1,17.9,13.1,9.4,7.8,6.0,2.6,4.5,7.1,10.4,14.0,16.0,18.0,13.7,9.2,6.6,5.3,3.1,-0.4,0.1,3.3,6.3,8.7,11.6,12.9,9.6,5.3,3.8,2.8
South East,1933,20.0,14.6,6.4,5.5,0.0,0.0,0.0,0.0,0.0,1.9,6.0,22.1,11.8,9.4,11.7,6.2,10.6,10.4,9.7,5.7,10.8,11.7,6.4,4.7,57.7,84.3,78.0,28.5,51.9,48.3,50.8,22.2,83.8,52.5,26.9,16.8,61.2,81.6,187.6,174.5,176.9,245.0,250.2,255.3,187.2,108.2,60.3,45.9,5.2,7.3,12.1,13.9,17.3,21.0,23.1,23.9,20.5,14.2,8.4,3.3,2.3,4.1,7.4,8.8,12.2,15.4,17.9,18.0,15.4,10.3,5.5,0.8,-0.5,0.9,2.7,3.7,7.1,9.8,12.6,12.2,10.4,6.5,2.6,-1.6
South East,1934,13.9,18.6,11.2,2.5,0.6,0.0,0.0,0.0,0.0,1.7,5.1,1.2,12.7,1.1,13.2,12.5,5.2,7.5,6.8,11.5,8.4,10.3,8.1,24.0,64.0,4.0,71.8,58.5,19.8,34.3,40.7,63.6,50.4,48.6,70.5,196.8,56.1,93.7,121.5,132.7,226.2,213.0,286.8,193.5,178.6,75.8,37.3,28.3,7.0,6.9,9.1,12.6,17.2,20.8,24.2,20.7,20.0,14.3,8.9,10.4,3.7,3.0,5.1,8.3,11.7,15.3,18.1,15.5,14.9,10.7,6.1,8.1,0.4,-0.9,1.1,3.9,6.2,9.8,12.0,10.4,9.8,7.0,3.3,5.9
South East,1935,9.6,7.3,8.6,4.0,2.5,0.0,0.0,0.0,0.0,2.8,3.1,12.6,7.6,14.0,4.7,17.3,7.3,16.1,4.4,7.6,17.4,13.3,18.8,14.5,25.2,89.9,15.7,93.0,35.3,88.9,22.7,78.8,112.7,111.0,164.2,99.7,56.6,60.1,121.7,136.6,186.8,206.1,279.8,202.2,152.3,101.9,55.8,44.5,6.9,8.7,10.3,12.1,15.4,19.4,23.5,22.6,18.4,13.7,10.2,6.0,4.4,5.6,6.2,8.1,10.3,15.0,17.8,16.8,14.2,9.9,7.0,3.5,1.9,2.6,2.1,4.1,5.3,10.6,12.2,11.0,10.0,6.0,3.9,1.0
South East,1936,9.8,17.0,5.3,8.1,0.5,0.0,0.0,0.0,0.0,3.0,7.7,9.4,19.8,12.7,11.7,8.3,4.1,15.1,19.4,4.6,12.6,9.1,14.3,14.0,123.0,60.3,49.4,49.4,14.6,79.8,108.4,18.8,74.3,47.5,103.2,75.9,33.1,87.1,86.9,137.6,203.5,192.3,149.5,190.0,101.1,107.5,46.4,65.0,7.2,6.1,10.4,10.5,17.1,19.9,19.2,21.4,18.5,13.4,9.0,8.2,4.6,2.8,6.9,6.4,11.8,15.0,15.3,16.3,14.6,9.1,5.7,5.0,2.0,-0.4,3.5,2.4,6.6,10.1,11.4,11.2,10.7,4.8,2.6,1.9
South East,1937,5.8,3.8,16.0,0.9,0.0,0.0,0.0,0.0,0.0,0.2,12.2,16.3,19.5,18.9,14.8,13.1,11.4,7.9,6.8,5.1,11.1,10.4,7.1,13.9,144.0,129.1,101.4,68.1,71.0,41.6,35.2,35.4,58.8,89.2,44.1,103.3,49.7,61.3,115.6,118.2,181.2,206.5,143.6,208.5,157.4,91.8,70.9,34.4,8.1,9.0,7.5,13.2,17.0,19.8,20.6,22.9,18.6,14.8,8.7,5.8,5.3,6.0,4.0,9.3,12.3,14.5,16.2,17.4,13.7,10.9,5.2,3.1,2.5,3.1,0.4,5.3,7.6,9.3,11.8,11.8,8.7,7.0,1.7,0.6
South East,1938,3.5,9.9,6.5,10.5,2.1,0.0,0.0,0.0,0.0,1.1,2.0,11.8,18.1,6.3,2.7,1.5,10.7,5.2,10.2,9.6,11.4,15.7,13.6,16.7,87.3,20.0,10.0,5.8,52.5,20.2,54.5,57.6,55.5,92.5,102.8,94.3,45.8,77.6,178.5,176.8,162.8,213.4,158.3,167.1,135.3,121.5,54.7,52.3,8.5,7.6,13.9,12.8,15.1,19.7,19.9,21.5,18.8,14.3,12.4,6.7,5.7,4.5,8.8,7.3,10.3,14.7,15.3,16.5,14.1,10.3,9.3,3.9,2.9,1.5,3.6,1.9,5.5,9.8,10.7,11.6,9.5,6.4,6.2,1.2
South East,1939,10.0,7.8,5.9,4.0,0.0,0.0,0.0,0.0,0.0,2.8,1.9,13.8,18.4,8.1,9.8,11.3,6.3,9.1,16.5,9.7,4.9,17.5,19.9,8.6,137.9,37.9,38.6,67.6,37.6,43.6,92.8,59.5,28.2,157.9,149.8,44.8,47.8,105.6,97.5,180.3,213.1,221.1,168.0,181.9,169.5,94.2,40.8,45.6,7.4,9.0,9.3,13.4,16.3,19.5,19.5,21.4,19.2,12.5,11.8,5.4,4.8,5.4,5.8,8.7,11.1,14.4,15.3,16.5,14.7,8.7,8.8,2.7,2.2,2.0,2.4,4.0,6.0,9.3,11.1,11.7,10.2,4.9,5.8,0.0
South East,1940,27.1,13.9,10.3,4.5,0.0,0.0,0.0,0.0,0.0,1.9,5.1,14.4,8.1,12.5,11.0,9.8,6.3,3.5,14.1,0.8,7.8,14.4,16.8,10.1,68.3,68.4,76.7,40.5,29.3,16.0,77.4,2.5,40.5,97.6,199.2,49.2,75.3,27.6,126.8,126.7,239.7,278.7,198.4,209.4,173.4,99.0,77.2,47.9,2.2,5.6,10.0,13.2,18.3,22.3,20.0,21.6,18.9,13.7,10.6,6.4,-1.1,2.8,5.9,8.7,12.6,16.4,15.2,16.0,13.4,9.8,7.0,3.5,-4.3,0.0,1.9,4.4,6.9,10.5,10.4,10.4,7.8,5.9,3.5,0.5
South East,1941,18.5,14.1,10.8,4.7,6.8,0.0,0.0,0.0,0.0,2.3,5.7,10.4,13.3,13.3,11.5,7.5,9.6,6.4,11.0,19.7,2.3,8.3,13.9,7.8,78.8,73.5,80.3,41.9,49.6,46.5,74.8,112.8,12.8,34.9,81.1,50.7,38.3,66.3,118.1,112.8,161.8,225.6,242.0,178.0,127.1,116.8,44.0,44.0,3.1,6.8,9.5,10.9,13.8,20.5,23.1,19.2,19.1,14.5,9.8,8.2,0.9,3.7,5.4,6.7,9.0,15.1,17.6,14.9,14.5,10.4,6.6,5.1,-1.3,0.6,1.4,2.5,4.2,9.7,12.0,10.6,9.9,6.3,3.4,2.0
South East,1942,22.3,25.9,12.3,0.0,1.3,0.0,0.0,0.0,0.0,0.5,9.7,4.6,11.8,3.4,11.3,6.7,13.2,2.3,8.9,14.7,10.8,12.6,6.5,17.5,80.6,18.4,64.0,39.6,89.3,9.1,51.5,80.6,53.7,98.7,48.5,93.5,44.4,42.6,88.2,218.8,210.2,261.5,173.3,159.0,134.1,87.5,69.7,48.3,3.7,2.8,9.0,13.8,16.1,20.7,20.4,21.3,18.7,15.0,8.5,9.1,0.6,-0.1,5.2,9.2,11.1,14.6,15.7,16.5,14.2,11.1,5.0,6.4,-2.4,-2.9,1.3,4.6,6.1,8.5,11.1,11.9,9.7,7.2,1.6,3.9
South East,1943,8.1,8.4,10.5,0.5,0.2,0.0,0.0,0.0,0.5,0.2,9.6,11.4,18.4,7.1,2.7,6.9,9.0,9.6,9.2,10.1,9.5,11.0,12.7,6.9,143.9,38.0,14.5,27.7,69.6,38.1,53.4,45.3,46.1,85.7,46.1,53.0,50.7,87.5,139.3,170.5,249.2,217.0,203.2,204.9,156.4,103.7,70.2,46.3,8.1,9.1,11.5,15.9,17.8,19.5,21.8,21.2,18.5,15.4,9.5,6.5,5.2,5.4,6.7,10.8,12.4,14.5,16.5,16.4,13.4,11.2,6.0,3.7,2.4,1.8,1.9,5.8,7.1,9.4,11.3,11.6,8.4,7.1,2.5,1.0
South East,1944,6.7,14.3,15.8,0.8,3.3,0.0,0.0,0.0,0.0,0.6,6.0,14.4,10.4,5.5,1.3,7.2,4.7,10.2,11.4,8.5,10.5,15.5,18.0,9.3,51.0,23.1,5.4,39.1,16.4,46.3,63.2,60.9,63.4,116.0,131.9,59.1,43.8,69.9,132.0,160.1,246.5,189.0,125.9,219.3,152.2,99.4,55.3,58.7,8.9,6.0,9.5,14.9,17.6,18.6,20.7,22.9,17.4,13.0,9.8,6.5,5.9,3.1,4.8,9.9,11.4,13.8,16.4,17.7,12.8,9.4,6.4,3.5,2.8,0.2,0.0,4.9,5.1,9.0,12.2,12.5,8.2,5.9,3.0,0.6
South East,1945,24.4,3.2,6.9,2.8,1.8,0.0,0.0,0.0,0.0,0.0,2.5,10.7,10.9,10.1,5.9,6.7,10.7,12.6,7.6,9.9,12.3,8.5,3.0,14.4,49.0,52.9,28.6,28.4,56.4,58.9,73.8,50.2,52.0,84.9,11.5,102.9,51.5,65.7,146.2,203.8,198.7,208.4,208.3,167.1,79.6,119.7,49.7,46.2,3.2,10.3,12.3,15.5,17.8,19.2,21.7,20.9,18.2,16.2,10.2,8.1,0.2,6.9,7.6,10.2,12.6,14.6,16.7,16.1,14.5,11.9,7.2,5.1,-2.7,3.6,2.9,5.0,7.4,9.9,11.7,11.3,10.9,7.6,4.2,2.1
South East,1946,16.7,5.3,13.2,2.9,0.4,0.0,0.0,0.0,0.0,1.9,0.5,17.5,10.1,12.7,6.3,9.4,10.9,16.4,7.5,16.6,14.9,6.4,17.6,14.7,63.4,71.6,33.8,57.2,88.1,75.4,47.0,126.6,100.2,33.2,136.5,78.0,64.8,68.2,95.9,208.3,192.0,173.9,234.7,165.9,118.7,86.2,49.6,70.2,5.8,9.0,8.9,15.3,15.4,17.5,21.5,19.4,17.9,13.6,10.9,6.1,2.8,6.0,5.0,9.7,10.7,13.1,16.3,14.9,14.1,10.2,8.0,2.7,-0.2,3.2,1.1,4.1,5.9,8.8,11.2,10.5,10.3,6.8,5.2,-0.6
South East,1947,19.9,26.0,13.5,2.0,0.0,0.0,0.0,0.0,0.0,1.7,8.3,7.4,14.1,7.2,20.4,9.8,10.3,10.6,9.7,2.1,6.2,2.8,8.8,11.1,63.8,43.6,152.8,54.3,39.4,54.8,50.4,11.7,34.7,16.0,38.9,72.9,65.8,26.4,75.4,173.2,188.3,223.1,203.9,281.4,168.0,126.3,71.0,39.8,4.8,0.5,7.6,13.2,18.4,20.8,22.3,25.3,20.6,15.6,10.6,7.9,1.8,-1.7,4.3,8.6,13.1,15.7,17.4,19.1,15.4,10.5,7.3,5.0,-1.2,-3.8,1.0,4.1,7.9,10.6,12.5,12.9,10.3,5.6,4.1,2.2
South East,1948,7.4,11.2,5.9,1.7,0.9,0.0,0.0,0.0,0.5,2.5,4.9,7.5,21.2,8.7,3.9,9.4,10.4,13.1,6.4,11.7,7.2,8.9,7.7,14.4,132.1,36.9,23.9,42.3,75.8,64.9,32.8,98.4,57.3,57.8,46.9,105.0,42.3,82.3,168.2,222.4,252.7,178.5,193.4,155.1,159.9,111.9,78.8,63.5,8.8,7.6,13.2,14.5,17.4,18.6,20.6,19.8,18.7,14.3,10.8,8.7,5.7,4.5,8.1,9.2,11.8,14.1,15.8,15.3,14.2,10.1,7.5,5.9,2.7,1.4,3.0,4.1,6.1,9.6,11.1,10.9,9.7,6.0,4.1,3.0
South East,1949,8.5,9.7,12.3,1.8,1.7,0.0,0.0,0.0,0.0,3.0,5.6,6.6,7.3,6.2,5.3,7.8,8.9,3.2,4.0,6.0,7.1,14.7,14.0,10.0,30.4,34.6,31.9,42.2,54.7,16.0,25.3,36.7,50.5,189.7,89.6,43.4,67.7,122.3,118.2,205.7,233.6,253.4,270.5,227.0,157.0,125.5,76.9,59.0,8.5,9.6,9.0,15.0,16.1,20.5,23.8,22.9,21.6,16.5,9.9,8.9,5.3,5.4,5.0,10.1,10.9,14.9,17.8,17.3,16.9,12.4,6.6,5.9,2.1,1.3,1.0,5.3,5.7,9.2,11.8,11.7,12.3,8.3,3.2,2.9
South East,1950,12.8,5.6,4.3,3.0,0.1,0.0,0.0,0.0,0.0,3.9,4.7,23.6,4.4,16.3,7.9,13.4,8.5,7.2,14.9,15.0,17.2,5.4,16.3,10.4,24.0,128.4,33.5,64.8,42.9,35.0,99.4,82.9,84.4,18.4,155.3,54.2,44.3,72.0,137.9,172.6,192.1,260.8,202.6,190.4,120.6,104.9,62.7,44.7,6.8,9.4,11.7,12.4,16.3,21.6,20.7,20.7,17.3,13.6,9.4,3.7,4.1,6.0,7.6,8.0,11.5,16.4,16.3,16.1,13.4,9.9,6.3,1.2,1.5,2.6,3.4,3.7,6.6,11.1,11.8,11.5,9.6,6.2,3.1,-1.3
South East,1951,9.5,6.8,10.4,3.6,0.1,0.0,0.0,0.0,0.0,3.3,1.7,7.5,15.5,19.5,18.0,13.6,12.1,5.9,5.9,15.5,11.2,6.7,20.8,11.9,89.3,154.2,100.1,70.6,64.4,33.2,47.6,120.3,87.0,32.3,175.2,70.6,50.0,65.5,94.7,196.6,165.5,259.6,223.2,172.6,106.6,122.7,67.2,54.9,7.1,6.9,8.0,11.8,14.5,19.1,21.8,19.5,18.5,14.0,11.6,8.9,4.3,4.0,4.7,7.1,10.3,14.0,16.7,15.2,14.5,9.7,8.6,5.9,1.6,1.0,1.4,2.4,6.1,8.8,11.5,10.9,10.5,5.5,5.6,3.0
South East,1952,15.9,18.0,6.6,3.1,0.0,0.0,0.0,0.0,0.2,2.8,12.6,15.5,14.1,5.8,14.0,9.9,10.9,7.8,3.7,12.6,12.6,13.4,11.7,14.2,62.8,22.3,78.0,42.6,62.5,37.3,17.0,89.7,87.9,96.1,101.2,74.6,87.9,83.2,93.5,174.8,220.2,235.4,208.0,188.5,142.6,104.2,66.0,61.4,6.2,6.5,9.9,14.6,18.3,20.1,22.2,21.0,15.9,13.0,7.2,6.1,3.1,3.1,6.6,9.6,13.2,14.8,17.1,16.5,11.4,9.4,4.1,3.1,0.1,-0.3,3.4,4.8,8.2,9.5,11.9,12.1,6.8,5.7,1.1,0.0
South East,1953,17.6,13.5,15.8,1.8,0.6,0.0,0.0,0.0,0.0,0.4,1.7,2.2,4.2,7.9,4.0,12.5,7.6,11.0,15.2,8.0,11.3,10.0,7.5,5.7,27.2,40.2,11.7,59.6,49.6,49.9,89.1,53.8,82.2,87.7,42.5,21.3,37.6,69.8,136.8,178.4,229.2,174.1,201.2,233.4,172.8,95.1,49.5,34.3,5.3,6.8,10.5,12.4,17.6,19.0,20.0,21.5,18.6,14.4,11.3,9.7,2.8,3.7,5.4,8.0,12.6,14.4,15.6,16.5,13.9,10.5,8.3,7.2,0.3,0.6,0.3,3.6,7.7,9.7,11.2,11.5,9.3,6.5,5.3,4.7
South East,1954,16.9,12.0,5.2,9.1,0.5,0.0,0.0,0.0,0.0,0.9,4.5,4.9,7.9,13.8,13.1,2.8,11.6,11.8,11.0,13.3,16.5,11.6,16.8,8.0,43.0,68.9,77.4,8.5,57.8,92.0,78.4,86.2,66.6,66.7,146.3,64.3,71.1,60.7,106.1,203.0,167.2,156.6,148.5,145.5,162.2,92.9,58.6,50.6,5.4,5.7,9.9,12.5,16.1,17.7,18.4,19.2,17.4,15.6,11.1,9.5,2.6,2.8,6.3,7.2,11.3,13.6,14.5,14.9,13.2,12.2,7.4,6.6,-0.2,-0.1,2.7,2.0,6.6,9.5,10.5,10.6,9.1,8.8,3.7,3.8
South East,1955,14.8,18.9,22.8,4.8,0.3,0.0,0.0,0.0,0.0,5.2,6.9,7.3,13.0,11.0,6.6,3.4,16.9,8.4,3.6,5.1,7.7,8.6,8.0,15.6,85.3,46.0,34.1,10.9,109.0,65.0,21.1,28.1,46.9,96.5,50.7,88.2,32.2,85.9,160.4,177.9,216.7,172.5,252.6,204.7,158.0,122.7,54.2,38.8,5.3,4.7,7.2,13.9,14.4,18.8,22.9,23.4,19.1,13.7,10.3,9.3,2.7,1.8,3.2,8.9,10.0,14.2,17.4,17.9,14.2,9.2,7.0,6.0,0.1,-1.1,-0.7,4.0,5.5,9.7,11.8,12.5,9.3,4.7,3.8,2.7
South East,1956,14.4,25.0,9.3,9.6,0.9,0.0,0.0,0.0,0.0,1.8,7.8,7.2,16.1,3.6,4.4,6.9,3.3,11.4,10.9,19.5,10.2,8.8,6.0,15.3,118.9,12.0,19.2,37.3,10.7,59.0,84.1,100.1,82.9,47.1,20.2,110.9,58.2,76.4,150.2,159.9,250.7,148.4,178.6,171.3,111.9,114.8,71.7,17.6,7.2,2.3,10.2,11.5,17.8,17.7,20.2,18.4,18.4,13.6,8.9,8.3,4.0,-1.0,6.1,6.7,11.9,13.3,16.0,14.1,14.7,9.6,5.7,5.8,0.7,-4.3,2.0,1.9,6.1,8.8,11.8,9.9,11.0,5.7,2.6,3.4
South East,1957,7.3,8.2,1.9,1.0,0.8,0.0,0.0,0.0,0.1,0.4,3.3,11.1,12.0,17.3,10.5,2.5,8.8,7.6,16.0,10.6,13.7,8.3,6.8,12.3,58.4,102.2,43.3,6.8,36.9,36.6,101.0,72.0,83.5,51.9,74.5,65.2,56.1,74.2,106.2,170.7,215.8,293.5,169.2,174.2,112.9,98.9,67.1,57.0,8.2,8.8,12.8,13.4,15.3,21.8,21.4,20.3,17.1,15.2,8.9,7.5,5.3,5.7,9.1,8.9,10.5,15.6,17.1,15.9,13.2,11.2,6.2,4.3,2.4,2.7,5.5,4.5,5.7,9.5,12.8,11.5,9.3,7.2,3.6,1.1
South East,1958,12.1,9.7,16.1,6.4,0.0,0.0,0.0,0.0,0.0,0.0,4.0,7.7,11.0,12.7,8.2,5.1,10.6,13.0,10.6,16.3,12.0,12.7,8.5,14.8,89.0,72.2,41.8,28.1,61.8,100.3,56.3,99.6,109.8,83.9,60.0,96.7,47.7,45.2,112.2,156.6,197.2,152.3,198.1,125.4,138.4,101.8,51.7,33.7,6.6,8.8,7.5,11.6,15.8,18.3,20.5,19.9,19.2,14.6,9.4,8.0,3.7,5.3,4.0,7.2,11.4,13.9,16.1,16.0,15.2,11.2,6.6,5.1,0.7,1.9,0.5,2.8,6.9,9.5,11.6,12.0,11.3,7.8,3.8,2.3
South East,1959,22.5,12.3,1.9,0.2,0.3,0.0,0.0,0.0,0.0,0.5,6.6,3.0,11.9,0.9,13.4,12.9,5.1,7.6,7.1,6.7,1.1,10.5,14.2,21.7,87.7,3.7,69.1,66.2,22.9,28.4,52.9,44.5,3.5,73.0,96.7,168.6,84.8,66.2,111.5,150.0,232.2,238.9,286.6,234.3,224.4,155.2,61.9,33.4,5.5,6.9,11.1,13.7,17.7,20.6,23.3,22.9,21.7,17.1,10.6,9.1,2.2,3.7,7.3,9.5,12.3,15.2,17.6,17.6,15.7,12.4,7.1,6.0,-1.1,0.6,3.6,5.4,6.9,9.7,11.8,12.3,9.6,7.7,3.5,3.1
South East,1960,14.2,11.2,3.0,3.2,0.0,0.0,0.0,0.0,0.0,1.4,3.7,9.0,14.0,13.8,9.7,6.5,6.8,9.2,16.5,14.6,12.7,20.7,22.6,16.0,87.4,65.8,48.0,26.0,43.5,55.4,91.7,107.0,101.9,197.0,136.8,104.0,39.9,87.1,82.4,163.1,180.6,251.4,162.2,164.3,132.9,81.8,73.5,50.8,6.5,7.4,9.5,13.4,17.4,20.8,19.3,19.6,17.5,13.8,11.0,6.8,3.9,4.3,6.5,8.8,12.6,15.6,15.3,15.1,13.4,10.6,7.7,4.2,1.2,1.1,3.4,4.1,7.8,10.5,11.2,10.7,9.3,7.4,4.3,1.6
South East,1961,10.9,0.2,7.3,0.0,1.1,0.0,0.0,0.0,0.0,0.8,6.1,17.9,14.0,12.3,1.0,13.0,5.4,5.0,6.9,9.1,12.4,13.7,9.9,13.0,107.8,67.0,2.9,85.3,30.4,32.5,41.7,40.3,72.8,97.8,60.8,100.2,50.9,66.0,167.7,97.5,231.3,244.0,198.1,175.3,133.5,128.7,64.2,69.6,6.7,9.8,12.9,14.0,16.1,20.3,20.9,20.7,20.0,15.2,9.4,6.4,3.9,7.0,7.8,10.2,11.1,14.7,15.9,16.0,15.5,11.2,6.2,3.1,1.0,4.2,2.6,6.5,6.2,9.2,10.9,11.4,11.1,7.1,3.2,-0.1
South East,1962,9.0,11.5,19.8,1.2,1.5,0.8,0.0,0.0,0.0,0.9,8.6,20.8,15.9,4.0,7.8,10.8,10.8,2.2,8.4,9.1,11.9,5.6,12.6,10.3,105.9,14.6,39.9,49.9,51.0,7.1,49.9,84.6,86.0,43.5,78.8,70.4,58.3,77.8,123.0,145.7,165.7,268.6,148.4,176.4,148.8,126.3,35.4,84.4,7.4,7.2,6.9,11.9,14.0,18.9,19.5,19.3,17.2,14.9,8.6,5.2,4.4,4.0,2.8,7.7,9.9,13.4,15.1,14.9,12.8,10.6,5.6,1.9,1.3,0.9,-1.3,3.6,5.8,7.9,10.7,10.6,8.5,6.4,2.7,-1.4
South East,1963,29.5,26.3,7.4,2.0,0.1,0.0,0.0,0.0,0.0,0.0,1.7,17.4,4.0,5.4,14.3,14.9,10.2,12.2,6.9,14.7,9.8,11.0,20.4,5.3,19.6,22.1,101.9,80.1,45.5,70.3,41.0,88.3,68.4,53.0,154.3,24.1,62.3,77.8,108.8,125.5,198.6,188.2,205.7,153.9,125.2,78.2,60.1,47.8,-0.1,1.8,9.3,12.3,15.1,19.1,19.9,18.9,17.4,14.3,11.5,4.9,-2.7,-0.9,5.7,8.4,10.4,14.6,15.2,14.7,13.3,10.8,8.5,2.0,-5.3,-3.4,2.2,4.5,5.8,10.1,10.5,10.5,9.2,7.4,5.6,-0.7
South East,1964,10.8,9.3,8.9,2.7,0.0,0.0,0.0,0.0,0.0,2.4,3.6,15.5,5.2,7.0,10.5,12.4,10.8,10.6,6.4,6.1,4.8,7.6,10.0,12.4,21.6,29.9,94.8,73.2,72.2,89.3,27.8,30.3,20.7,51.6,58.1,70.9,36.7,57.8,67.9,135.1,196.1,169.5,210.2,207.2,211.1,132.0,54.8,49.7,5.3,7.0,7.1,12.1,17.8,18.5,21.5,21.1,20.0,13.2,10.7,6.7,2.8,4.2,4.4,8.3,13.1,14.1,16.6,16.1,14.7,8.7,7.6,3.5,0.3,1.5,1.7,4.5,8.4,9.7,11.7,11.1,9.3,4.3,4.6,0.4
South East,1965,14.4,15.4,11.3,1.8,0.3,0.0,0.0,0.0,0.0,0.4,12.5,8.5,14.5,2.8,12.3,12.9,11.0,8.9,12.5,10.3,12.9,3.5,14.3,17.9,78.0,9.9,64.5,44.0,48.2,58.1,84.6,66.9,119.2,18.2,90.7,130.6,68.1,42.3,133.8,139.0,184.2,176.1,127.2,184.7,132.2,137.2,87.6,59.0,6.2,5.4,9.6,12.6,15.8,18.6,18.4,20.0,16.7,15.4,8.4,8.3,3.5,2.7,5.5,8.1,11.5,13.9,14.4,15.3,12.3,11.1,4.9,4.9,0.8,0.0,1.4,3.6,7.1,9.3,10.4,10.6,8.0,6.9,1.6,1.6
South East,1966,15.4,3.4,6.0,2.1,0.0,0.0,0.0,0.0,0.0,0.3,5.5,5.6,10.6,15.2,5.9,16.4,10.3,10.2,12.5,9.7,5.8,17.3,10.5,16.9,47.8,113.4,17.6,98.8,56.1,68.5,83.6,86.1,35.4,152.5,62.3,84.2,35.8,32.5,131.0,93.8,223.7,209.9,159.5,191.9,163.5,79.0,56.2,36.0,5.0,8.7,10.5,11.7,16.0,20.3,19.6,19.8,18.8,14.4,8.5,9.0,2.7,6.3,6.4,8.1,11.1,15.5,15.2,15.1,14.2,10.9,5.4,5.5,0.4,3.9,2.3,4.5,6.2,10.6,10.8,10.3,9.6,7.5,2.4,2.1
South East,1967,11.1,9.0,2.0,2.7,1.7,0.0,0.0,0.0,0.0,0.0,6.3,13.3,11.6,10.3,8.6,8.5,18.5,4.0,5.3,10.5,13.7,17.9,8.4,12.9,68.0,77.5,55.7,51.0,117.3,44.9,30.7,60.7,85.7,139.7,59.9,66.4,61.9,87.1,166.7,145.7,187.6,217.8,241.8,179.4,119.8,98.2,76.4,54.2,6.8,8.7,11.0,12.0,15.0,19.1,22.1,20.5,17.7,14.5,9.1,6.9,4.2,5.4,7.2,7.8,10.9,14.1,17.1,15.9,14.0,11.3,5.6,4.0,1.6,2.1,3.5,3.6,6.7,9.1,12.1,11.4,10.2,8.1,2.1,1.1
South East,1968,13.4,18.4,5.3,9.4,0.1,0.0,0.0,0.0,0.0,0.0,3.8,13.3,10.9,7.8,8.8,10.6,11.3,12.3,8.7,11.6,16.0,11.1,8.1,8.6,65.3,50.1,29.2,65.9,62.8,75.8,74.3,67.7,156.0,85.8,47.6,83.7,42.4,74.0,142.3,179.7,174.2,180.8,159.7,126.2,132.8,67.9,47.1,32.6,6.8,5.2,10.3,12.7,14.6,19.3,19.8,19.6,18.0,15.8,9.2,5.3,3.9,2.2,6.4,7.9,10.1,14.7,15.4,15.7,14.2,12.8,6.6,2.8,1.0,-0.7,2.7,3.2,5.7,10.1,10.9,11.8,10.4,9.8,4.0,0.5
South East,1969,6.2,18.3,11.5,6.6,0.0,0.0,0.0,0.0,0.2,0.3,9.0,13.5,14.9,9.3,9.5,6.1,17.1,7.0,5.0,10.4,5.0,1.9,14.9,12.8,90.7,48.5,64.9,27.5,85.8,34.2,68.6,74.0,22.5,6.1,118.4,76.0,33.2,72.3,70.6,201.7,166.3,259.6,227.7,163.9,116.1,120.9,79.9,26.9,8.3,4.4,7.6,12.8,15.8,19.3,22.5,21.0,18.5,17.1,9.4,5.9,5.7,1.4,4.2,7.8,11.5,14.0,17.3,16.5,14.4,12.9,5.9,3.2,3.1,-1.6,0.9,2.9,7.1,8.7,12.0,12.1,10.3,8.6,2.5,0.6
South East,1970,9.5,14.0,15.3,8.0,0.0,0.0,0.0,0.0,0.0,0.4,1.7,14.0,17.9,14.3,11.9,14.9,6.2,5.8,11.2,9.7,10.0,6.0,17.7,10.2,103.2,59.9,51.1,63.0,26.2,30.9,59.0,63.0,71.9,19.8,188.2,43.0,32.1,107.0,111.5,125.5,212.5,259.3,190.9,188.5,160.4,107.9,60.7,47.2,6.8,6.7,7.6,10.6,17.9,21.9,20.1,21.0,19.4,14.9,11.5,6.6,4.1,3.3,3.8,6.7,12.7,16.3,15.5,16.1,14.7,10.9,8.2,3.8,1.5,0.0,0.0,2.8,7.5,10.7,10.9,11.3,10.1,7.0,4.9,1.1
South East,1971,7.0,9.5,10.1,2.7,1.2,0.0,0.0,0.0,0.0,1.0,10.4,4.7,16.7,6.1,8.8,6.0,9.2,10.4,4.8,12.6,3.4,6.7,9.0,5.6,107.3,24.6,66.2,54.2,51.9,136.5,25.8,73.9,14.0,62.8,64.1,26.4,43.0,75.3,111.3,133.7,230.4,155.0,246.7,143.1,185.6,145.9,100.1,30.9,7.2,7.9,8.4,11.6,16.8,17.1,22.6,20.2,19.7,16.2,9.9,8.7,4.6,4.4,4.9,7.6,11.7,13.0,17.2,16.2,14.2,11.6,5.9,6.2,1.9,1.0,1.3,3.7,6.6,8.8,11.8,12.2,8.8,7.1,1.9,3.7
South East,1972,10.2,2.8,5.1,0.6,0.0,0.0,0.0,0.0,0.0,0.7,8.6,4.4,16.2,13.3,11.3,11.5,14.0,11.0,7.6,4.1,3.7,4.8,12.7,13.9,84.7,72.1,68.1,62.1,58.4,44.3,38.9,25.0,36.0,28.1,79.2,108.1,36.8,40.6,158.8,142.7,170.5,171.1,170.0,196.0,131.7,108.6,78.3,55.5,6.3,7.3,11.5,12.2,14.7,16.0,20.5,20.5,16.6,14.6,9.5,8.8,3.8,4.7,7.0,8.5,10.6,11.8,15.9,15.5,12.1,10.7,6.2,5.9,1.2,2.0,2.5,4.8,6.5,7.7,11.2,10.5,7.6,6.8,2.9,3.1
South East,1973,11.1,13.4,12.6,3.1,0.4,0.0,0.0,0.0,0.0,1.8,11.2,9.9,6.8,5.8,5.1,8.7,14.1,4.3,7.5,5.4,7.7,7.1,6.8,11.5,32.0,24.7,17.6,54.5,71.4,64.7,50.9,40.4,81.1,38.8,32.1,53.2,33.5,77.0,147.8,148.4,175.9,248.9,180.2,197.5,173.4,107.2,90.5,56.9,7.0,7.5,10.6,11.6,15.8,20.4,20.6,22.5,19.5,13.3,10.0,8.2,4.3,4.0,5.9,7.3,11.5,15.0,15.9,17.4,14.8,9.3,6.2,5.1,1.7,0.5,1.2,3.0,7.1,9.7,11.1,12.2,10.2,5.3,2.4,2.0
South East,1974,3.1,5.7,7.3,1.9,1.0,0.0,0.0,0.0,0.0,1.4,0.6,1.2,17.2,13.8,7.5,3.0,6.9,10.3,9.1,12.5,18.1,12.1,18.4,9.8,109.9,113.7,35.4,15.3,30.0,75.6,51.9,88.6,168.2,73.0,153.0,53.0,44.7,66.4,111.6,172.2,216.5,209.2,188.8,202.7,156.3,98.1,49.4,48.4,9.0,8.5,9.5,13.2,15.8,18.9,19.6,20.3,16.5,10.8,10.2,10.3,6.2,5.5,5.8,8.4,10.9,14.1,15.4,15.5,12.4,7.4,7.3,7.7,3.4,2.5,2.2,3.7,6.0,9.2,11.2,10.7,8.5,4.1,4.3,5.3
South East,1975,1.9,8.2,7.2,6.4,0.3,0.0,0.0,0.0,0.0,0.4,7.2,12.5,18.6,6.4,14.7,11.6,7.6,2.6,6.3,7.4,13.1,6.6,10.3,5.6,128.0,28.1,95.2,49.4,54.7,12.1,37.2,40.1,134.0,30.7,71.5,33.2,38.4,85.6,70.5,144.4,166.0,295.2,228.1,233.6,147.6,117.6,81.4,48.6,9.6,8.4,7.8,12.2,14.2,20.7,22.3,24.1,18.4,13.8,9.8,7.1,6.8,4.9,5.0,8.1,10.0,14.7,17.3,18.5,13.8,10.0,6.2,4.1,4.1,1.4,2.1,4.0,5.9,8.7,12.3,12.9,9.3,6.2,2.5,1.2
South East,1976,9.1,9.4,11.2,4.9,0.1,0.0,0.0,0.0,0.0,0.0,5.7,17.7,5.4,6.5,4.8,2.9,6.3,2.5,4.0,2.0,15.0,20.7,15.1,11.7,18.4,32.2,21.9,10.7,25.1,14.4,31.0,18.3,132.4,146.6,125.0,93.4,61.1,39.6,127.1,194.3,221.0,275.2,280.9,282.0,131.5,63.7,55.9,58.3,8.1,6.9,8.6,12.8,17.6,23.4,24.9,24.0,18.0,14.2,9.5,5.2,5.4,4.2,4.8,7.9,12.4,17.4,18.9,17.7,13.8,11.1,6.3,2.3,2.7,1.6,1.1,3.0,7.3,11.4,12.8,11.4,9.6,8.0,3.1,-0.6
South East,1977,14.4,5.1,4.2,7.4,0.5,0.0,0.0,0.0,0.0,0.0,6.6,2.9,15.6,18.0,14.1,8.4,10.3,10.1,4.7,12.9,6.1,10.4,13.3,13.2,88.0,103.7,75.4,33.9,48.7,68.9,22.0,119.1,23.7,53.3,84.1,96.6,45.7,82.1,105.1,166.4,220.1,132.7,210.5,146.1,124.5,115.8,92.9,39.9,5.7,8.8,10.4,11.3,15.5,16.4,20.9,19.6,17.1,15.6,9.7,8.7,3.2,5.8,7.2,7.2,10.7,12.4,16.1,15.4,13.2,11.9,6.7,6.2,0.6,2.9,3.9,3.0,6.0,8.3,11.3,11.2,9.3,8.2,3.8,3.7
South East,1978,13.1,14.8,5.1,5.9,0.0,0.0,0.0,0.0,0.0,0.1,5.2,11.4,14.1,13.1,14.1,12.5,7.4,8.2,9.1,8.4,5.2,1.8,5.6,19.2,103.2,62.3,66.8,57.2,54.6,41.8,77.8,42.3,20.7,6.1,22.8,160.0,57.3,53.5,117.2,121.3,201.3,188.4,140.6,183.2,170.0,106.3,77.0,32.3,6.3,5.4,10.3,10.1,16.3,18.5,19.3,19.8,18.8,15.9,11.7,7.5,3.3,2.7,6.6,6.5,11.4,13.9,15.2,15.2,14.2,11.7,8.5,4.8,0.4,0.0,2.9,2.9,6.6,9.2,11.0,10.7,9.6,7.4,5.3,2.2
South East,1979,25.5,18.9,7.4,4.5,3.9,0.0,0.0,0.0,0.0,0.4,7.4,7.2,12.9,10.2,19.3,12.0,13.8,9.5,4.5,10.5,5.0,10.1,12.8,13.1,76.2,61.0,114.4,61.3,106.1,43.7,33.9,67.7,20.2,62.6,59.7,131.7,66.2,53.9,103.7,128.3,209.0,150.1,202.8,177.3,177.5,118.5,70.3,55.5,3.5,4.1,8.3,11.9,14.7,18.2,21.5,19.5,18.2,15.4,10.4,8.7,0.1,1.4,4.9,7.9,10.2,13.9,16.6,15.0,13.4,11.6,6.7,6.0,-3.2,-1.2,1.5,3.9,5.6,9.6,11.6,10.6,8.7,7.7,3.1,3.4
South East,1980,18.6,5.2,7.3,2.4,0.8,0.0,0.0,0.0,0.0,1.9,8.1,8.9,7.3,11.9,14.4,3.7,4.5,14.0,13.0,6.9,8.4,12.5,8.3,10.3,53.6,62.1,85.3,19.9,26.1,104.8,76.3,65.8,56.5,110.0,50.8,48.1,73.1,55.5,81.1,173.3,229.8,189.3,163.2,175.3,140.1,124.3,66.8,63.0,5.3,9.2,8.3,13.3,16.3,18.6,19.0,20.8,18.9,13.3,8.7,8.3,2.3,5.9,5.0,8.7,11.1,14.0,14.8,16.3,15.0,9.3,6.1,5.2,-0.7,2.7,1.8,4.2,5.8,9.5,10.5,11.9,11.0,5.3,3.5,2.2
South East,1981,11.9,18.6,2.4,3.5,1.4,0.0,0.0,0.0,0.0,1.5,3.2,18.4,9.3,5.7,20.3,6.1,17.6,6.1,7.0,3.5,13.6,18.1,9.0,13.4,34.1,28.3,134.3,41.1,92.4,42.9,48.2,32.6,134.9,97.9,43.3,96.3,58.3,75.4,66.3,130.9,127.2,157.4,154.1,213.7,155.7,104.8,48.5,45.8,7.7,6.4,10.9,12.1,15.1,17.4,20.5,22.0,19.2,12.2,10.8,4.4,4.6,2.9,8.2,8.0,11.3,13.3,16.0,16.8,14.6,8.7,7.6,1.3,1.6,-0.5,5.6,3.9,7.4,9.3,11.4,11.6,10.0,5.2,4.3,-1.6
South East,1982,12.8,7.0,7.0,3.1,1.7,0.0,0.0,0.0,0.0,0.4,3.6,11.0,12.6,9.1,13.7,3.9,9.0,14.4,5.6,10.4,11.8,16.0,15.1,10.8,47.7,39.5,81.3,19.7,46.2,85.1,31.7,57.2,66.2,152.5,110.3,93.3,59.1,50.7,159.5,188.2,218.0,195.1,181.8,180.5,155.6,72.8,62.8,50.4,6.2,7.6,10.2,13.4,17.1,20.4,21.7,20.7,19.8,13.6,11.1,7.8,3.3,4.7,6.0,8.5,11.8,15.9,16.9,16.3,14.9,10.3,8.4,4.6,0.3,1.9,1.9,3.7,6.4,11.4,12.2,11.9,10.0,7.1,5.7,1.5
South East,1983,3.0,18.8,5.4,3.9,0.0,0.0,0.0,0.0,0.0,2.5,5.7,9.3,12.0,8.6,13.2,17.1,17.5,5.7,3.9,3.6,12.3,9.0,5.0,14.1,72.2,34.6,44.4,101.8,98.2,39.0,28.3,22.0,69.0,60.2,44.1,84.0,51.3,87.3,93.7,149.3,149.4,191.9,264.7,231.2,114.0,115.3,52.9,60.3,9.4,4.8,9.9,11.4,14.4,19.4,25.7,23.1,18.1,14.4,10.6,8.8,6.6,2.0,6.2,7.2,10.5,14.9,19.9,17.8,14.2,10.7,7.6,5.7,3.9,-0.9,2.5,3.0,6.6,10.5,14.0,12.4,10.3,7.0,4.6,2.6
South East,1984,10.3,10.1,6.7,7.1,0.7,0.0,0.0,0.0,0.0,0.7,1.4,9.5,18.6,9.7,9.4,1.3,11.0,5.4,5.8,6.9,12.2,13.5,16.0,16.7,133.5,39.4,74.0,4.4,82.5,28.7,29.5,31.7,79.6,98.0,116.0,93.1,84.2,73.2,68.3,233.4,145.1,246.8,238.0,192.6,112.1,90.9,65.4,53.7,7.6,6.8,8.2,13.5,14.1,20.1,22.4,22.7,17.8,14.9,11.6,8.6,4.4,3.8,4.9,8.0,9.9,14.8,16.7,17.6,13.9,11.4,8.6,5.4,1.2,0.9,1.6,2.5,5.6,9.5,11.0,12.5,10.1,7.8,5.7,2.3
South East,1985,23.2,15.5,13.2,3.2,0.0,0.0,0.0,0.0,0.0,0.4,13.4,4.9,10.8,4.8,12.6,10.9,7.6,15.5,11.0,15.7,3.4,5.1,8.8,15.1,67.2,34.0,56.4,45.9,56.6,88.5,52.6,104.0,18.9,29.7,58.1,120.5,52.4,87.5,108.7,154.2,178.1,166.9,236.2,195.1,148.8,121.4,83.9,39.5,3.4,5.4,8.5,13.0,15.7,17.6,21.3,18.9,19.2,14.8,7.6,9.3,0.4,2.2,4.6,8.7,11.3,13.2,16.6,15.0,14.6,11.2,4.2,6.9,-2.6,-1.0,0.7,4.3,6.8,8.9,11.8,11.1,10.1,7.5,0.9,4.6
South East,1986,12.3,24.3,9.2,5.6,0.1,0.0,0.0,0.0,0.0,0.2,0.6,7.4,16.6,4.3,13.8,14.1,13.4,5.1,8.1,10.9,3.8,11.9,15.4,15.3,121.5,15.4,65.0,66.6,65.0,21.9,43.9,93.9,35.5,85.0,117.0,98.4,64.8,70.5,117.7,145.0,192.0,223.2,191.7,165.6,157.6,113.2,76.7,60.9,6.8,1.3,8.7,9.9,15.0,20.2,21.1,18.7,16.5,15.4,11.5,9.2,3.7,-1.2,4.9,6.1,10.9,15.1,16.5,14.4,11.6,11.5,8.1,6.0,0.7,-3.7,1.1,2.2,6.7,9.9,11.9,10.2,6.7,7.5,4.6,2.8
South East,1987,20.2,14.0,15.0,0.4,0.2,0.0,0.0,0.0,0.0,1.3,3.3,7.2,4.6,7.6,11.9,8.8,10.1,14.9,9.9,7.2,9.6,17.6,8.9,6.6,19.9,43.4,72.0,56.4,43.2,86.1,75.1,46.2,42.9,187.1,72.7,33.3,54.0,69.0,107.8,173.0,198.6,143.0,188.2,177.9,146.8,113.0,54.0,37.9,3.0,6.9,7.7,14.6,15.3,17.7,21.0,21.0,18.6,14.4,9.5,8.1,0.6,3.7,4.3,10.0,10.5,13.5,16.3,16.1,14.4,10.6,6.6,5.7,-1.8,0.5,0.8,5.4,5.8,9.3,11.7,11.2,10.2,6.8,3.8,3.4
South East,1988,5.3,8.3,4.4,4.6,0.0,0.0,0.0,0.0,0.0,1.1,13.9,2.2,20.4,9.2,14.6,7.3,9.5,5.3,16.8,7.4,7.8,10.3,5.4,3.7,158.9,50.1,78.6,37.6,43.0,27.6,88.6,54.3,46.0,82.1,30.5,17.8,57.0,121.7,94.2,161.3,208.1,154.6,168.6,188.2,143.9,111.3,91.8,39.2,8.4,8.2,10.0,12.5,16.9,18.8,18.8,20.4,17.9,14.8,9.5,9.9,5.6,4.8,6.7,8.2,12.3,14.3,15.0,15.6,13.8,11.3,5.6,7.2,2.9,1.4,3.5,3.9,7.7,9.8,11.2,10.9,9.8,7.8,1.7,4.5
South East,1989,6.8,6.2,2.1,4.0,0.0,0.0,0.0,0.0,0.0,0.0,7.9,5.5,8.5,12.0,13.3,13.4,2.1,7.7,4.2,6.7,5.3,11.2,7.4,13.8,33.2,70.0,75.8,78.7,11.7,39.8,29.5,36.5,33.8,76.7,46.0,146.4,66.5,91.7,101.6,145.2,300.2,252.7,275.2,260.5,134.8,101.4,104.5,25.6,9.1,9.6,11.8,10.8,19.5,20.6,24.4,22.9,19.8,16.1,10.3,8.7,6.0,6.0,8.0,6.9,13.7,15.0,18.7,17.2,15.4,12.3,6.6,5.8,2.8,2.5,4.2,3.0,8.0,9.4,13.0,11.6,11.0,8.6,3.0,3.0
South East,1990,2.6,0.4,3.5,5.3,0.0,0.0,0.0,0.0,0.0,0.4,2.7,10.8,16.5,15.0,2.4,9.4,2.4,10.4,3.3,5.7,6.1,11.2,8.8,11.3,114.3,135.4,8.3,43.0,9.5,56.5,15.4,34.6,37.1,85.7,50.4,68.3,49.8,93.7,151.6,233.8,278.7,134.1,278.6,253.4,172.6,117.1,78.0,51.6,9.6,10.9,12.4,13.5,18.9,18.0,22.9,24.3,18.7,15.8,10.0,7.0,6.8,7.8,8.3,8.3,13.0,13.7,17.1,18.5,13.6,12.3,7.1,4.4,4.0,4.8,4.3,3.1,7.1,9.4,11.3,12.9,8.5,8.7,4.2,1.7
South East,1991,9.9,19.3,3.4,3.4,0.4,0.1,0.0,0.0,0.0,1.1,5.7,12.1,13.3,8.3,10.5,8.7,4.4,18.4,10.0,3.0,7.8,7.9,11.4,5.1,96.1,39.1,57.5,60.2,14.7,113.7,84.1,16.7,51.8,49.0,74.0,21.2,64.5,61.6,99.4,159.2,144.2,134.1,210.4,251.4,175.5,90.3,54.5,53.4,6.7,4.7,11.5,12.2,15.1,16.3,21.5,22.7,20.2,13.7,10.0,7.8,4.0,1.3,8.0,8.0,10.7,12.4,17.1,17.6,15.1,10.2,6.8,4.5,1.4,-1.9,4.5,3.8,6.2,8.5,12.8,12.6,10.1,6.7,3.6,1.4
South East,1992,14.7,10.7,0.8,1.8,0.0,0.0,0.0,0.0,0.0,4.2,1.9,11.8,5.2,6.5,13.0,11.9,5.7,5.9,9.3,15.6,12.9,10.3,17.4,9.1,20.9,31.4,56.4,77.2,34.3,35.0,74.3,109.9,78.9,75.9,136.2,73.1,52.5,65.4,65.8,137.8,267.3,219.8,166.6,150.9,129.0,110.3,58.9,48.1,6.4,8.7,10.8,12.8,19.3,21.1,21.1,20.2,17.8,12.0,11.4,7.0,3.7,5.1,7.5,8.7,13.8,15.7,16.9,16.3,13.9,8.2,7.9,4.1,1.0,1.5,4.3,4.6,8.4,10.2,12.7,12.3,10.0,4.4,4.4,1.2
South East,1993,5.3,5.8,8.9,0.7,0.0,0.0,0.0,0.0,0.0,3.7,11.7,4.9,16.6,1.6,3.2,12.9,9.6,9.1,11.5,4.5,13.5,12.8,6.3,19.7,93.4,7.5,30.3,86.5,58.7,54.6,58.9,34.9,114.0,125.1,54.3,135.7,39.7,53.2,134.1,127.1,184.1,214.5,173.8,218.2,105.7,111.5,70.5,49.4,9.4,6.8,10.6,13.5,16.7,20.3,20.3,20.3,16.7,12.4,8.2,8.8,6.3,4.3,6.5,9.6,12.2,15.4,15.8,15.3,12.6,9.1,4.9,5.9,3.1,1.8,2.4,5.8,7.7,10.5,11.3,10.2,8.6,5.8,1.7,3.0
South East,1994,7.5,11.6,1.8,1.3,0.0,0.0,0.0,0.0,0.0,0.8,0.0,7.9,17.5,11.2,12.2,12.9,13.6,4.9,5.4,10.1,12.9,10.7,10.4,13.7,115.7,64.2,56.9,67.0,85.1,32.8,25.9,62.3,85.1,105.4,63.2,113.7,67.7,68.1,121.2,170.9,158.3,253.3,254.5,182.6,115.4,143.8,37.4,57.1,8.6,7.0,11.4,12.2,15.1,19.8,24.1,21.5,17.0,14.7,12.8,10.0,5.5,3.8,7.9,8.2,11.1,14.7,18.6,16.9,13.3,10.5,10.4,6.7,2.5,0.6,4.5,4.1,7.1,9.7,13.2,12.3,9.6,6.3,8.1,3.5
South East,1995,8.1,2.2,12.2,3.3,0.8,0.0,0.0,0.0,0.0,0.0,6.0,14.1,17.8,17.7,9.5,4.7,5.9,4.7,6.3,1.3,15.5,5.3,10.6,12.0,156.9,100.6,54.6,19.6,29.5,17.9,32.2,4.9,129.9,35.8,71.1,95.6,55.0,72.4,185.0,182.7,240.9,203.6,249.1,291.3,143.1,125.7,74.2,41.3,8.2,10.0,10.2,13.8,17.4,19.6,24.4,25.7,18.1,17.1,11.2,5.1,5.0,7.0,5.9,9.3,12.0,14.5,18.9,19.6,13.9,13.3,7.9,2.8,1.8,4.1,1.6,4.9,6.6,9.4,13.4,13.5,9.6,9.5,4.6,0.4
South East,1996,6.8,18.2,10.0,4.7,2.1,0.0,0.0,0.0,0.0,0.0,12.4,12.1,8.3,11.4,7.8,4.1,8.9,3.6,8.0,9.3,5.9,13.5,14.5,5.7,61.4,67.0,41.9,30.3,46.1,17.0,34.1,73.4,28.4,54.8,133.5,27.7,29.5,93.4,74.7,155.1,184.0,266.4,233.8,221.0,151.5,130.9,96.0,53.3,6.6,5.9,7.9,13.2,13.8,20.4,22.2,21.7,18.0,15.4,9.7,5.6,4.7,2.7,4.6,8.6,9.3,14.7,16.8,16.7,13.7,11.7,6.0,3.2,2.7,-0.6,1.4,4.1,4.8,9.1,11.4,11.7,9.4,8.0,2.3,0.7
South East,1997,17.7,4.4,1.8,5.0,0.9,0.0,0.0,0.0,0.0,5.2,4.2,8.4,4.9,13.5,3.1,2.5,11.4,15.6,6.7,10.6,3.7,7.0,18.0,14.3,15.8,89.8,16.1,11.8,48.3,113.5,28.3,93.5,11.6,74.2,125.9,95.5,52.8,57.5,143.9,217.8,252.6,146.9,240.5,188.2,190.3,160.1,62.9,50.5,4.6,9.6,12.5,14.3,17.1,18.8,22.0,24.2,19.7,15.2,11.9,8.9,1.9,6.5,8.4,8.9,11.9,14.7,16.9,19.4,14.7,10.8,8.6,6.0,-0.8,3.4,4.2,3.6,6.7,10.6,11.8,14.7,9.8,6.3,5.4,3.2
South East,1998,9.1,5.7,3.3,3.5,0.3,0.0,0.0,0.0,0.0,0.5,6.6,7.8,12.5,2.8,10.3,19.6,5.1,16.1,7.8,4.2,13.8,17.5,10.0,15.4,105.4,9.3,68.0,105.4,25.3,103.0,35.7,20.7,105.9,141.7,62.0,85.2,65.9,104.3,82.2,126.7,231.4,152.1,176.6,257.6,148.6,94.4,89.8,39.3,8.4,10.5,11.5,11.9,18.8,18.5,20.1,22.2,19.3,14.3,9.4,9.0,5.4,6.5,8.2,8.2,13.7,14.6,15.9,16.5,15.3,10.9,6.0,5.9,2.5,2.6,4.8,4.5,8.6,10.8,11.6,10.9,11.3,7.5,2.7,2.9
South East,1999,4.8,7.4,4.2,4.4,0.0,0.0,0.0,0.0,0.0,0.5,0.9,8.8,17.9,9.4,9.9,10.2,6.9,11.0,2.6,12.5,15.5,9.1,8.9,18.4,114.2,31.9,37.0,56.6,36.3,75.7,13.2,106.8,124.4,67.1,42.1,132.7,60.9,87.4,121.4,164.0,187.4,214.5,256.6,187.1,159.1,154.0,81.8,69.8,9.0,8.2,11.4,13.8,17.9,19.3,23.5,21.6,20.4,15.1,10.7,8.3,6.0,5.1,7.5,9.5,13.3,14.2,18.1,16.9,16.1,10.9,7.7,4.9,3.1,2.0,3.6,5.3,8.7,9.3,12.6,12.3,11.8,6.7,4.8,1.7
South East,2000,12.1,5.1,4.4,3.4,0.0,0.0,0.0,0.0,0.0,0.0,1.8,6.3,5.5,15.1,6.4,19.3,13.8,5.4,7.3,8.5,11.5,18.6,19.0,16.0,26.8,80.5,22.3,146.3,99.7,20.0,56.9,46.2,108.1,197.5,171.6,133.5,72.0,100.2,120.8,140.4,195.9,172.4,174.0,214.9,127.7,94.2,72.4,41.4,8.0,9.8,11.4,12.1,17.1,19.8,20.2,22.2,19.3,14.3,10.5,8.5,4.6,6.4,7.6,8.1,12.7,15.3,15.7,17.2,15.2,10.8,7.2,6.1,1.3,3.0,3.7,4.2,8.2,10.8,11.1,12.1,11.2,7.4,3.9,3.8
South East,2001,12.8,11.9,5.8,2.1,0.0,0.0,0.0,0.0,0.0,0.0,5.9,18.7,12.7,12.5,16.0,15.4,5.4,4.6,8.9,11.2,11.9,17.0,8.4,5.9,99.2,99.6,122.0,78.5,32.4,23.4,55.4,79.8,72.2,133.0,40.8,25.6,79.2,82.6,66.1,137.4,222.6,235.2,226.5,200.0,139.3,105.1,87.8,85.7,6.7,8.5,9.0,12.1,17.8,19.9,22.7,22.0,17.8,16.9,10.9,6.9,3.8,5.0,6.0,8.2,12.6,14.7,17.6,17.4,13.7,13.8,7.2,3.6,0.9,1.6,3.0,4.3,7.5,9.5,12.5,12.8,9.7,10.6,3.5,0.3
South East,2002,8.4,3.8,3.4,1.6,0.0,0.0,0.0,0.0,0.0,1.5,0.5,3.6,14.4,15.8,9.4,7.6,14.2,9.8,10.3,7.5,3.3,13.8,21.5,17.1,85.8,102.1,46.7,43.3,93.1,59.1,73.5,47.4,40.2,93.6,183.9,140.8,47.9,83.6,110.0,209.9,198.9,178.4,187.0,186.8,177.9,102.4,62.0,34.0,8.9,10.6,11.7,14.6,16.2,18.9,21.0,22.3,19.5,14.7,12.1,8.5,5.8,7.4,7.9,9.6,12.1,14.5,16.4,17.4,14.6,10.8,9.2,6.3,2.8,4.1,4.0,4.6,8.0,10.2,11.8,12.7,9.8,6.9,6.3,4.2
South East,2003,11.9,13.3,6.3,5.6,0.1,0.0,0.0,0.0,0.2,4.0,2.1,9.6,10.7,7.1,4.3,6.8,10.5,7.7,9.6,2.6,2.6,8.2,14.6,13.7,86.6,32.4,25.2,36.6,45.7,46.0,58.0,18.0,12.2,51.0,143.3,85.1,86.5,96.0,166.9,191.8,201.7,223.1,206.4,240.1,194.6,146.6,75.4,52.3,7.4,7.8,12.5,14.7,16.8,21.4,22.7,24.9,20.8,14.0,11.9,8.5,4.4,4.2,7.9,9.5,12.2,16.3,17.9,19.2,14.7,9.5,8.7,5.4,1.5,0.8,3.2,4.4,7.5,11.2,13.0,13.4,8.7,5.1,5.5,2.3
South East,2004,9.1,10.0,6.1,1.1,0.0,0.0,0.0,0.0,0.0,0.0,3.6,9.9,16.2,6.7,11.3,13.6,7.7,5.5,7.6,15.6,8.1,17.4,8.3,7.2,103.6,32.5,43.5,77.3,51.6,33.6,53.3,102.5,35.0,129.7,34.7,59.3,61.9,73.4,108.3,159.5,206.2,232.1,186.4,202.5,170.8,104.5,53.9,45.5,8.4,8.3,10.2,13.9,17.3,20.9,21.3,22.5,19.8,14.8,10.8,8.4,5.4,5.4,6.5,9.4,12.4,15.8,16.4,18.0,15.3,11.2,7.8,5.2,2.4,2.5,2.8,4.9,7.4,10.7,11.6,13.4,10.9,7.7,4.9,1.9
South East,2005,4.6,10.6,8.2,2.0,0.9,0.0,0.0,0.0,0.0,0.0,11.8,14.3,10.1,7.3,8.4,11.7,7.8,6.8,9.9,8.2,8.5,13.2,8.2,7.5,39.3,24.7,51.5,50.0,32.9,34.2,61.5,55.0,40.0,97.6,54.5,69.2,68.3,71.2,95.2,148.4,222.1,211.3,199.5,239.6,160.1,104.5,93.8,68.6,9.0,7.0,10.7,13.7,16.5,21.1,22.0,22.1,20.5,17.0,10.1,7.8,6.0,4.2,7.0,9.3,11.7,15.9,17.3,16.6,15.7,13.6,6.3,4.2,3.0,1.4,3.2,4.9,6.9,10.8,12.5,11.1,10.9,10.2,2.5,0.7
South East,2006,10.0,10.8,11.6,3.8,0.0,0.0,0.0,0.0,0.0,0.0,4.5,5.6,6.3,9.6,11.2,8.1,14.1,4.1,7.4,10.8,10.4,14.4,13.2,14.0,23.3,57.5,58.6,39.0,96.3,20.6,38.9,61.4,71.2,117.9,96.9,106.0,53.7,67.1,108.6,152.3,165.6,269.9,307.4,179.0,162.1,106.5,100.1,44.3,7.0,6.5,8.6,13.3,16.9,21.8,26.1,21.4,21.6,17.1,12.5,9.5,4.4,3.7,5.2,9.0,12.6,16.2,20.2,16.9,17.3,13.7,8.5,6.7,1.8,0.9,1.8,4.8,8.3,10.6,14.2,12.4,13.1,10.3,4.6,3.9
South East,2007,4.2,6.9,3.3,0.9,0.0,0.0,0.0,0.0,0.0,1.2,6.1,11.7,15.0,16.1,9.0,0.8,14.7,14.7,16.0,7.8,5.0,5.3,8.9,10.1,79.6,103.7,55.7,2.5,104.5,101.9,119.6,52.7,30.6,45.2,81.3,66.3,61.2,68.3,178.1,239.0,178.2,172.8,201.6,217.2,160.6,109.4,86.1,65.1,9.9,9.6,11.9,17.7,17.1,20.0,20.2,20.9,19.0,15.0,11.2,8.4,7.1,6.4,7.5,11.9,12.7,15.7,16.0,16.0,14.4,11.0,7.4,5.2,4.4,3.2,3.2,6.0,8.3,11.4,11.8,11.2,9.8,6.9,3.7,2.1
South East,2008,2.3,12.3,5.9,5.7,0.0,0.0,0.0,0.0,0.0,2.4,3.2,14.3,15.2,5.4,14.8,13.4,9.1,6.5,8.8,15.8,9.9,10.8,13.7,5.5,108.4,26.6,92.7,62.6,86.5,43.7,76.6,75.0,72.1,65.6,97.7,44.7,54.7,134.2,106.6,175.7,201.4,230.6,216.3,127.9,129.9,135.9,47.0,77.6,9.8,10.3,10.2,13.1,19.0,19.7,21.5,20.3,17.9,14.4,10.4,6.9,6.8,5.6,6.6,8.5,14.0,14.9,16.7,16.6,13.7,10.1,7.5,3.8,3.8,1.1,3.0,4.0,9.0,10.2,12.0,13.0,9.5,5.8,4.6,0.7
South East,2009,16.0,12.3,6.9,0.6,0.0,0.0,0.0,0.0,0.0,0.4,0.1,15.1,11.7,8.6,7.2,9.1,7.5,6.3,15.9,6.7,3.5,10.8,22.6,17.6,90.1,67.1,38.5,40.5,36.1,33.9,84.0,36.4,27.5,65.4,189.9,112.9,62.6,63.2,173.8,185.7,224.3,221.3,200.7,195.7,166.9,102.1,67.0,66.2,6.1,7.5,11.9,14.9,17.5,20.8,21.2,22.1,19.5,15.7,12.1,6.7,2.9,4.3,7.2,10.3,12.6,15.4,16.8,17.3,14.9,11.9,9.3,3.6,-0.4,1.2,2.5,5.6,7.7,10.1,12.4,12.5,10.3,8.1,6.6,0.4
South East,2010,19.6,11.9,8.8,2.7,1.4,0.0,0.0,0.0,0.0,2.8,10.0,24.8,12.0,15.9,11.2,4.8,5.6,5.4,6.0,11.7,8.6,10.4,12.3,8.6,72.4,98.2,58.9,22.7,30.1,32.8,26.1,100.2,51.0,78.5,76.6,42.1,58.5,58.9,124.6,234.1,203.6,263.1,204.1,136.8,137.5,120.5,56.4,29.7,4.1,6.5,10.2,14.5,16.1,21.4,23.1,20.6,18.4,14.7,8.8,3.3,1.4,3.5,6.3,9.1,11.0,15.7,18.1,16.1,14.0,10.8,5.9,0.2,-1.3,0.6,2.4,3.7,5.8,10.0,13.1,11.7,9.7,7.1,2.9,-2.7
South East,2011,11.2,3.4,7.1,0.0,0.1,0.0,0.0,0.0,0.0,0.5,1.1,5.1,11.5,12.3,3.4,1.2,4.4,13.0,9.4,11.6,8.8,7.7,7.8,14.3,99.7,58.7,16.0,3.6,27.2,82.4,49.1,78.0,40.3,36.1,45.6,93.8,47.1,42.5,143.7,235.8,233.5,198.8,187.1,164.9,164.2,136.8,56.4,57.7,6.9,9.3,11.4,18.2,17.6,19.3,20.5,20.6,20.0,17.0,13.2,9.6,4.3,6.4,6.9,12.4,12.7,14.5,15.6,16.2,15.6,12.9,10.0,6.3,1.8,3.6,2.4,6.6,7.8,9.7,10.8,11.8,11.2,8.9,6.9,3.1
South East,2012,8.4,14.5,2.3,4.4,0.0,0.0,0.0,0.0,0.0,1.5,4.3,10.5,8.9,3.7,4.3,18.7,9.0,14.5,15.7,11.3,7.4,18.3,12.8,17.7,48.7,19.3,26.6,133.7,42.7,138.3,103.7,56.0,66.9,125.0,102.2,142.3,73.2,83.7,174.5,155.7,191.5,141.3,179.1,188.5,181.1,86.0,74.9,60.9,9.3,7.2,13.5,12.2,17.1,18.0,20.2,21.7,18.7,13.7,10.4,8.7,6.0,3.7,8.4,7.8,12.6,14.2,15.9,17.2,13.7,10.4,7.1,5.3,2.8,0.3,3.3,3.4,8.1,10.4,11.6,12.8,8.7,7.1,3.8,2.0
South East,2013,13.1,12.8,15.7,7.7,0.2,0.0,0.0,0.0,0.0,0.0,4.1,4.6,13.7,6.7,9.7,7.8,12.1,6.6,5.7,7.2,9.7,17.1,11.5,17.0,81.3,38.1,70.3,41.8,56.5,22.8,31.9,39.0,52.6,138.5,71.6,161.4,43.8,68.1,66.8,167.3,192.5,188.2,291.5,214.4,126.4,97.5,78.5,53.9,6.3,6.0,6.4,12.0,15.3,18.7,24.6,22.6,18.9,16.2,9.9,9.8,3.9,3.1,3.4,7.6,10.7,14.2,18.7,17.5,14.3,12.8,6.7,6.3,1.5,0.3,0.4,3.2,6.0,9.7,12.8,12.5,9.8,9.4,3.5,2.8
South East,2014,4.5,0.1,4.0,0.3,0.2,0.0,0.0,0.0,0.0,0.0,2.3,11.1,23.9,21.4,7.6,11.0,13.8,7.0,7.7,13.5,2.9,16.7,18.4,8.1,205.2,147.0,38.0,75.3,74.0,37.5,45.7,102.1,13.7,110.9,135.6,53.9,64.0,97.1,160.2,168.2,202.0,241.7,269.1,199.2,144.6,106.8,58.3,75.0,9.4,9.8,12.8,15.0,16.8,20.9,24.0,20.6,20.7,16.7,12.0,8.8,6.2,6.7,8.1,10.5,12.5,15.7,18.5,15.8,15.8,13.2,9.0,5.5,3.0,3.7,3.3,6.1,8.2,10.6,13.1,11.1,10.8,9.8,6.1,2.2
South East,2015,10.9,10.9,3.0,1.1,0.0,0.0,0.0,0.0,0.0,0.0,2.6,0.0,15.1,9.0,7.1,5.9,10.0,5.4,8.2,12.7,8.7,8.5,17.2,15.8,96.5,58.6,23.4,18.5,62.7,26.4,59.8,108.2,67.5,58.0,77.4,80.1,69.1,79.7,142.3,227.7,195.7,248.0,204.1,148.2,179.1,96.6,29.5,33.5,8.4,7.4,10.7,14.9,16.1,20.3,21.8,21.0,17.9,15.0,12.9,12.8,4.9,4.1,6.9,9.6,11.7,14.9,16.8,16.5,13.1,11.3,10.0,10.5,1.4,0.8,3.1,4.3,7.3,9.6,11.9,12.2,8.4,7.6,7.2,8.2
South East,2016,6.8,9.3,7.6,4.1,0.7,0.0,0.0,0.0,0.0,0.0,5.6,9.1,17.6,9.9,10.1,12.6,9.0,15.1,4.4,6.0,9.0,5.7,10.5,5.1,131.3,54.0,80.8,51.3,63.5,91.9,18.1,39.4,51.3,29.7,100.8,17.9,59.6,89.4,136.0,176.8,214.2,126.9,212.9,234.5,139.2,128.3,84.1,61.7,9.0,8.7,10.1,12.6,17.9,19.5,22.2,22.9,21.0,15.1,10.1,9.6,5.7,5.4,6.1,8.1,13.0,15.4,17.5,17.8,16.7,11.1,6.4,6.1,2.4,2.1,2.1,3.6,8.1,11.4,12.7,12.8,12.4,7.1,2.8,2.6
South East,2017,16.8,3.5,0.1,2.5,0.3,0.0,0.0,0.0,0.0,0.3,5.6,11.9,10.7,10.7,9.7,2.6,9.9,5.3,10.1,9.6,14.6,6.2,9.1,15.7,81.6,50.1,41.8,8.5,68.6,53.2,95.5,71.5,70.7,29.8,48.6,106.4,75.1,54.3,127.1,203.3,194.3,235.9,202.2,197.3,134.3,92.7,84.6,51.8,7.2,9.2,13.0,14.6,18.3,21.9,22.3,21.1,18.2,16.1,10.7,8.3,3.7,6.4,9.2,9.4,13.5,16.9,17.7,16.4,14.0,12.6,7.0,5.2,0.2,3.6,5.5,4.2,8.7,11.9,13.2,11.8,9.8,9.1,3.3,2.0
South East,2018,4.1,15.9,7.9,0.0,0.4,0.0,0.0,0.0,0.0,2.0,2.8,3.2,16.1,8.8,18.7,12.1,8.0,0.6,4.3,9.4,5.4,7.1,13.4,14.7,81.2,42.4,100.8,76.2,54.6,2.8,30.0,67.0,38.6,53.0,113.9,98.1,57.4,119.2,77.2,134.0,261.6,263.6,300.8,190.9,184.1,142.7,76.0,46.0,9.0,6.3,8.8,14.3,19.4,22.0,26.1,22.6,19.3,15.7,11.5,10.1,6.0,2.9,5.4,10.5,13.7,16.6,19.9,17.5,14.3,11.2,8.4,7.2,2.9,-0.5,2.1,6.7,8.1,11.2,13.8,12.5,9.4,6.9,5.3,4.4
South East,2019,14.6,7.1,1.0,3.5,0.3,0.0,0.0,0.0,0.0,0.5,4.0,6.4,7.4,9.5,12.3,6.1,6.7,10.5,6.1,9.7,11.0,18.7,16.8,18.0,32.8,55.5,63.5,25.9,31.0,89.9,49.0,51.5,92.0,125.1,112.9,130.0,61.1,122.5,126.3,180.6,211.3,188.8,233.7,228.2,172.5,84.1,59.0,63.0,7.0,11.1,12.1,14.5,17.1,19.9,23.6,22.7,19.7,14.7,9.8,9.5,3.8,6.6,8.5,9.5,11.8,15.2,18.2,17.6,15.0,11.1,6.7,6.3,0.8,2.2,4.8,4.4,6.5,10.5,12.9,12.5,10.3,7.5,3.6,3.1
South East,2020,4.7,2.9,3.9,2.2,1.1,0.0,0.0,0.0,0.0,0.0,3.1,8.7,12.3,19.8,9.5,5.5,1.4,10.8,8.5,10.4,5.3,20.1,9.9,18.1,78.5,137.2,55.0,47.7,4.9,53.0,36.9,81.8,35.2,182.4,64.4,123.6,54.7,75.6,168.9,249.8,327.5,212.7,204.5,186.1,172.1,69.4,60.3,48.6,9.3,10.2,10.9,16.7,19.2,20.8,21.8,23.6,20.2,14.4,12.3,8.2,6.5,7.0,7.0,10.9,13.1,15.8,16.8,18.8,15.1,11.1,9.1,5.5,3.8,3.8,3.2,5.1,7.1,10.9,11.8,14.1,9.9,7.9,5.9,2.8
South East,2021,15.4,10.0,3.9,11.9,1.9,0.0,0.0,0.0,0.0,0.0,5.4,3.7,17.8,11.4,7.2,2.0,16.1,9.4,13.9,7.4,6.9,11.8,4.0,13.7,108.9,54.4,37.2,10.0,93.7,90.1,80.2,52.3,46.9,137.3,14.2,82.2,34.6,68.7,116.5,222.8,166.1,188.4,206.7,137.1,150.5,98.7,74.7,29.1,6.6,8.5,11.2,12.0,15.2,20.8,22.6,20.5,21.0,16.0,10.8,9.6,3.7,5.4,7.1,6.6,10.6,16.1,17.9,16.3,16.3,12.4,7.4,7.1,0.8,2.2,3.1,1.3,6.0,11.5,13.3,12.1,11.6,8.8,3.9,4.6
South East,2022,13.8,2.5,2.2,4.3,0.0,0.0,0.0,0.0,0.0,0.0,0.0,11.8,6.4,12.0,6.4,3.7,10.5,8.5,1.4,4.0,11.3,14.9,17.4,12.1,26.1,64.6,42.7,18.5,50.7,34.1,5.7,32.0,85.7,94.2,189.8,108.3,72.7,92.0,159.7,185.9,186.8,236.5,248.2,245.3,130.5,132.9,72.4,53.8,8.5,10.6,12.3,14.7,18.2,21.0,25.1,25.5,19.5,17.6,12.8,7.4,4.8,7.1,8.1,9.5,13.3,15.5,19.0,19.5,14.9,13.6,9.8,4.1,1.2,3.6,3.9,4.2,8.5,10.0,13.0,13.6,10.3,9.6,6.9,0.9
South East,2023,10.2,9.2,4.3,2.5,0.0,0.0,0.0,0.0,0.0,0.4,3.7,4.4,13.9,1.9,20.6,12.9,6.6,4.8,12.0,12.0,7.2,15.7,16.4,18.3,99.2,7.2,130.5,78.6,38.1,32.4,89.9,68.8,64.4,161.6,130.8,120.6,70.1,86.0,63.8,159.4,232.3,280.5,170.3,184.4,170.1,114.4,79.2,21.6,8.4,10.0,10.4,13.4,17.8,23.5,21.2,21.6,22.7,17.2,11.2,10.3,5.2,6.2,7.3,8.9,12.7,17.6,16.8,16.9,17.7,13.2,8.0,7.7,2.0,2.4,4.2,4.4,7.7,11.8,12.5,12.3,12.8,9.3,4.7,5.1
South East,2024,11.2,2.4,2.1,0.1,0.0,0.0,0.0,0.0,0.0,0.1,5.6,0.8,8.3,15.3,15.5,11.8,12.2,4.6,9.7,7.7,15.7,13.3,8.5,10.7,78.8,147.4,100.7,75.7,68.4,17.8,70.9,42.4,163.8,91.7,88.5,52.7,76.5,48.9,100.7,140.5,191.9,237.7,196.4,208.8,129.8,86.4,53.6,21.6,7.8,11.1,12.0,14.0,18.2,20.2,21.9,22.8,18.9,15.7,10.8,9.4,4.7,8.2,8.5,10.0,13.7,14.7,17.0,17.9,14.7,12.1,7.9,7.0,1.7,5.2,5.0,6.1,9.2,9.3,12.1,13.1,10.6,8.4,5.0,4.6
South East,2025,12.7,6.2,9.6,0.6,0.0,0.0,0.0,0.0,0.0,0.0,5.6,3.5,10.5,10.4,2.0,3.2,5.0,7.2,9.1,4.8,11.6,10.1,15.3,12.5,117.0,64.7,6.7,23.4,21.2,35.4,57.5,30.5,77.8,96.5,87.7,96.7,58.8,69.0,196.5,253.9,259.1,268.0,233.5,222.9,176.6,79.8,77.4,66.9,7.0,8.1,12.9,16.8,19.3,22.9,24.3,23.4,19.0,15.1,12.0,9.8,3.8,5.1,7.8,10.9,13.8,17.7,19.0,17.9,14.4,11.9,8.9,6.9,0.6,2.2,2.6,5.0,8.2,12.4,13.8,12.3,9.8,8.7,5.8,4.0
South East,2026,10.0,0.9,2.2,1.4,0.7,0.0,,,,,,,18.6,19.0,6.3,2.8,6.6,11.5,,,,,,,159.0,114.4,30.4,9.4,27.2,71.8,,,,,,,67.0,49.1,154.4,244.3,244.9,238.6,,,,,,,8.0,10.3,12.6,16.2,20.1,23.0,,,,,,,4.9,7.9,8.4,10.7,14.5,18.1,,,,,,,1.8,5.4,4.3,5.3,8.8,13.1,,,,,,
South West,1836,,,,,,,,,,,,,,,,,,,,,,,,,105.8,59.5,150.4,82.9,9.8,81.4,95.5,44.8,110.6,139.4,209.1,112.4,,,,,,,,,,,,,,,,,,,,,,,,,,,,,,,,,,,,,,,,,,,,,,,,
South West,1837,,,,,,,,,,,,,,,,,,,,,,,,,101.0,125.7,33.0,50.0,36.1,55.3,70.3,99.8,84.1,111.9,106.4,97.7,,,,,,,,,,,,,,,,,,,,,,,,,,,,,,,,,,,,,,,,,,,,,,,,
South West,1838,,,,,,,,,,,,,,,,,,,,,,,,,39.1,110.3,62.8,62.7,86.3,114.3,61.4,74.7,53.9,115.5,213.3,102.4,,,,,,,,,,,,,,,,,,,,,,,,,,,,,,,,,,,,,,,,,,,,,,,,
South West,1839,,,,,,,,,,,,,,,,,,,,,,,,,85.0,76.5,82.1,60.4,38.0,139.0,186.3,90.8,161.4,149.5,180.8,138.8,,,,,,,,,,,,,,,,,,,,,,,,,,,,,,,,,,,,,,,,,,,,,,,,
South West,1840,,,,,,,,,,,,,,,,,,,,,,,,,142.1,96.7,4.2,18.2,71.1,53.1,77.4,70.6,89.2,59.2,213.3,24.9,,,,,,,,,,,,,,,,,,,,,,,,,,,,,,,,,,,,,,,,,,,,,,,,
South West,1841,,,,,,,,,,,,,,,,,,,,,,,,,104.5,75.4,107.2,69.9,89.2,73.7,78.0,127.2,203.0,157.0,189.5,162.1,,,,,,,,,,,,,,,,,,,,,,,,,,,,,,,,,,,,,,,,,,,,,,,,
South West,1842,,,,,,,,,,,,,,,,,,,,,,,,,110.1,76.8,121.6,12.9,65.1,65.5,74.2,72.0,97.2,66.2,266.6,96.4,,,,,,,,,,,,,,,,,,,,,,,,,,,,,,,,,,,,,,,,,,,,,,,,
South West,1843,,,,,,,,,,,,,,,,,,,,,,,,,122.0,81.2,50.2,114.1,114.2,110.3,59.4,106.6,23.7,197.2,131.5,35.6,,,,,,,,,,,,,,,,,,,,,,,,,,,,,,,,,,,,,,,,,,,,,,,,
South West,1844,,,,,,,,,,,,,,,,,,,,,,,,,85.1,114.1,104.2,24.7,3.3,39.1,57.8,105.6,57.7,130.2,125.1,42.2,,,,,,,,,,,,,,,,,,,,,,,,,,,,,,,,,,,,,,,,,,,,,,,,
South West,1845,,,,,,,,,,,,,,,,,,,,,,,,,103.9,57.2,37.7,63.5,42.0,83.1,90.2,114.0,123.0,56.3,139.1,123.6,,,,,,,,,,,,,,,,,,,,,,,,,,,,,,,,,,,,,,,,,,,,,,,,
South West,1846,,,,,,,,,,,,,,,,,,,,,,,,,144.2,55.1,84.5,100.7,66.8,61.9,122.2,103.8,65.6,162.3,101.2,52.1,,,,,,,,,,,,,,,,,,,,,,,,,,,,,,,,,,,,,,,,,,,,,,,,
South West,1847,,,,,,,,,,,,,,,,,,,,,,,,,96.1,64.9,89.7,67.4,88.7,70.0,57.6,60.3,77.3,205.2,90.4,172.9,,,,,,,,,,,,,,,,,,,,,,,,,,,,,,,,,,,,,,,,,,,,,,,,
South West,1848,,,,,,,,,,,,,,,,,,,,,,,,,72.7,155.0,110.8,113.3,41.3,129.3,95.9,146.6,109.3,137.2,80.4,161.6,,,,,,,,,,,,,,,,,,,,,,,,,,,,,,,,,,,,,,,,,,,,,,,,
South West,1849,,,,,,,,,,,,,,,,,,,,,,,,,105.5,66.8,35.4,93.2,97.6,29.5,82.5,65.0,120.8,109.3,88.3,125.9,,,,,,,,,,,,,,,,,,,,,,,,,,,,,,,,,,,,,,,,,,,,,,,,
South West,1850,,,,,,,,,,,,,,,,,,,,,,,,,63.8,78.7,27.9,140.0,69.3,50.9,70.7,83.3,98.3,66.1,130.0,105.3,,,,,,,,,,,,,,,,,,,,,,,,,,,,,,,,,,,,,,,,,,,,,,,,
South West,1851,,,,,,,,,,,,,,,,,,,,,,,,,222.7,51.1,149.4,53.9,43.8,71.8,110.4,74.5,28.3,115.0,60.4,64.1,,,,,,,,,,,,,,,,,,,,,,,,,,,,,,,,,,,,,,,,,,,,,,,,
South West,1852,,,,,,,,,,,,,,,,,,,,,,,,,212.8,78.0,23.3,40.5,75.3,145.7,57.8,179.4,95.2,149.1,303.4,197.4,,,,,,,,,,,,,,,,,,,,,,,,,,,,,,,,,,,,,,,,,,,,,,,,
South West,1853,,,,,,,,,,,,,,,,,,,,,,,,,134.8,64.7,46.0,81.1,57.5,110.8,118.4,95.4,75.0,139.0,100.0,53.4,,,,,,,,,,,,,,,,,,,,,,,,,,,,,,,,,,,,,,,,,,,,,,,,
South West,1854,,,,,,,,,,,,,,,,,,,,,,,,,133.4,42.2,29.1,12.4,87.2,77.2,104.8,49.7,45.9,107.5,73.2,85.0,,,,,,,,,,,,,,,,,,,,,,,,,,,,,,,,,,,,,,,,,,,,,,,,
South West,1855,,,,,,,,,,,,,,,,,,,,,,,,,12.5,57.8,78.5,20.1,80.5,116.6,101.2,64.3,39.6,167.9,29.5,76.8,,,,,,,,,,,,,,,,,,,,,,,,,,,,,,,,,,,,,,,,,,,,,,,,
South West,1856,,,,,,,,,,,,,,,,,,,,,,,,,123.9,92.3,45.5,124.1,81.8,59.3,50.8,103.2,109.7,104.3,46.7,137.0,,,,,,,,,,,,,,,,,,,,,,,,,,,,,,,,,,,,,,,,,,,,,,,,
South West,1857,,,,,,,,,,,,,,,,,,,,,,,,,113.2,67.7,108.7,117.7,65.8,59.9,86.7,58.4,83.1,139.4,57.9,54.4,,,,,,,,,,,,,,,,,,,,,,,,,,,,,,,,,,,,,,,,,,,,,,,,
South West,1858,,,,,,,,,,,,,,,,,,,,,,,,,46.1,42.7,50.0,118.7,76.1,45.9,80.2,73.0,104.2,120.0,73.8,133.0,,,,,,,,,,,,,,,,,,,,,,,,,,,,,,,,,,,,,,,,,,,,,,,,
South West,1859,,,,,,,,,,,,,,,,,,,,,,,,,91.6,73.9,102.5,101.6,40.9,50.2,65.1,124.5,161.9,129.0,130.1,134.5,,,,,,,,,,,,,,,,,,,,,,,,,,,,,,,,,,,,,,,,,,,,,,,,
South West,1860,,,,,,,,,,,,,,,,,,,,,,,,,160.0,51.4,104.7,58.6,103.9,211.3,70.3,203.1,87.5,103.6,99.6,149.5,,,,,,,,,,,,,,,,,,,,,,,,,,,,,,,,,,,,,,,,,,,,,,,,
South West,1861,,,,,,,,,,,,,,,,,,,,,,,,,47.3,108.7,106.8,22.0,38.9,92.7,153.6,79.9,109.7,80.2,168.9,93.8,,,,,,,,,,,,,,,,,,,,,,,,,,,,,,,,,,,,,,,,,,,,,,,,
South West,1862,,,,,,,,,,,,,,,,,,,,,,,,,111.4,32.4,133.7,97.4,88.3,103.9,93.5,82.2,104.5,185.0,50.8,110.8,,,,,,,,,,,,,,,,,,,,,,,,,,,,,,,,,,,,,,,,,,,,,,,,
South West,1863,,,,,,,,,,,,,,,,,,,,,,,,,136.4,41.5,57.1,48.9,55.1,123.8,34.5,124.8,144.4,178.6,113.4,80.1,,,,,,,,,,,,,,,,,,,,,,,,,,,,,,,,,,,,,,,,,,,,,,,,
South West,1864,,,,,,,,,,,,,,,,,,,,,,,,,84.5,57.6,81.0,39.3,37.5,62.8,32.7,47.2,123.7,75.7,123.1,90.5,,,,,,,,,,,,,,,,,,,,,,,,,,,,,,,,,,,,,,,,,,,,,,,,
South West,1865,,,,,,,,,,,,,,,,,,,,,,,,,139.9,107.1,62.5,30.1,104.7,46.7,92.2,149.5,7.4,191.9,147.9,107.1,,,,,,,,,,,,,,,,,,,,,,,,,,,,,,,,,,,,,,,,,,,,,,,,
South West,1866,,,,,,,,,,,,,,,,,,,,,,,,,183.6,135.4,104.8,57.4,45.8,81.2,49.2,114.0,246.2,69.2,93.1,120.7,,,,,,,,,,,,,,,,,,,,,,,,,,,,,,,,,,,,,,,,,,,,,,,,
South West,1867,,,,,,,,,,,,,,,,,,,,,,,,,165.2,98.3,124.3,110.9,95.3,30.7,114.9,52.5,74.6,158.5,38.0,81.2,,,,,,,,,,,,,,,,,,,,,,,,,,,,,,,,,,,,,,,,,,,,,,,,
South West,1868,,,,,,,,,,,,,,,,,,,,,,,,,146.3,69.1,91.6,78.9,56.0,19.1,28.0,137.1,119.1,124.7,97.2,250.6,,,,,,,,,,,,,,,,,,,,,,,,,,,,,,,,,,,,,,,,,,,,,,,,
South West,1869,,,,,,,,,,,,,,,,,,,,,,,,,174.5,132.7,61.6,51.0,137.1,21.6,29.7,37.3,176.0,86.6,101.2,152.7,,,,,,,,,,,,,,,,,,,,,,,,,,,,,,,,,,,,,,,,,,,,,,,,
South West,1870,,,,,,,,,,,,,,,,,,,,,,,,,91.6,100.0,68.7,16.5,60.5,17.7,47.6,62.9,62.6,207.3,113.9,69.9,,,,,,,,,,,,,,,,,,,,,,,,,,,,,,,,,,,,,,,,,,,,,,,,
South West,1871,,,,,,,,,,,,,,,,,,,,,,,,,108.0,81.2,60.3,133.3,19.5,68.0,151.9,64.3,159.1,149.1,44.1,97.1,,,,,,,,,,,,,,,,,,,,,,,,,,,,,,,,,,,,,,,,,,,,,,,,
South West,1872,,,,,,,,,,,,,,,,,,,,,,,,,222.1,153.8,118.5,79.7,60.5,126.8,120.6,74.8,121.0,190.4,206.1,207.1,,,,,,,,,,,,,,,,,,,,,,,,,,,,,,,,,,,,,,,,,,,,,,,,
South West,1873,,,,,,,,,,,,,,,,,,,,,,,,,186.0,69.6,112.2,26.2,60.2,54.2,100.7,144.2,81.5,104.4,99.0,38.7,,,,,,,,,,,,,,,,,,,,,,,,,,,,,,,,,,,,,,,,,,,,,,,,
South West,1874,,,,,,,,,,,,,,,,,,,,,,,,,138.2,100.8,61.6,66.8,25.4,45.5,54.0,133.7,162.8,157.1,101.4,146.3,,,,,,,,,,,,,,,,,,,,,,,,,,,,,,,,,,,,,,,,,,,,,,,,
South West,1875,,,,,,,,,,,,,,,,,,,,,,,,,194.9,63.5,44.7,59.2,80.1,103.6,135.2,100.1,132.8,199.8,182.9,60.9,,,,,,,,,,,,,,,,,,,,,,,,,,,,,,,,,,,,,,,,,,,,,,,,
South West,1876,,,,,,,,,,,,,,,,,,,,,,,,,61.7,137.8,123.9,94.1,11.7,50.0,45.8,123.4,178.5,133.6,138.0,261.6,,,,,,,,,,,,,,,,,,,,,,,,,,,,,,,,,,,,,,,,,,,,,,,,
South West,1877,,,,,,,,,,,,,,,,,,,,,,,,,208.8,92.6,87.9,115.7,99.6,60.7,126.1,158.1,87.0,116.2,218.9,93.2,,,,,,,,,,,,,,,,,,,,,,,,,,,,,,,,,,,,,,,,,,,,,,,,
South West,1878,,,,,,,,,,,,,,,,,,,,,,,,,78.3,68.0,57.5,94.9,149.4,91.3,56.5,168.9,87.5,162.8,119.3,93.5,,,,,,,,,,,,,,,,,,,,,,,,,,,,,,,,,,,,,,,,,,,,,,,,
South West,1879,,,,,,,,,,,,,,,,,,,,,,,,,117.9,146.7,43.0,74.8,81.0,190.0,125.1,192.6,124.7,53.1,20.6,58.4,,,,,,,,,,,,,,,,,,,,,,,,,,,,,,,,,,,,,,,,,,,,,,,,
South West,1880,,,,,,,,,,,,,,,,,,,,,,,,,26.6,133.0,64.4,68.3,45.4,76.0,158.6,25.8,107.5,167.2,128.7,161.6,,,,,,,,,,,,,,,,,,,,,,,,,,,,,,,,,,,,,,,,,,,,,,,,
South West,1881,,,,,,,,,,,,,,,,,,,,,,,,,52.4,138.4,106.8,40.7,57.0,101.1,71.4,154.7,64.6,91.2,163.7,130.5,,,,,,,,,,,,,,,,,,,,,,,,,,,,,,,,,,,,,,,,,,,,,,,,
South West,1882,,,,,,,,,,,,,,,,,,,,,,,,,99.3,94.6,66.4,148.4,58.8,121.9,157.9,122.3,108.7,193.9,174.8,166.5,,,,,,,,,,,,,,,,,,,,,,,,,,,,,,,,,,,,,,,,,,,,,,,,
South West,1883,,,,,,,,,,,,,,,,,,,,,,,,,141.5,170.8,43.1,37.7,56.5,101.1,105.6,53.4,166.0,126.2,161.9,58.6,,,,,,,,,,,,,,,,,,,,,,,,,,,,,,,,,,,,,,,,,,,,,,,,
South West,1884,,,,,,,,,,,,,,,,,,,,,,,,,150.4,132.6,108.6,55.8,51.7,60.1,105.2,63.9,80.9,59.0,71.5,156.9,,,,,,,,,,,,,8.7,7.7,8.8,10.3,15.0,17.9,18.7,20.8,17.8,12.8,8.8,7.3,6.5,5.3,5.9,6.6,10.5,13.3,15.1,16.1,14.1,9.5,6.0,4.9,4.4,2.9,2.9,2.6,6.1,8.8,11.5,11.4,10.5,6.1,3.2,2.5
South West,1885,,,,,,,,,,,,,,,,,,,,,,,,,102.3,144.7,52.2,93.2,88.7,69.3,28.2,63.9,174.4,173.2,134.0,56.8,,,,,,,,,,,,,5.7,8.8,8.2,11.1,12.4,18.0,20.3,18.7,16.1,10.9,8.8,6.6,3.4,6.0,4.6,7.0,8.3,13.4,15.3,13.8,12.0,7.6,6.5,3.6,1.1,3.2,0.9,2.6,4.4,9.0,10.4,9.0,7.9,4.3,4.2,0.8
South West,1886,,,,,,,,,,,,,,,,,,,,,,,,,152.7,40.1,123.3,74.5,119.6,32.8,103.7,58.4,106.6,193.8,131.5,182.3,,,,,,,,,,,,,5.1,4.5,6.8,11.8,14.7,18.0,19.8,19.6,17.2,13.9,9.6,6.3,2.2,1.7,3.7,7.7,10.3,13.3,15.5,15.4,13.3,11.0,6.8,3.0,-0.7,-1.0,0.6,3.4,6.0,8.8,11.1,11.2,9.6,8.2,4.1,-0.3
South West,1887,,,,,,,,,,,,,,,,,,,,,,,,,100.9,29.4,56.2,39.5,54.5,14.6,53.5,57.4,108.6,93.4,115.4,103.3,,,,,,,,,,,,,5.9,7.0,7.3,10.7,13.6,21.2,21.7,20.8,15.5,11.3,7.4,6.3,3.0,3.8,3.6,5.9,9.5,15.4,16.5,15.2,11.5,7.2,4.6,3.3,0.0,0.6,-0.2,0.9,5.6,9.6,11.3,9.7,7.6,3.2,1.8,0.3
South West,1888,,,,,,,,,,,,,,,,,,,,,,,,,53.4,29.9,121.0,54.5,51.9,93.0,181.2,103.2,36.8,66.6,223.3,133.6,,,,,,,,,,,,,5.9,4.1,6.4,9.6,15.0,17.3,17.1,17.7,16.7,12.6,10.4,8.3,3.2,1.5,3.1,6.2,10.2,13.0,13.6,13.8,12.2,8.5,8.0,5.4,0.5,-0.9,-0.1,2.5,5.6,8.9,10.2,10.1,7.7,4.5,5.7,2.5
South West,1889,,,,,,,,,,,,,,,,,,,,,,,,,49.3,78.6,100.7,81.2,82.2,19.4,98.0,104.7,56.7,137.8,65.5,84.7,,,,,,,,,,,,,6.3,6.3,8.1,10.6,15.8,19.8,19.1,18.1,17.0,12.1,9.9,6.8,3.6,3.3,4.6,7.0,11.6,14.8,14.8,14.2,12.8,8.6,7.3,3.8,1.0,0.4,1.2,3.2,7.5,9.9,10.6,10.3,8.7,5.1,4.8,0.8
South West,1890,,,,,,,,,,,,,,,,,,,,,,,,,167.1,33.7,60.4,70.1,73.7,88.8,104.4,104.1,51.0,75.4,142.1,63.0,,,,,,,,,,,,,9.0,6.3,9.3,11.4,15.7,17.1,17.7,18.1,18.5,13.7,9.2,2.3,6.1,3.3,5.9,7.4,11.4,13.2,14.0,14.2,14.1,9.8,6.3,0.0,3.1,0.4,2.4,3.2,7.1,9.4,10.3,10.4,9.8,6.0,3.3,-2.2
South West,1891,,,,,,,,,,,,,12.9,0.2,12.3,9.2,16.8,11.4,14.8,20.9,15.5,21.7,15.4,19.6,101.9,4.4,67.6,61.9,95.0,69.4,80.2,198.5,92.8,255.9,126.7,185.5,,,,,,,,,,,,,5.0,9.1,7.2,10.4,13.8,18.8,18.3,17.2,17.6,12.7,8.9,8.1,1.8,4.7,4.0,6.5,9.3,14.3,14.3,13.7,13.7,9.4,5.9,5.2,-1.4,0.5,0.7,2.4,4.8,9.9,10.3,10.3,9.9,6.1,2.9,2.3
South West,1892,,,,,,,,,,,,,14.6,14.3,5.8,7.0,8.9,9.7,8.6,13.8,12.1,17.5,16.2,11.6,74.0,76.7,31.2,39.5,44.7,59.9,67.2,113.9,96.3,129.9,101.7,67.3,,,,,,,,,,,,,5.3,6.7,6.8,13.1,15.3,17.4,18.4,18.5,15.8,10.7,10.0,6.1,2.5,4.0,2.9,7.8,10.8,12.8,14.3,14.8,12.0,7.1,7.1,3.3,-0.3,1.2,-0.9,2.2,6.4,8.2,10.2,11.2,8.3,3.5,4.2,0.5
South West,1893,,,,,,,,,,,,,13.4,21.4,4.5,2.1,7.8,7.9,15.4,10.3,12.4,17.7,11.0,14.7,79.8,154.1,17.2,7.5,54.8,39.0,124.1,67.4,74.6,128.5,80.5,145.5,,,,,,,,,,,,,5.1,7.9,12.4,16.7,17.9,20.7,20.0,21.2,17.3,13.6,8.3,8.1,2.5,5.1,7.5,10.8,12.9,15.2,16.1,16.8,12.9,9.9,5.4,5.0,-0.1,2.3,2.6,4.7,8.1,9.8,12.1,12.4,8.5,6.1,2.5,1.8
South West,1894,,,,,,,,,,,,,22.0,14.9,10.9,15.3,15.0,13.3,18.1,15.4,9.4,13.9,16.3,16.3,128.2,102.7,84.1,70.7,85.4,65.8,129.0,109.6,65.0,154.8,194.0,107.1,,,,,,,,,,,,,6.4,8.3,10.9,13.9,13.2,17.6,19.0,17.8,16.1,13.1,10.4,8.3,3.6,5.2,6.6,9.5,9.1,13.2,15.0,14.1,11.7,9.7,7.7,5.8,0.8,2.3,2.2,4.9,5.1,9.2,11.2,10.7,7.4,6.3,5.0,3.2
South West,1895,,,,,,,,,,,,,18.3,1.6,14.7,10.5,4.0,6.9,13.5,15.7,6.1,16.6,20.0,20.9,132.0,5.3,101.9,74.5,15.5,36.0,115.9,106.7,27.3,136.2,185.0,128.2,,,,,,,,,,,,,3.5,1.6,8.8,11.8,17.8,20.3,18.9,19.0,20.8,11.4,10.9,7.4,0.7,-1.9,5.1,8.0,11.7,14.3,14.8,14.8,15.4,7.5,8.1,4.7,-2.2,-5.4,1.4,4.0,6.1,8.6,10.9,11.0,10.1,3.7,5.3,2.1
South West,1896,,,,,,,,,,,,,7.8,4.9,21.3,8.0,1.6,11.3,10.1,12.8,23.6,17.3,6.6,21.2,40.5,26.6,125.8,26.2,3.8,56.1,62.9,71.1,198.2,127.4,38.1,208.4,,,,,,,,,,,,,7.3,8.1,10.3,13.5,18.2,20.8,21.0,18.5,16.2,10.7,7.5,6.9,4.8,4.7,7.1,9.1,12.2,15.5,16.0,14.3,12.9,7.0,4.1,4.1,2.3,1.4,3.8,4.8,6.4,10.7,11.2,10.2,9.8,3.3,0.6,1.4
South West,1897,,,,,,,,,,,,,12.8,14.0,18.9,19.1,10.2,9.5,7.0,21.4,13.0,7.7,9.9,17.8,72.0,120.5,146.2,114.4,45.3,76.8,52.6,151.6,129.4,52.6,84.7,198.0,,,,,,,,,,,,,4.4,8.7,9.6,10.8,14.9,19.7,21.3,19.7,16.0,14.2,10.7,8.5,2.0,6.4,6.5,7.4,10.0,15.0,16.5,15.5,12.0,10.7,7.7,5.5,-0.4,4.2,3.4,3.8,5.4,10.6,11.9,11.7,8.1,7.2,4.6,2.6
South West,1898,,,,,,,,,,,,,7.6,15.4,9.5,10.3,19.1,10.8,4.0,12.9,5.5,19.4,14.0,16.0,52.1,72.5,41.2,65.7,111.1,64.1,22.6,101.2,44.5,175.9,117.0,149.4,,,,,,,,,,,,,8.7,8.0,7.8,12.4,14.0,18.0,20.6,20.4,19.9,14.4,10.4,10.1,6.4,4.8,4.1,8.1,10.2,13.2,15.4,16.1,14.8,11.3,7.5,7.5,4.1,1.7,0.4,3.7,6.4,8.8,10.5,11.9,9.9,8.2,4.5,5.0
South West,1899,,,,,,,,,,,,,20.1,12.4,7.1,17.3,11.8,5.0,6.7,8.9,16.0,9.4,9.3,17.0,191.0,123.3,40.4,110.4,75.1,40.5,39.7,51.6,86.7,101.5,103.3,103.6,,,,,,,,,,,,,8.0,9.0,10.0,11.3,14.4,21.0,21.4,23.8,17.9,14.2,11.3,6.2,5.2,5.6,5.4,7.8,10.0,15.2,16.5,18.0,13.8,10.0,8.6,3.2,2.5,2.3,0.8,4.2,5.9,9.8,11.9,12.5,9.7,5.9,5.8,0.2
South West,1900,,,,,,,,,,,,,21.6,17.9,8.6,10.7,10.1,15.7,8.1,14.4,8.0,16.7,19.8,22.1,153.2,163.9,43.4,52.1,69.2,94.1,44.0,105.0,48.8,132.0,135.3,192.9,,,,,,,,,,,,,7.5,6.1,6.8,12.4,14.2,17.9,21.6,19.5,18.3,13.6,9.8,9.9,5.0,3.2,3.4,8.0,9.6,13.6,16.6,14.9,13.3,9.9,6.9,7.1,2.5,0.1,0.0,3.4,5.2,9.4,11.6,10.5,8.4,6.3,3.9,4.4
South West,1901,,,,,,,,,,,,,16.5,6.8,13.2,14.8,6.8,8.6,8.5,10.7,14.4,16.3,7.3,21.2,95.4,45.2,97.1,107.3,33.3,70.1,54.9,85.7,94.1,90.4,46.1,190.3,,,,,,,,,,,,,6.4,5.2,7.3,12.5,16.9,17.8,22.1,19.6,17.2,13.4,8.5,6.9,3.7,2.3,4.1,8.1,11.5,13.3,17.0,15.3,13.5,9.8,5.1,4.0,1.1,-0.5,0.7,3.6,6.3,9.0,12.2,11.1,9.9,6.3,1.6,1.2
South West,1902,,,,,,,,,,,,,12.5,8.5,13.1,10.1,15.3,15.4,8.5,16.9,11.7,14.8,15.8,12.5,64.8,50.9,78.1,59.1,67.2,89.9,64.8,86.4,72.6,101.4,132.4,102.1,,,,,,,,,,,,,7.4,4.8,10.2,11.5,12.7,16.9,18.8,18.6,17.0,12.9,9.7,7.2,5.1,1.9,6.9,7.2,8.7,13.0,14.3,14.4,12.7,9.7,7.1,4.7,2.8,-1.0,3.5,2.6,4.7,9.3,9.8,10.4,8.4,6.6,4.3,2.3
South West,1903,,,,,,,,,,,,,17.7,12.8,22.7,9.7,14.4,8.8,14.9,18.5,14.8,29.0,14.4,16.3,143.7,83.1,170.2,67.6,88.3,62.5,98.3,152.3,124.6,284.1,83.3,128.7,,,,,,,,,,,,,7.0,9.2,9.8,10.4,14.8,16.3,18.4,17.3,16.3,13.5,9.6,6.2,4.7,6.6,6.8,6.6,10.7,12.2,14.5,13.7,12.7,10.7,6.9,3.9,2.3,4.0,3.8,2.5,6.6,8.2,10.5,10.2,9.1,7.9,4.2,1.5
South West,1904,,,,,,,,,,,,,20.8,21.5,10.8,12.1,14.9,7.5,13.8,15.0,10.6,9.3,11.0,17.1,157.9,163.6,61.5,60.7,79.2,42.9,106.0,92.4,77.2,69.1,82.5,108.7,,,,,,,,,,,,,7.1,6.4,7.5,11.5,13.9,17.0,20.1,18.5,16.5,13.2,9.1,7.9,4.5,4.0,4.4,8.2,10.0,12.7,16.1,14.5,12.4,10.1,5.8,5.4,2.0,1.6,1.3,4.8,6.2,8.4,12.0,10.6,8.4,6.9,2.5,2.8
South West,1905,,,,,,,,,,,,,9.2,10.2,19.4,17.0,3.9,13.9,7.6,18.7,9.7,11.4,18.1,9.3,52.6,44.4,159.0,97.0,17.8,82.1,37.9,144.5,57.0,71.5,136.7,43.8,,,,,,,,,,,,,6.7,7.7,9.9,10.7,15.0,18.1,20.4,18.1,15.7,11.4,8.3,7.7,4.0,5.4,6.6,7.7,10.4,13.9,16.2,14.2,12.0,7.6,5.0,5.3,1.4,3.0,3.4,4.6,5.6,10.0,12.1,10.5,8.4,3.7,1.8,2.8
South West,1906,,,,,,,,,,,,,21.2,17.7,10.5,9.1,17.0,7.7,9.3,13.6,5.1,22.8,15.5,15.8,194.6,114.1,69.1,35.8,102.6,59.9,37.6,89.7,32.5,181.0,112.9,95.1,,,,,,,,,,,,,8.4,6.8,8.4,11.9,13.4,17.8,19.1,20.0,18.2,13.9,10.0,6.7,5.7,3.7,5.0,7.0,9.8,13.4,14.7,16.1,13.4,10.8,7.1,4.0,2.9,0.6,1.6,2.0,6.2,9.0,10.4,12.3,8.7,7.6,4.2,1.4
South West,1907,,,,,,,,,,,,,12.2,10.7,9.8,18.5,16.2,20.0,13.6,15.5,6.5,25.5,14.9,20.8,60.5,57.8,41.4,121.2,87.5,104.5,71.6,90.7,29.3,211.9,103.6,154.7,,,,,,,,,,,,,6.4,5.9,10.5,10.9,13.9,15.0,18.2,17.7,18.4,12.9,10.0,7.6,3.9,2.8,6.2,7.1,10.0,11.7,14.1,14.1,13.8,9.7,7.1,5.3,1.5,-0.4,1.8,3.3,6.2,8.5,10.1,10.6,9.4,6.5,4.2,3.0
South West,1908,,,,,,,,,,,,,10.8,13.7,18.4,11.8,13.3,5.7,10.4,12.8,16.5,10.1,10.4,21.5,65.3,70.7,116.5,73.0,68.2,29.3,93.6,130.5,90.1,71.4,64.2,127.2,,,,,,,,,,,,,5.9,8.1,7.7,10.1,15.4,18.6,19.5,18.8,16.0,15.6,11.0,7.9,3.1,5.5,4.4,6.2,11.5,13.7,15.3,14.6,12.6,12.2,8.1,5.5,0.2,3.0,1.1,2.3,7.7,9.0,11.1,10.4,9.1,8.7,5.2,3.1
South West,1909,,,,,,,,,,,,,13.0,3.7,21.1,13.7,5.9,12.5,14.7,10.1,11.3,23.3,9.3,20.2,62.5,19.9,132.8,84.0,43.0,77.5,89.7,61.3,83.2,212.9,47.6,182.0,,,,,,,,,,,,,6.7,6.6,6.7,12.5,15.7,15.8,17.7,20.1,15.9,13.4,8.3,7.2,4.0,3.4,3.5,8.4,10.5,11.8,14.2,15.4,12.1,10.5,5.1,4.4,1.4,0.2,0.4,4.3,5.4,7.8,10.7,10.7,8.3,7.6,2.0,1.7
South West,1910,,,,,,,,,,,,,18.5,24.1,7.1,16.7,15.1,14.4,14.5,18.6,2.5,15.0,20.5,22.5,134.1,159.2,35.6,83.6,68.8,105.1,97.0,155.3,10.2,146.8,163.0,208.0,52.7,87.8,157.7,137.6,212.3,177.6,158.5,147.0,145.3,74.9,74.2,34.9,6.7,8.1,9.6,10.4,15.3,17.7,17.8,18.0,16.7,13.5,8.0,8.8,4.1,5.5,6.0,6.9,10.9,13.8,14.0,14.6,12.6,10.6,4.7,6.4,1.5,2.8,2.4,3.3,6.8,9.8,10.3,11.1,8.5,7.7,1.5,4.1
South West,1911,,,,,,,,,,,,,8.6,14.1,12.8,10.8,6.9,11.4,2.6,10.2,10.5,14.9,20.4,26.0,46.9,82.5,74.6,68.1,45.0,82.0,15.5,75.0,73.0,116.4,156.9,275.9,61.4,65.6,100.7,149.5,223.5,219.9,315.7,224.3,183.3,103.7,70.7,51.6,6.3,7.4,8.2,10.4,17.1,18.5,22.6,22.3,18.8,13.4,9.0,9.2,3.8,4.7,5.1,6.9,12.3,14.1,17.3,17.7,14.0,10.1,6.1,6.7,1.4,2.0,2.0,3.2,7.7,9.6,12.1,13.1,9.4,6.7,3.1,4.2
South West,1912,,,,,,,,,,,,,16.9,18.5,23.3,2.9,10.3,19.5,15.3,24.4,4.3,14.9,11.8,23.7,133.8,99.2,189.9,9.9,48.9,151.5,99.4,246.4,31.8,147.3,93.5,183.7,44.7,55.5,86.8,204.0,150.2,163.8,139.1,83.1,133.2,107.8,43.1,28.5,6.9,8.3,10.1,13.2,15.4,16.7,19.2,15.8,14.8,12.4,9.2,9.8,4.3,5.5,7.2,8.8,11.4,12.9,15.5,12.4,11.3,8.5,6.7,7.2,1.6,2.6,4.3,4.3,7.4,9.1,11.8,9.0,7.6,4.4,4.0,4.5
South West,1913,,,,,,,,,,,,,22.9,8.7,20.2,16.9,16.4,8.6,6.4,9.2,12.0,16.5,20.9,13.9,191.9,52.2,155.8,145.7,90.5,53.1,22.2,47.5,93.0,129.3,152.1,84.2,36.6,70.9,103.6,105.6,181.2,198.8,164.2,159.9,105.8,100.8,64.3,46.6,7.8,7.7,9.5,11.0,14.8,17.2,18.7,19.8,17.3,14.5,11.4,7.6,5.2,4.7,6.1,7.6,10.8,13.1,14.8,15.5,13.8,11.3,8.5,5.4,2.5,1.6,2.7,4.2,6.7,8.7,10.6,11.0,10.2,8.0,5.4,3.2
South West,1914,,,,,,,,,,,,,11.5,17.1,25.2,9.6,12.1,8.9,16.7,13.0,9.8,12.7,17.9,23.7,58.4,141.9,181.0,49.7,59.1,57.0,136.1,99.5,70.0,82.5,139.3,246.4,32.0,61.1,97.0,229.2,186.1,230.1,160.7,191.5,186.0,86.7,58.4,55.9,5.9,9.4,9.4,14.0,14.9,18.7,18.9,19.7,17.8,13.7,9.8,7.9,3.4,6.5,6.3,9.5,10.5,14.0,15.1,15.6,13.4,10.3,6.7,5.0,0.8,3.7,3.1,4.8,6.2,9.1,11.1,11.3,8.9,6.8,3.4,2.0
South West,1915,,,,,,,,,,,,,18.8,21.2,6.7,10.8,10.3,9.0,16.2,13.0,9.1,14.0,9.4,24.3,126.5,198.3,30.8,46.7,74.0,51.0,129.8,68.7,42.4,128.2,88.8,255.2,50.9,77.8,113.9,140.2,217.6,195.4,183.8,170.3,170.4,72.3,94.5,31.6,6.5,7.2,8.4,11.6,16.0,18.2,17.8,18.9,17.7,12.8,7.0,8.8,4.3,4.2,5.0,7.7,11.2,13.6,13.9,14.9,13.2,9.4,3.5,6.1,1.9,1.1,1.5,3.6,6.4,8.8,10.1,10.8,8.6,5.8,-0.1,3.3
South West,1916,,,,,,,,,,,,,15.1,23.5,16.2,10.9,14.8,14.1,7.5,13.5,9.8,24.1,18.0,15.8,78.4,175.1,94.2,53.1,78.1,69.9,44.2,114.8,77.6,222.3,142.8,112.2,40.8,65.6,82.7,204.2,165.6,170.2,212.2,179.7,114.3,71.3,46.1,55.2,9.6,6.6,6.6,12.1,14.9,15.3,19.3,20.3,16.9,13.8,9.4,5.5,7.4,3.9,3.5,7.8,10.7,11.2,14.8,16.0,13.2,11.1,6.5,2.4,5.2,1.3,0.4,3.4,6.6,7.2,10.3,11.4,9.4,8.3,3.6,-0.6
South West,1917,,,,,,,,,,,,,7.7,7.9,16.5,12.5,9.9,13.0,10.3,22.3,10.9,24.3,14.8,8.0,48.1,39.6,91.9,59.8,75.3,92.8,76.7,219.4,69.7,178.8,76.1,37.3,44.6,72.5,107.2,177.5,185.9,212.6,194.8,140.6,119.9,109.0,42.6,64.8,3.3,4.5,7.1,9.5,16.9,18.4,19.5,17.9,17.1,11.7,10.5,5.5,1.3,1.3,3.7,5.5,11.9,13.8,15.3,14.7,13.5,8.1,8.0,2.7,-0.5,-1.8,0.3,1.3,7.0,9.4,11.0,11.3,9.9,4.5,5.6,0.0
South West,1918,,,,,,,,,,,,,14.6,15.9,9.1,11.9,9.0,7.1,17.5,10.4,25.7,17.4,14.3,24.9,133.0,83.4,59.5,59.7,49.8,41.1,132.4,77.9,231.9,92.3,103.8,184.4,58.2,47.2,126.8,146.8,224.8,241.4,227.5,159.6,125.4,82.9,75.7,39.3,6.9,8.9,9.6,10.9,16.9,17.7,19.3,19.1,15.3,12.3,9.4,9.8,4.2,6.6,5.9,7.0,12.0,12.8,15.0,15.3,12.1,9.2,6.4,7.5,1.7,4.4,2.2,3.0,7.3,8.0,10.7,11.3,8.8,6.2,3.3,5.1
South West,1919,,,,,,,,,,,,,21.5,12.0,18.6,13.8,7.3,7.8,8.9,11.4,11.7,9.9,14.4,25.0,166.0,110.8,157.0,70.9,31.9,45.4,46.2,92.4,65.0,59.2,92.0,208.3,57.3,63.5,109.9,155.8,191.4,215.9,193.4,216.5,138.8,140.4,55.5,43.8,6.1,5.2,7.2,10.7,16.7,17.7,18.4,20.1,16.7,12.1,6.4,8.8,3.5,2.7,4.0,6.7,12.3,13.3,14.1,15.7,12.7,8.1,3.5,6.2,1.0,0.1,0.8,2.7,7.9,8.8,9.7,11.3,8.5,4.0,0.6,3.5
South West,1920,,,,,,,,,,,,,22.0,11.7,18.1,23.0,13.0,13.6,22.5,8.0,10.1,13.1,10.3,15.3,176.3,49.2,133.5,159.1,77.7,82.4,159.1,58.0,89.2,123.8,70.6,131.8,50.4,69.6,111.1,91.6,183.5,185.4,130.4,145.1,118.0,102.0,60.5,49.8,8.3,9.0,10.2,11.0,15.0,17.8,16.8,17.2,16.8,14.2,10.5,7.1,5.4,6.3,6.6,8.1,11.1,13.7,13.6,13.5,12.8,11.0,7.3,4.5,2.6,3.5,3.0,5.1,7.2,9.5,10.4,9.6,8.6,7.6,4.0,2.0
South West,1921,,,,,,,,,,,,,22.5,2.0,18.6,7.2,13.0,1.8,8.3,15.5,6.6,8.2,14.2,17.7,140.1,8.2,101.6,29.9,58.8,9.8,44.4,104.8,48.4,50.6,97.5,91.4,28.8,74.5,105.0,224.2,230.6,255.2,248.1,153.3,161.9,134.2,53.9,38.1,9.5,7.9,10.1,12.9,15.5,19.9,23.0,18.8,18.8,17.1,9.4,9.3,7.3,5.0,6.9,8.1,10.9,14.6,17.8,14.9,14.1,12.9,6.6,6.7,5.2,1.9,3.6,3.3,6.2,9.2,12.5,10.9,9.4,8.5,3.8,4.1
South West,1922,,,,,,,,,,,,,21.4,17.3,14.1,16.9,7.2,9.5,17.1,15.6,11.3,5.3,10.2,18.7,141.5,133.6,106.9,101.4,36.8,38.6,131.4,110.1,93.6,43.3,63.5,171.5,45.3,71.4,120.1,171.9,237.1,211.3,165.2,118.3,117.1,120.2,62.4,37.0,7.6,8.0,7.9,9.6,16.7,17.7,16.6,16.5,15.8,11.7,9.3,8.3,4.8,5.2,4.9,5.7,11.9,13.3,13.1,13.1,12.3,8.4,6.0,6.0,1.9,2.4,1.8,1.7,7.0,8.9,9.6,9.6,8.7,4.9,2.8,3.8
South West,1923,,,,,,,,,,,,,14.2,23.1,10.8,16.2,16.6,4.2,12.1,14.6,14.8,23.8,15.0,19.2,85.6,248.0,53.5,90.4,71.7,23.0,67.5,101.6,105.9,195.4,109.2,126.1,51.4,63.9,103.1,121.0,184.9,160.1,165.2,204.4,147.6,91.3,98.1,52.4,8.1,8.8,9.7,11.1,13.1,16.2,20.4,18.7,15.9,12.8,6.9,7.8,5.5,6.4,6.6,7.6,9.4,12.4,16.5,14.8,12.1,9.9,3.7,4.9,2.9,4.0,3.5,4.2,5.7,8.6,12.6,10.9,8.3,7.0,0.5,2.2
South West,1924,,,,,,,,,,,,,18.9,6.8,8.3,12.4,19.7,11.5,15.0,20.8,19.2,17.5,10.5,18.2,146.5,28.7,56.3,102.7,121.1,75.9,140.4,138.8,157.8,174.2,105.2,190.6,47.6,72.4,157.0,151.8,153.7,156.7,195.1,141.3,108.8,76.5,57.5,45.0,7.7,6.2,8.7,10.9,14.3,16.8,18.1,17.1,15.9,13.2,9.7,9.5,5.4,3.4,4.8,6.9,10.7,13.1,14.3,13.7,12.9,10.3,7.0,7.1,3.1,0.5,0.8,2.8,7.2,9.5,10.6,10.2,9.8,7.4,4.4,4.7
South West,1925,,,,,,,,,,,,,16.4,21.7,8.2,15.8,19.9,0.4,14.2,15.4,14.2,13.9,10.9,18.5,127.3,181.9,28.6,86.3,130.9,1.7,93.7,115.6,113.9,146.6,93.2,132.5,35.3,75.7,113.1,169.1,153.3,317.4,184.0,153.8,140.6,99.1,89.0,55.3,8.4,8.2,8.4,11.0,13.9,20.1,19.9,18.8,15.3,14.3,7.3,6.4,5.9,5.4,5.0,7.3,10.4,14.6,15.7,15.2,11.6,10.8,4.2,3.9,3.5,2.5,1.6,3.5,6.9,9.0,11.5,11.4,7.8,7.3,1.2,1.4
South West,1926,,,,,,,,,,,,,22.4,15.7,6.7,13.4,13.6,10.0,11.5,14.5,10.9,14.7,24.5,6.8,173.3,94.6,27.3,70.7,62.6,75.0,81.4,89.3,46.6,106.7,251.1,23.1,42.7,41.9,85.5,143.3,171.8,224.5,180.9,177.6,107.0,94.6,56.5,50.5,7.7,9.3,9.4,12.6,14.0,17.0,20.4,19.9,18.2,12.0,9.4,7.0,5.2,7.0,6.3,8.6,9.9,12.7,16.4,16.0,14.6,8.5,6.3,4.4,2.7,4.7,3.3,4.7,5.9,8.3,12.4,12.0,11.1,5.1,3.1,1.8
South West,1927,,,,,,,,,,,,,21.8,13.4,19.5,10.7,7.3,15.3,19.5,19.5,20.6,12.0,16.4,12.0,153.6,105.8,124.1,60.9,37.1,101.1,123.7,154.3,176.9,96.3,121.7,101.3,46.4,61.0,115.2,155.7,195.9,182.1,129.7,164.5,104.7,107.8,59.6,24.0,7.5,7.3,10.0,11.2,16.0,16.3,18.6,18.6,15.5,14.0,9.3,4.9,5.0,4.4,7.0,7.7,11.4,12.3,15.2,15.0,12.3,10.6,6.5,2.9,2.5,1.5,4.1,4.0,7.0,8.3,11.9,11.4,9.2,7.1,3.8,0.9
South West,1928,,,,,,,,,,,,,23.5,14.0,18.0,11.1,7.6,16.0,9.3,14.7,7.1,22.6,19.8,17.5,221.1,118.8,116.8,49.2,30.1,101.0,67.8,99.6,47.3,207.2,171.2,134.1,59.8,83.5,89.9,148.0,176.8,177.1,229.9,177.9,185.0,107.9,56.1,41.5,8.6,9.0,9.0,12.0,15.5,16.6,19.7,18.6,17.2,13.8,10.8,7.3,5.5,6.2,5.9,8.1,11.0,12.7,15.3,14.8,12.6,10.6,8.0,4.2,2.6,3.4,2.9,4.1,6.5,8.9,11.0,10.9,8.1,7.3,5.3,1.2
South West,1929,,,,,,,,,,,,,7.8,9.9,3.0,6.6,11.9,10.6,9.1,13.6,4.3,17.5,21.9,25.0,58.1,49.0,17.9,25.3,96.1,71.6,69.1,89.1,28.0,189.7,323.0,273.6,55.0,57.1,197.5,171.8,218.5,234.1,227.3,160.3,189.0,99.4,63.6,60.5,4.5,4.1,11.3,11.0,15.1,16.9,19.8,18.4,20.2,13.1,10.3,8.9,1.9,1.4,6.2,6.8,10.5,12.5,15.2,14.5,15.3,9.7,7.1,6.2,-0.6,-1.1,1.1,2.5,6.0,8.1,10.5,10.6,10.4,6.4,3.9,3.7
South West,1930,,,,,,,,,,,,,21.4,5.5,15.3,15.2,13.4,7.2,14.8,16.3,17.6,22.9,16.9,20.2,198.5,32.0,79.6,87.6,61.2,34.6,97.7,134.0,146.0,159.7,164.2,151.2,46.2,76.1,105.3,142.4,134.0,232.1,175.2,173.4,129.1,93.1,64.4,38.7,8.4,5.0,8.6,11.5,14.2,19.1,18.3,18.8,17.0,13.6,10.0,7.9,5.6,2.5,5.3,8.0,10.4,14.5,14.6,15.0,13.6,10.7,6.8,5.1,2.9,0.0,2.1,4.5,6.6,9.9,10.9,11.2,10.2,7.9,3.7,2.5
South West,1931,11.0,5.4,13.2,0.4,0.3,0.0,0.0,0.0,0.0,4.9,0.3,5.8,17.0,18.7,7.7,14.8,17.1,13.8,20.0,14.8,9.9,7.4,20.4,12.1,113.1,103.3,45.4,88.1,107.0,104.1,138.6,126.4,66.4,36.9,226.1,67.9,72.0,70.0,124.3,109.0,147.4,161.0,136.4,154.7,112.1,114.8,65.5,38.3,6.7,7.1,7.9,10.5,14.1,17.3,17.6,17.9,15.4,12.9,10.8,8.2,3.9,4.4,4.3,7.3,10.4,13.6,14.2,14.3,11.7,9.2,7.9,5.7,1.2,1.8,0.8,4.2,6.7,10.0,10.9,10.7,8.0,5.4,5.2,3.4
South West,1932,4.6,13.7,13.0,1.9,1.9,0.0,0.0,0.0,0.1,1.4,0.7,4.1,15.2,0.4,10.6,19.8,18.1,4.1,15.3,7.4,16.5,21.4,13.3,14.2,161.3,1.9,73.5,96.8,125.3,58.5,106.7,43.1,137.1,230.1,89.5,89.1,42.8,79.3,142.5,133.6,112.9,237.5,129.5,165.2,112.7,102.3,51.0,45.7,9.0,5.9,8.7,9.8,13.1,18.8,18.4,20.8,16.7,12.5,9.4,8.0,6.4,3.0,4.8,6.5,9.6,13.8,15.0,16.8,13.2,9.0,6.9,5.6,3.8,0.2,1.0,3.3,6.1,8.9,11.5,12.8,9.7,5.7,4.5,3.4
South West,1933,17.6,14.6,3.6,3.7,0.0,0.0,0.0,0.0,0.0,0.7,4.9,19.2,14.2,15.5,12.3,7.6,12.0,11.3,11.5,8.4,9.3,16.6,6.9,6.0,99.9,119.8,104.9,47.8,59.1,65.7,79.3,43.5,54.8,149.7,34.5,47.8,82.7,90.0,159.7,157.6,172.7,215.4,218.8,214.1,168.9,92.0,80.9,56.8,5.6,7.1,11.2,12.3,15.7,19.3,20.9,21.2,19.4,13.4,8.6,3.8,2.7,4.0,7.3,8.1,11.4,14.6,16.5,16.7,14.8,10.2,5.8,1.3,-0.2,1.0,3.4,3.9,7.2,9.9,12.1,12.2,10.2,7.1,3.1,-1.2
South West,1934,8.7,14.5,6.9,2.6,0.1,0.0,0.0,0.0,0.0,0.5,2.4,0.1,17.4,1.7,16.8,13.6,8.2,8.4,6.6,16.3,16.8,18.8,10.1,28.0,124.3,10.6,93.6,88.2,53.6,49.0,28.5,116.7,99.4,112.0,58.0,300.9,56.2,105.7,115.8,130.3,217.0,223.1,261.0,181.8,140.7,72.3,34.4,28.6,7.5,6.9,8.7,11.0,15.3,19.4,22.5,18.6,17.7,13.2,8.7,10.3,4.5,3.3,5.1,7.3,10.8,14.7,17.5,14.5,13.8,10.4,6.3,8.2,1.6,-0.3,1.6,3.6,6.2,10.1,12.5,10.4,9.9,7.6,3.9,6.3
South West,1935,8.1,6.0,6.7,1.6,2.3,0.0,0.0,0.0,0.0,1.1,2.6,10.8,8.0,18.1,7.6,18.8,8.5,18.0,5.5,9.4,21.5,21.6,21.6,18.0,36.8,129.2,35.3,143.5,48.3,120.6,21.3,67.2,161.4,167.1,194.7,131.0,56.6,61.9,117.0,145.3,189.6,174.1,239.8,190.5,130.8,83.7,67.7,55.8,7.2,8.4,9.6,11.5,14.9,17.7,20.9,20.2,16.9,12.8,9.6,6.3,4.8,5.7,6.0,8.0,10.2,13.8,16.5,15.6,13.5,9.7,6.5,3.7,2.6,3.2,2.4,4.3,5.5,10.1,12.1,11.0,10.0,6.5,3.5,1.2
South West,1936,7.9,12.2,3.8,8.2,0.1,0.0,0.0,0.0,0.1,1.2,5.1,5.5,22.3,14.5,16.3,11.0,7.5,12.8,24.6,6.2,14.1,11.4,16.5,16.7,163.6,90.3,101.6,74.0,32.7,83.4,195.4,23.3,97.5,64.3,132.3,146.4,40.8,68.2,77.2,158.3,197.2,155.3,129.0,193.9,115.0,107.3,55.4,50.0,7.1,6.1,9.7,10.0,15.8,18.1,17.7,19.6,17.5,13.2,9.2,8.6,4.6,3.4,6.8,6.2,11.2,13.8,14.4,15.4,14.1,9.5,6.2,5.8,2.1,0.7,3.9,2.4,6.6,9.7,11.2,11.2,10.6,5.8,3.2,3.0
South West,1937,6.7,2.4,16.6,0.1,0.0,0.0,0.0,0.0,0.0,0.0,7.9,14.3,22.5,22.6,17.2,14.5,11.3,8.8,11.6,5.5,14.2,10.7,9.1,15.8,189.9,195.9,119.4,89.9,64.7,40.2,80.5,34.2,88.1,107.3,66.2,109.7,34.0,53.4,118.3,114.4,197.6,183.5,127.8,214.3,150.5,96.9,67.5,45.1,8.1,8.6,7.0,12.5,15.7,17.9,18.7,21.0,17.2,13.7,8.8,6.2,5.5,6.1,3.8,9.2,11.4,13.5,15.1,16.2,13.1,10.3,5.6,3.6,2.9,3.6,0.6,5.9,7.2,9.1,11.5,11.4,9.0,7.0,2.5,1.0
South West,1938,1.9,7.0,3.3,7.6,0.7,0.0,0.0,0.0,0.0,0.0,0.8,8.9,21.6,8.2,3.4,1.7,14.2,10.9,14.5,15.3,11.8,19.5,20.5,17.4,165.1,51.0,17.8,5.4,85.6,70.9,112.0,121.9,59.7,166.1,197.8,134.2,40.8,64.5,137.3,216.7,152.6,201.4,131.9,146.1,127.3,100.1,52.9,51.4,8.4,7.5,11.9,12.5,14.2,17.2,17.7,19.1,17.2,13.7,11.8,7.2,5.9,4.8,8.0,7.5,10.1,13.3,14.0,15.2,13.2,10.6,9.2,4.7,3.5,2.2,4.1,2.6,6.1,9.3,10.3,11.3,9.2,7.6,6.6,2.3
South West,1939,8.7,4.7,4.4,1.6,0.1,0.0,0.0,0.0,0.0,1.9,0.3,13.8,19.9,13.5,11.8,14.1,6.7,12.0,21.5,13.6,4.8,15.2,22.4,10.8,192.9,89.4,55.9,85.6,26.9,78.6,207.8,89.7,28.3,103.9,248.5,84.1,39.2,79.0,88.5,187.0,215.0,230.5,123.8,175.7,170.0,116.8,39.6,51.6,7.2,8.5,9.1,12.3,15.5,18.7,17.5,19.9,17.7,12.2,11.6,6.1,4.8,5.6,6.1,8.3,11.0,14.0,14.2,15.8,13.8,8.5,8.9,3.5,2.4,2.7,3.2,4.2,6.6,9.4,10.8,11.7,9.8,4.9,6.3,0.8
South West,1940,23.6,11.3,10.0,3.4,0.0,0.0,0.0,0.0,0.0,0.4,2.7,9.4,10.3,14.5,12.9,15.5,8.7,4.9,16.0,2.8,10.3,15.8,20.0,15.2,90.2,118.8,92.0,79.6,49.5,22.9,113.0,10.9,60.2,143.8,259.3,108.9,79.4,40.1,125.1,123.4,218.1,280.4,188.5,212.0,184.2,92.8,61.5,43.4,3.4,6.7,9.7,12.1,16.6,20.8,18.4,19.8,17.4,13.2,10.2,7.1,0.2,4.0,6.0,8.5,11.9,15.6,14.2,15.4,12.8,9.7,7.3,4.3,-3.0,1.3,2.3,4.9,7.2,10.3,10.1,10.9,8.2,6.3,4.3,1.5
South West,1941,18.4,11.9,8.1,5.9,5.1,0.0,0.0,0.0,0.0,1.4,4.1,5.2,14.5,18.3,13.9,8.7,10.1,6.8,10.2,19.6,3.8,12.4,14.8,13.7,114.3,130.3,101.2,41.9,71.5,48.8,62.7,145.7,25.4,88.0,88.8,98.9,53.1,74.8,99.2,138.4,172.4,205.2,217.7,173.9,125.7,110.9,52.8,43.7,3.7,6.8,8.9,10.2,13.1,18.6,20.5,18.0,18.1,14.1,10.2,8.6,1.3,3.8,5.3,6.3,8.7,14.0,15.8,14.3,14.1,10.5,7.1,6.0,-1.0,0.9,1.8,2.3,4.3,9.4,11.2,10.6,10.2,7.0,4.0,3.3
South West,1942,17.5,22.2,6.8,0.3,0.5,0.0,0.0,0.0,0.1,0.4,7.3,1.6,16.5,4.3,13.3,8.4,15.7,3.2,12.3,18.7,13.8,16.4,6.6,21.0,142.5,15.1,89.4,59.1,161.8,13.5,83.0,121.3,99.4,110.8,32.8,173.6,57.8,68.9,92.6,180.3,185.2,251.2,180.5,139.7,128.7,82.4,67.0,33.4,5.6,4.1,9.4,13.2,14.8,18.7,18.7,19.4,17.1,13.5,8.6,9.7,2.6,0.8,5.9,9.0,10.3,13.6,14.7,15.4,13.4,10.3,5.3,7.3,-0.4,-2.4,2.5,4.8,5.9,8.5,10.8,11.5,9.7,7.1,2.1,4.9
South West,1943,5.0,2.4,5.6,0.3,0.2,0.0,0.0,0.0,0.0,0.1,5.6,10.1,23.4,10.6,6.3,7.6,10.8,12.2,12.1,17.5,16.7,14.7,17.8,11.4,217.1,73.5,34.0,38.5,109.7,74.0,85.2,110.9,127.8,124.8,95.1,83.6,40.4,78.4,139.4,176.4,214.8,196.0,195.4,155.7,135.1,111.9,66.0,51.0,8.6,8.9,10.7,14.2,15.8,17.3,20.0,18.7,16.5,14.3,9.7,6.6,6.0,6.0,6.7,9.9,11.2,13.3,15.6,15.0,12.5,10.5,6.8,3.9,3.4,3.1,2.8,5.7,6.7,9.3,11.3,11.4,8.5,6.8,3.8,1.3
South West,1944,4.0,12.0,11.6,0.4,1.4,0.0,0.0,0.0,0.0,0.2,4.1,9.3,16.4,8.5,3.1,10.8,6.6,11.4,14.3,11.3,12.6,17.2,22.5,15.5,113.9,34.0,11.6,67.2,38.4,78.9,82.3,91.9,102.7,167.7,219.0,112.6,33.8,77.4,159.1,155.9,229.6,174.1,110.5,207.7,141.8,106.4,35.4,66.7,9.0,6.3,9.5,13.6,16.0,17.2,18.8,20.8,16.2,12.4,9.8,7.3,6.4,3.7,5.3,9.5,10.7,13.2,15.4,16.3,12.3,9.2,6.8,4.5,3.7,1.0,1.0,5.3,5.5,9.1,11.9,11.9,8.3,6.1,3.7,1.6
South West,1945,20.6,2.8,5.3,1.7,2.4,0.0,0.0,0.0,0.0,0.0,2.7,4.6,13.1,15.8,7.6,7.6,18.3,17.2,10.1,11.9,14.2,8.6,6.9,19.6,97.3,123.4,48.6,46.7,103.1,116.3,91.3,77.6,88.2,127.8,28.9,177.5,69.4,61.3,137.2,209.5,166.2,171.5,154.9,169.6,90.2,111.6,59.3,38.0,4.0,9.6,11.0,14.2,15.7,17.1,18.9,19.4,17.2,15.4,10.3,8.6,1.0,6.7,7.2,9.8,11.4,13.3,15.1,15.3,13.9,11.7,7.4,6.0,-1.9,3.8,3.3,5.4,7.1,9.6,11.3,11.1,10.6,8.1,4.5,3.5
South West,1946,14.6,4.2,11.5,1.5,0.7,0.0,0.0,0.0,0.0,1.1,0.1,12.6,15.1,13.7,7.9,9.2,13.0,17.5,10.9,20.4,18.8,8.2,19.7,17.4,145.3,112.5,47.8,58.3,114.0,111.2,63.4,169.4,176.0,57.5,213.8,141.8,57.9,62.6,112.4,195.9,192.6,162.2,193.3,133.1,98.3,78.5,48.1,69.2,6.5,8.6,8.8,13.8,14.7,15.6,18.8,17.3,16.5,12.9,10.9,6.8,3.6,6.3,5.2,9.2,10.4,11.9,14.9,13.8,13.3,10.2,8.3,3.6,0.8,4.0,1.6,4.6,6.1,8.3,10.9,10.2,10.2,7.5,5.8,0.6
South West,1947,13.6,25.6,11.9,0.8,0.0,0.0,0.0,0.0,0.0,0.4,6.2,5.2,16.1,8.6,24.3,12.8,15.5,13.0,13.0,3.4,11.7,6.3,16.6,13.6,120.6,51.7,232.5,96.4,80.9,75.4,76.7,24.8,60.9,37.3,113.8,111.4,54.0,32.8,71.1,148.4,153.6,171.7,160.3,281.9,136.9,118.3,61.0,33.8,5.4,0.7,7.2,11.6,15.9,18.1,19.2,23.5,18.4,14.5,10.5,7.9,2.7,-1.4,4.3,8.0,11.7,13.9,15.3,18.0,14.3,10.5,7.8,5.5,0.0,-3.6,1.3,4.3,7.6,9.8,11.5,12.6,10.2,6.5,5.1,3.1
South West,1948,5.4,10.3,2.1,1.5,0.8,0.0,0.0,0.0,0.1,1.4,1.5,5.4,26.3,11.2,7.5,13.0,8.7,15.7,10.9,16.2,10.7,15.2,11.7,17.0,241.4,62.4,58.3,70.3,85.1,91.1,62.3,131.4,94.2,123.9,78.2,200.2,38.9,74.4,173.5,200.8,280.0,149.9,171.7,145.5,131.2,96.0,72.4,63.4,8.4,7.2,12.6,12.8,16.4,16.5,18.8,18.1,16.9,13.5,11.2,8.7,5.7,4.6,8.3,8.4,11.1,13.0,14.8,14.5,13.3,10.2,8.3,6.0,3.0,2.0,4.0,3.9,5.9,9.5,10.9,10.9,9.8,6.9,5.5,3.3
South West,1949,5.0,5.9,8.8,1.1,0.3,0.0,0.0,0.0,0.0,0.7,3.8,4.9,10.9,9.4,8.2,10.2,13.1,4.1,6.6,10.0,8.3,18.4,19.0,18.2,49.2,53.9,54.6,80.4,91.2,18.8,48.8,66.9,80.3,222.2,151.8,106.6,56.1,99.5,136.2,161.0,237.3,266.8,254.4,205.1,143.4,95.2,67.4,45.1,8.5,9.0,9.4,13.0,15.1,19.5,21.9,20.6,19.6,15.3,9.9,8.8,5.8,5.7,5.6,9.2,10.4,14.5,16.9,16.1,15.7,12.0,7.0,6.0,3.2,2.4,1.8,5.4,5.9,9.6,11.9,11.6,11.7,8.7,4.1,3.4
South West,1950,11.5,4.4,2.3,2.2,0.1,0.0,0.0,0.0,0.0,1.5,3.9,19.7,9.5,18.3,10.4,18.7,9.4,9.2,15.8,19.9,22.9,13.5,20.2,17.0,42.3,204.5,66.1,84.7,56.8,51.6,130.1,190.2,188.8,68.5,199.1,106.8,45.4,50.6,125.9,166.8,207.2,228.0,178.4,170.1,105.9,89.8,66.1,51.1,6.9,8.8,11.0,11.2,15.5,19.3,18.6,18.1,15.8,12.8,9.1,4.4,4.4,5.8,7.4,7.6,11.2,15.0,14.9,14.5,12.7,9.8,6.1,2.0,2.0,2.9,3.8,4.0,7.0,10.7,11.3,10.9,9.5,6.8,3.2,-0.4
South West,1951,8.7,7.5,10.3,3.1,0.2,0.0,0.0,0.0,0.0,2.4,1.0,3.6,19.1,19.1,20.0,13.4,13.4,8.2,7.6,20.6,14.3,7.5,23.0,17.0,139.9,137.3,138.0,94.1,80.7,31.4,49.5,160.9,118.0,40.4,226.0,130.1,43.4,86.5,86.9,197.6,174.4,233.1,222.5,161.8,83.0,114.0,64.5,50.2,6.9,6.9,7.5,10.7,13.4,17.8,20.1,17.7,16.8,13.6,11.0,8.9,4.4,4.0,4.5,6.7,9.5,13.3,15.6,14.1,13.7,9.9,8.3,6.2,1.9,1.1,1.5,2.6,5.6,8.9,11.1,10.4,10.5,6.3,5.6,3.5
South West,1952,14.6,12.3,5.3,2.7,0.0,0.0,0.0,0.0,0.1,1.3,9.2,11.7,18.6,8.6,12.9,14.4,13.3,9.4,5.7,15.0,15.3,16.5,15.4,19.6,129.9,33.1,97.4,89.8,95.1,67.6,43.7,155.5,105.5,147.0,120.1,115.2,74.8,87.4,92.4,158.2,199.6,194.8,170.7,168.8,142.0,99.4,66.8,58.1,6.3,6.9,9.5,12.9,16.7,17.7,20.0,19.1,14.8,12.5,7.4,6.8,3.5,3.7,6.7,8.7,12.3,13.3,15.9,15.3,11.0,9.4,4.8,4.1,0.7,0.5,3.8,4.4,8.0,9.0,11.8,11.4,7.1,6.3,2.4,1.4
South West,1953,14.9,12.2,12.9,2.8,0.2,0.0,0.0,0.0,0.0,0.3,0.3,1.6,5.8,10.1,6.0,13.6,9.3,10.8,17.4,11.6,14.3,10.8,13.2,9.7,36.6,62.9,53.6,90.3,81.5,64.2,126.8,98.7,123.1,95.2,100.2,39.8,49.0,70.3,152.7,191.4,208.2,174.2,205.0,202.0,139.5,109.9,50.7,36.4,6.1,6.9,10.1,11.4,16.2,17.8,18.4,19.5,17.0,13.7,11.1,10.0,3.4,4.0,5.5,7.4,11.9,13.6,14.8,15.4,13.4,9.9,8.5,7.6,0.7,1.1,0.9,3.3,7.6,9.4,11.3,11.3,9.7,6.1,5.9,5.2
South West,1954,13.8,10.2,5.5,4.2,0.1,0.0,0.0,0.0,0.0,0.6,2.2,2.8,11.7,17.7,15.9,4.1,11.2,13.1,15.4,15.7,20.4,19.9,19.6,16.3,80.6,125.4,114.7,22.3,84.8,116.6,111.3,114.9,134.2,164.5,243.4,124.2,60.8,78.9,108.0,225.3,171.9,153.0,125.2,140.7,157.0,71.3,48.0,45.6,6.0,6.2,9.2,12.0,14.6,16.2,16.4,17.3,16.0,14.5,10.6,9.2,3.4,3.3,6.0,7.3,10.6,12.7,13.4,13.8,12.6,11.7,7.4,6.9,0.9,0.4,2.8,2.7,6.6,9.2,10.3,10.3,9.2,9.0,4.2,4.6
South West,1955,13.7,18.9,22.6,1.9,0.3,0.0,0.0,0.0,0.0,4.2,6.8,4.7,16.8,14.1,6.0,10.5,16.9,12.2,3.6,4.8,12.2,9.3,9.1,22.7,125.5,82.7,62.6,57.9,122.0,116.9,39.2,23.6,60.9,82.3,110.2,177.9,37.2,84.3,170.0,178.5,214.6,152.2,293.2,220.4,159.2,121.3,75.1,31.5,6.1,4.6,7.1,12.7,13.3,17.0,22.1,22.5,18.1,13.3,10.0,9.5,3.5,1.7,3.1,8.6,9.4,13.3,16.9,17.6,13.9,9.3,6.8,6.6,1.0,-1.1,-0.8,4.5,5.6,9.7,11.9,12.6,9.6,5.4,3.7,3.8
South West,1956,11.5,22.9,6.5,7.7,0.9,0.0,0.0,0.0,0.0,0.7,4.1,5.4,17.9,4.0,8.0,7.5,6.1,11.2,13.4,18.5,14.5,11.8,9.6,17.6,144.8,14.5,48.2,38.9,30.1,70.8,107.4,134.4,158.3,64.1,48.1,160.5,55.3,94.7,150.7,188.7,246.1,188.4,174.3,179.6,76.1,111.1,56.1,26.8,7.5,3.1,10.0,11.4,15.8,16.9,18.8,17.0,16.8,13.2,9.2,8.7,4.5,-0.3,6.3,6.8,11.0,12.8,15.0,13.3,13.8,9.6,6.4,6.2,1.5,-3.6,2.7,2.3,6.3,8.7,11.3,9.6,10.9,6.1,3.7,3.7
South West,1957,8.3,7.0,0.7,0.9,0.2,0.0,0.0,0.0,0.1,0.1,4.3,9.5,17.0,20.7,15.6,2.3,9.9,7.3,16.8,14.4,17.0,12.6,7.0,15.0,121.7,143.9,119.9,8.9,63.2,59.7,122.0,110.9,163.4,109.4,74.3,101.8,47.2,81.0,93.2,172.2,230.3,297.3,158.1,159.9,115.2,81.4,64.0,58.1,8.1,8.6,12.2,12.8,15.0,20.1,19.4,18.7,15.8,14.3,8.8,7.9,5.3,5.6,9.1,8.8,10.4,14.6,15.8,15.0,12.7,10.8,6.0,4.8,2.6,2.6,6.2,4.7,5.9,9.1,12.1,11.3,9.5,7.4,3.4,1.7
South West,1958,10.7,7.5,13.3,6.9,0.0,0.0,0.0,0.0,0.0,0.1,3.7,8.2,16.7,16.2,9.2,5.4,15.0,14.5,14.9,19.6,16.0,13.4,10.9,17.8,121.8,147.8,44.2,30.2,100.9,109.1,104.6,130.3,190.0,119.2,90.2,134.9,50.1,46.3,108.2,147.0,185.2,168.4,164.2,113.8,123.9,92.1,46.1,34.4,7.1,8.6,7.3,11.0,14.3,16.9,18.6,18.2,17.8,13.7,9.6,7.9,4.1,5.7,4.0,6.9,10.5,12.9,14.9,15.0,14.5,10.7,6.8,5.0,1.1,2.8,0.7,2.8,6.8,9.0,11.2,11.7,11.0,7.8,4.0,2.2
South West,1959,16.7,10.3,2.1,0.3,0.2,0.0,0.0,0.0,0.1,0.2,2.7,1.8,16.0,2.7,18.1,14.8,8.5,10.6,9.9,6.3,1.8,15.2,20.1,25.8,157.6,13.0,122.0,106.8,39.8,51.4,78.8,53.5,8.7,149.9,214.2,260.0,75.8,76.0,104.7,145.8,231.2,240.1,238.4,207.5,225.5,123.4,54.3,35.5,6.1,7.6,10.2,12.5,16.9,18.6,20.8,20.7,20.3,16.0,10.4,8.9,3.1,4.6,7.1,8.9,12.0,14.2,16.0,16.2,14.8,12.4,7.5,6.2,0.1,1.7,4.1,5.3,7.2,9.7,11.3,11.7,9.2,8.7,4.6,3.6
South West,1960,12.0,13.1,2.1,1.8,0.1,0.0,0.0,0.0,0.0,0.8,3.3,11.6,16.9,16.2,12.5,10.6,7.1,9.3,20.6,18.1,14.4,21.7,25.2,19.0,145.1,130.3,72.0,93.9,51.1,57.2,142.2,129.3,155.7,234.8,221.6,160.9,44.8,82.3,84.7,181.0,182.5,257.7,163.5,162.5,132.9,77.4,70.6,62.1,7.2,7.0,9.5,12.4,16.5,19.7,18.1,18.2,16.3,13.1,10.4,6.8,4.5,4.1,6.6,8.4,12.1,15.0,14.5,14.4,12.8,10.0,7.4,4.0,1.7,1.2,3.7,4.4,7.9,10.3,10.9,10.5,9.2,6.9,4.4,1.2
South West,1961,9.6,0.4,4.8,0.1,0.7,0.0,0.0,0.0,0.0,0.5,3.4,15.6,19.1,14.5,2.9,19.4,6.5,6.6,8.6,12.7,13.6,20.8,12.4,14.4,167.8,101.2,13.5,148.4,42.4,37.5,63.3,102.8,105.3,181.7,75.0,124.2,37.6,50.5,126.9,113.0,231.4,236.4,200.0,170.3,126.6,97.9,61.0,58.8,6.9,9.4,11.4,13.0,15.2,18.0,19.0,18.8,18.3,13.9,9.1,6.2,4.1,7.0,7.4,9.7,10.6,13.4,14.7,15.0,14.5,10.5,6.4,3.3,1.3,4.6,3.4,6.3,6.1,8.8,10.5,11.1,10.7,7.2,3.7,0.5
South West,1962,6.4,9.0,19.9,1.7,0.4,0.1,0.0,0.0,0.1,0.8,7.4,15.5,20.1,7.5,9.3,12.0,13.7,6.4,10.6,15.1,14.5,7.5,13.6,13.8,175.0,43.9,66.5,85.8,82.4,24.7,61.0,139.7,134.1,46.0,99.9,96.6,51.1,73.9,124.3,169.3,176.7,262.5,152.1,150.0,126.5,124.8,46.2,65.4,7.6,7.1,6.7,11.2,13.2,17.4,18.3,17.3,15.8,14.1,8.6,5.9,4.8,4.4,2.8,7.3,9.4,12.8,14.4,13.8,12.3,10.2,5.6,3.1,1.9,1.7,-0.9,3.4,5.8,8.1,10.4,10.4,8.7,6.4,2.7,0.2
South West,1963,29.0,24.3,6.2,0.9,0.1,0.0,0.0,0.0,0.0,0.0,0.8,16.1,4.8,9.0,17.5,16.9,12.7,14.6,12.0,18.3,11.4,14.4,25.8,6.8,26.4,67.5,161.9,118.6,60.2,93.2,69.5,115.8,72.8,76.6,237.7,46.3,78.3,85.0,109.5,120.9,182.2,190.3,169.2,131.6,132.3,65.4,60.6,55.2,0.3,2.6,9.0,11.3,13.8,18.1,18.3,17.3,16.4,13.8,11.2,5.5,-2.4,-0.2,5.7,7.9,10.0,14.1,14.3,13.9,12.7,10.8,8.4,2.8,-5.2,-3.0,2.5,4.4,6.1,10.1,10.3,10.5,8.9,7.9,5.7,0.0
South West,1964,10.1,9.5,9.3,2.9,0.0,0.0,0.0,0.0,0.0,1.4,3.5,14.2,6.5,8.7,12.0,12.5,12.3,9.8,7.5,8.9,8.0,13.3,12.6,16.2,28.1,50.3,103.9,71.7,81.1,61.2,68.7,59.8,48.9,105.5,99.3,157.3,35.8,58.6,84.1,128.6,167.3,149.9,182.2,191.7,179.0,104.1,59.9,52.7,6.1,7.1,7.6,11.3,16.0,16.9,19.3,19.1,18.3,12.6,10.6,7.1,3.7,4.3,4.7,7.8,12.0,13.2,15.2,14.8,13.9,8.8,7.7,3.9,1.3,1.7,1.8,4.3,8.1,9.5,11.1,10.5,9.5,5.1,5.0,0.8
South West,1965,13.3,14.0,10.3,2.7,0.8,0.0,0.0,0.0,0.0,0.0,10.1,6.2,17.3,2.1,14.5,12.7,13.4,12.1,16.1,13.1,16.3,6.8,16.7,23.7,156.0,6.8,100.1,64.1,78.6,96.2,130.9,87.7,135.8,41.0,145.6,265.2,67.4,50.1,131.9,171.4,165.2,173.4,139.0,175.5,110.5,116.7,73.6,59.5,6.4,5.6,9.0,11.7,14.6,17.2,17.3,18.4,15.2,14.6,8.3,8.4,3.7,2.8,5.3,7.7,10.7,13.1,13.7,14.5,11.5,11.0,5.2,5.4,1.0,0.0,1.6,3.7,6.8,9.0,10.0,10.5,7.8,7.5,2.2,2.5
South West,1966,12.2,4.2,3.2,3.1,0.0,0.0,0.0,0.0,0.0,1.0,4.8,2.6,13.2,19.8,9.8,18.8,14.1,15.2,11.3,13.5,8.1,18.7,13.9,20.8,94.5,171.2,53.2,152.4,94.6,86.1,71.2,118.7,57.2,178.0,98.1,169.6,35.6,35.8,127.7,98.0,235.1,170.3,180.6,184.2,158.7,104.2,64.5,40.2,5.5,8.4,9.9,10.7,14.7,18.2,18.5,18.5,17.7,13.6,8.3,9.0,3.4,6.2,6.4,7.5,10.4,14.2,14.5,14.4,13.7,10.1,5.4,6.2,1.3,4.0,3.0,4.3,6.2,10.2,10.5,10.2,9.8,6.7,2.5,3.5
South West,1967,8.7,7.3,2.7,1.5,1.6,0.0,0.0,0.0,0.0,0.0,5.4,9.8,15.4,12.2,11.8,7.3,21.4,5.4,10.6,13.5,18.4,24.4,14.5,16.0,110.5,144.4,80.4,41.1,160.0,32.7,88.4,81.1,160.4,258.6,87.5,113.6,52.1,85.1,149.6,135.2,162.2,214.3,181.3,167.7,136.2,76.0,76.8,50.5,7.1,8.3,9.7,11.6,13.5,18.0,19.5,18.7,16.5,13.2,8.8,7.5,4.6,5.3,6.6,7.8,9.8,13.5,15.4,14.8,13.2,10.4,5.6,4.9,2.1,2.3,3.5,4.0,6.2,9.0,11.2,10.8,9.8,7.7,2.5,2.3
South West,1968,8.6,19.5,6.4,8.7,0.6,0.0,0.0,0.0,0.0,0.0,4.7,12.1,15.0,8.8,11.1,13.1,12.7,13.1,8.3,11.4,17.0,15.5,11.9,13.0,118.6,56.7,77.1,87.5,88.9,125.6,105.4,65.7,146.6,128.5,85.9,128.0,32.1,81.0,133.1,164.3,163.5,185.9,200.4,157.2,123.9,48.4,50.8,42.0,7.6,5.1,9.4,11.2,13.4,18.1,18.8,19.0,16.7,14.8,9.4,6.6,4.9,2.1,5.9,7.0,9.4,13.9,14.5,15.2,13.5,12.3,6.9,3.9,2.3,-0.9,2.4,2.9,5.3,9.7,10.3,11.4,10.1,9.8,4.4,1.3
South West,1969,5.2,17.0,12.8,4.6,0.3,0.1,0.0,0.0,0.4,0.1,7.5,13.4,20.1,13.9,10.5,10.2,20.8,8.9,4.4,10.1,9.3,4.8,18.7,16.9,157.7,84.3,86.1,65.3,134.2,67.5,85.3,84.5,61.1,26.5,163.0,126.5,36.9,67.3,85.1,201.2,148.8,259.4,205.6,166.8,90.6,105.8,76.7,43.4,8.2,4.4,7.5,11.8,14.1,18.0,19.8,19.1,16.9,15.9,9.1,6.7,5.8,1.5,4.2,7.5,10.4,13.3,15.5,15.2,13.5,12.5,5.8,3.7,3.3,-1.3,1.0,3.3,6.7,8.6,11.2,11.4,9.9,9.1,2.7,0.8
South West,1970,9.1,13.1,13.5,7.4,0.0,0.0,0.0,0.0,0.0,0.3,1.4,13.0,20.9,18.2,16.7,15.4,6.1,9.6,13.0,11.5,12.2,13.9,21.5,11.9,192.3,130.0,81.2,93.8,34.6,58.6,89.2,100.9,96.6,85.5,229.8,65.4,39.6,92.6,111.8,132.4,188.2,214.5,172.2,158.5,126.7,89.5,52.2,60.5,7.4,6.5,7.3,9.8,16.0,19.8,18.0,19.1,17.6,13.6,11.1,6.8,4.6,3.5,4.0,6.4,11.6,15.2,14.3,15.1,14.0,10.4,8.3,4.2,1.8,0.5,0.7,2.9,7.4,10.7,10.6,11.0,10.3,7.1,5.4,1.6
South West,1971,6.1,8.6,7.4,2.3,0.7,0.0,0.0,0.0,0.0,0.3,8.9,4.4,19.7,8.7,11.3,5.9,9.3,12.9,6.8,16.1,5.2,9.8,14.6,9.5,195.6,46.9,87.5,52.9,48.7,132.1,42.0,125.3,27.7,96.8,129.4,66.8,35.6,71.5,99.5,138.5,228.3,149.3,269.1,130.9,176.6,128.3,88.9,33.4,7.4,7.7,8.2,11.3,15.6,16.0,21.3,18.8,18.9,15.3,10.0,8.6,4.9,4.5,4.9,7.4,10.9,12.1,16.4,15.2,14.4,11.5,6.2,6.4,2.5,1.3,1.7,3.5,6.4,8.3,11.5,11.7,9.8,7.7,2.6,4.2
South West,1972,8.4,3.1,4.9,0.4,0.1,0.0,0.0,0.0,0.0,1.2,7.0,3.1,18.3,18.7,13.6,12.9,16.7,17.4,7.7,7.2,3.8,7.8,17.2,18.3,152.1,135.9,103.7,102.0,111.7,116.9,50.4,52.7,44.0,71.3,155.5,198.4,44.7,48.7,142.5,171.0,146.4,125.2,176.6,204.0,158.7,87.4,71.4,42.0,6.7,7.1,10.5,11.4,12.9,14.1,18.9,18.7,16.0,13.6,9.7,8.9,4.1,4.6,6.6,7.9,9.5,10.6,14.8,14.4,11.5,10.3,6.4,6.3,1.6,2.1,2.8,4.4,6.0,7.0,10.7,10.1,7.1,7.0,3.2,3.7
South West,1973,9.8,8.8,9.3,3.7,0.4,0.1,0.0,0.0,0.0,1.1,6.2,9.4,11.4,11.8,7.1,10.3,15.0,5.6,11.1,8.5,12.6,10.2,13.2,15.9,74.5,73.3,33.0,73.4,98.4,48.7,78.3,97.7,102.9,63.4,87.2,103.5,28.3,67.2,150.9,176.2,150.9,205.8,170.5,175.8,138.6,91.9,71.1,50.7,7.1,7.3,10.1,10.9,14.4,18.4,18.9,20.4,17.7,12.9,10.2,8.4,4.7,4.5,5.8,6.9,10.7,13.8,14.8,16.1,13.9,9.4,7.1,5.4,2.3,1.7,1.6,2.9,6.9,9.3,10.6,11.9,10.1,5.9,4.0,2.4
South West,1974,3.3,4.8,8.1,2.5,0.6,0.0,0.0,0.0,0.2,1.1,0.6,0.9,23.4,16.0,10.8,3.4,10.9,11.7,12.4,15.2,22.1,16.5,21.4,18.0,238.9,179.9,56.9,15.8,75.2,73.7,82.2,123.3,222.8,102.7,158.0,128.3,40.0,70.3,106.6,174.3,192.7,199.7,149.5,183.1,119.4,92.4,57.8,35.4,8.9,8.4,8.9,12.6,14.1,17.2,17.7,18.3,14.7,10.8,9.7,9.8,6.2,5.4,5.5,8.0,10.0,13.1,14.2,14.2,11.4,7.7,7.0,7.7,3.5,2.5,2.0,3.5,5.9,9.0,10.8,10.0,8.0,4.7,4.3,5.5
South West,1975,2.4,4.3,8.0,7.0,0.3,0.0,0.0,0.0,0.2,1.1,3.0,7.6,21.6,8.3,13.8,15.0,6.1,3.0,11.3,9.8,14.2,7.8,15.3,7.8,187.3,41.6,84.7,82.2,33.2,12.8,87.4,72.4,130.3,52.0,114.5,58.0,36.6,77.0,107.0,144.7,220.7,284.2,212.3,200.5,141.9,115.2,69.8,32.4,9.2,8.0,7.8,11.5,14.5,19.7,20.8,21.6,16.7,13.5,9.9,7.5,6.7,5.1,4.9,7.8,10.0,14.3,16.5,17.1,12.7,10.0,6.8,5.0,4.1,2.4,2.0,4.1,5.6,9.0,12.1,12.6,8.6,6.5,3.7,2.5
South West,1976,7.1,10.2,10.1,4.3,0.6,0.0,0.0,0.0,0.0,0.1,3.5,15.4,10.9,11.3,9.5,3.5,12.5,3.3,5.9,2.4,15.9,23.6,16.1,15.3,62.8,67.2,85.5,14.4,60.8,21.4,29.6,27.2,180.1,221.5,124.5,128.6,42.6,50.2,104.6,180.5,177.8,225.4,234.7,280.9,105.8,72.1,67.0,51.0,7.9,6.7,8.2,11.9,15.0,20.8,22.1,22.9,16.5,13.1,9.6,5.4,5.6,4.2,4.8,7.5,10.9,15.7,17.1,17.1,12.7,9.9,6.5,2.6,3.3,1.7,1.4,3.1,6.9,10.7,12.1,11.3,9.0,6.9,3.4,-0.1
South West,1977,14.2,4.1,2.9,4.9,1.0,0.0,0.0,0.0,0.0,0.0,7.0,2.1,18.3,21.9,17.5,12.7,10.5,12.0,6.4,11.7,9.2,15.2,18.4,16.6,136.3,193.7,113.1,59.5,62.7,81.9,36.5,114.7,59.5,107.3,148.1,134.6,50.1,63.5,80.2,160.7,239.0,157.0,211.2,167.2,117.9,98.6,80.8,32.4,5.9,8.4,9.9,10.3,15.0,15.7,19.7,19.0,16.0,14.6,9.2,8.7,3.2,5.7,6.9,6.8,10.2,11.8,15.5,14.8,12.5,11.6,6.3,6.3,0.5,3.0,4.0,3.3,5.5,7.9,11.3,10.6,9.1,8.6,3.5,4.0
South West,1978,9.0,13.7,4.5,6.1,0.0,0.0,0.0,0.0,0.0,0.1,4.5,10.3,18.4,16.8,19.7,11.9,6.9,11.0,12.4,9.9,9.2,4.9,12.4,21.3,152.7,141.2,125.7,64.5,32.2,54.9,117.0,52.5,45.8,18.3,90.1,215.6,65.2,55.9,110.2,136.3,210.0,177.3,131.7,171.7,166.4,86.0,59.0,42.2,6.6,5.4,9.5,9.7,15.8,17.0,17.4,18.2,17.2,15.2,11.5,7.6,3.9,2.9,6.3,6.2,11.1,12.9,14.0,14.3,13.3,11.7,8.5,5.0,1.3,0.4,3.1,2.6,6.5,8.8,10.5,10.4,9.4,8.3,5.5,2.5
South West,1979,24.4,17.4,8.8,4.9,4.0,0.0,0.0,0.0,0.1,0.0,5.1,7.4,15.5,12.2,21.0,14.4,17.2,7.5,5.3,14.2,9.4,15.9,17.6,19.3,122.0,89.5,156.0,79.0,134.1,40.1,41.8,124.6,57.8,115.9,126.7,233.5,70.4,61.6,82.9,152.6,182.7,159.4,204.3,165.9,144.9,98.7,60.0,50.5,4.2,4.3,7.6,11.0,12.7,16.9,19.6,17.7,16.6,14.4,10.3,8.8,0.8,1.6,4.5,7.3,8.7,12.9,15.3,14.0,12.7,11.1,7.1,6.0,-2.5,-1.0,1.5,3.6,4.8,8.9,11.0,10.2,8.8,7.9,4.0,3.3
South West,1980,18.8,2.8,6.7,2.1,0.4,0.0,0.0,0.0,0.0,0.5,7.1,7.9,13.0,15.9,18.2,3.2,6.1,16.3,11.5,12.2,14.2,18.8,13.4,18.4,101.8,138.0,142.7,22.2,38.4,137.7,71.6,90.4,102.2,167.3,125.4,120.8,67.0,47.2,87.2,185.6,214.9,155.6,157.5,140.4,124.2,95.3,68.2,47.2,5.5,8.9,7.8,12.6,15.7,16.6,17.5,18.7,17.4,12.2,8.7,8.6,2.4,6.2,4.8,8.3,10.7,12.9,13.8,15.0,14.1,8.9,6.2,5.7,-0.6,3.6,1.9,4.0,5.7,9.2,10.1,11.3,10.7,5.6,3.9,2.8
South West,1981,8.6,16.0,1.7,3.8,0.6,0.0,0.0,0.0,0.0,1.3,1.6,17.1,12.7,10.4,20.1,7.2,20.2,7.2,10.8,3.7,17.1,23.0,13.4,16.7,70.1,79.9,232.1,46.9,132.1,56.0,58.6,28.5,206.3,193.3,85.9,162.7,47.2,70.7,69.8,138.6,117.4,147.6,144.9,202.8,140.2,82.8,42.6,43.2,7.9,6.2,10.4,11.7,13.8,16.3,18.6,20.4,17.9,11.4,10.6,5.2,5.0,3.2,7.8,7.7,10.3,12.6,14.9,15.8,13.9,8.3,7.7,2.2,2.2,0.2,5.2,3.8,6.9,9.1,11.2,11.3,9.8,5.2,5.0,-0.8
South West,1982,10.4,7.0,4.0,2.4,2.3,0.0,0.0,0.0,0.0,0.3,3.8,9.1,15.9,12.8,16.9,4.8,7.3,16.2,6.6,15.1,11.0,19.5,22.2,18.2,116.6,92.4,152.7,32.3,38.9,128.0,51.8,97.0,116.2,166.6,194.2,167.9,41.3,56.3,142.0,190.9,196.4,172.3,163.0,140.1,123.9,66.5,59.8,35.1,6.3,7.9,9.5,12.7,15.5,18.9,19.9,18.6,17.9,13.1,10.6,7.8,3.8,5.2,5.9,8.2,10.8,14.6,15.8,14.9,13.9,10.0,8.0,4.8,1.3,2.5,2.3,3.8,6.1,10.3,11.6,11.3,9.9,7.0,5.5,1.8
South West,1983,2.7,16.8,2.8,3.6,0.0,0.0,0.0,0.0,0.0,1.9,5.8,5.5,18.3,7.3,16.1,17.6,20.6,8.1,4.5,5.8,16.2,15.8,6.9,15.6,175.7,39.9,78.8,113.4,136.2,48.1,24.0,51.3,145.9,121.9,66.9,158.8,34.7,82.6,78.0,153.4,131.5,158.1,261.1,236.1,101.8,100.1,44.0,57.9,9.1,4.8,9.3,10.2,13.0,17.7,24.0,22.0,16.6,13.4,10.2,9.1,6.5,2.1,6.3,6.3,9.5,13.7,18.7,16.9,13.4,10.2,7.6,6.2,4.0,-0.6,3.3,2.4,6.1,9.7,13.4,11.9,10.1,7.0,5.0,3.3
South West,1984,9.7,10.1,7.8,6.1,1.1,0.0,0.0,0.0,0.0,0.4,1.8,6.7,24.3,10.6,8.1,2.6,9.1,5.4,6.4,8.5,16.9,17.1,20.6,18.4,224.7,86.0,56.3,7.9,62.8,30.9,35.3,64.4,146.0,151.9,205.1,132.1,55.9,59.6,85.0,233.7,183.0,236.6,263.6,179.5,125.5,85.9,52.5,51.6,7.4,6.9,7.8,13.1,14.2,18.8,21.4,21.3,16.7,14.0,10.4,8.7,4.3,4.0,4.6,8.1,9.7,14.1,16.0,16.8,13.4,10.8,7.6,5.6,1.3,1.1,1.3,3.2,5.2,9.4,10.7,12.2,10.0,7.8,4.9,2.6
South West,1985,22.4,12.1,10.5,2.3,0.1,0.1,0.0,0.0,0.0,0.5,9.6,5.8,14.0,5.8,15.4,13.3,10.4,13.2,11.7,22.1,7.0,6.9,13.5,19.9,101.9,51.4,97.8,96.2,60.6,114.3,81.7,176.2,55.7,78.9,86.5,193.9,67.4,74.5,120.6,141.1,191.8,172.1,194.7,149.0,131.0,92.8,71.3,37.9,4.2,5.9,8.2,11.7,14.7,16.3,19.4,17.0,17.7,13.7,7.7,9.1,1.1,3.1,4.7,8.0,10.5,12.3,15.3,13.9,14.0,10.4,4.6,6.6,-2.0,0.3,1.3,4.4,6.3,8.3,11.2,10.7,10.1,7.2,1.5,4.2
South West,1986,9.8,24.4,6.6,7.1,0.0,0.0,0.0,0.0,0.2,0.3,1.4,5.3,21.5,1.7,16.6,15.1,17.2,7.6,10.5,16.2,3.6,14.5,19.6,22.7,174.0,6.2,107.0,96.9,111.0,71.7,70.8,150.1,29.9,133.6,204.8,215.8,44.4,74.2,108.4,145.0,176.0,188.7,156.1,128.6,151.4,92.8,72.5,49.4,6.9,1.5,8.4,8.8,13.6,18.5,18.7,16.4,15.3,14.2,10.9,9.4,4.2,-1.0,5.0,5.2,10.1,14.1,14.9,12.9,10.8,10.7,7.7,6.4,1.5,-3.5,1.7,1.7,6.6,9.7,11.1,9.3,6.4,7.3,4.5,3.4
South West,1987,18.0,12.1,11.5,0.8,0.5,0.0,0.0,0.0,0.1,1.6,2.6,6.9,6.4,12.4,14.9,12.2,8.5,14.7,8.6,7.1,13.3,21.3,12.5,13.1,28.0,99.8,117.0,89.2,43.9,106.6,60.2,36.3,80.1,233.0,121.5,110.3,55.1,66.3,100.0,166.8,206.2,130.6,187.2,189.9,131.7,100.3,62.8,34.6,3.7,6.9,7.6,13.6,14.2,15.9,19.5,19.5,17.2,13.0,9.5,7.9,1.2,3.9,4.5,9.5,9.9,12.2,15.3,15.2,13.4,9.6,6.8,5.7,-1.2,0.9,1.5,5.3,5.7,8.6,11.1,11.0,9.7,6.2,4.2,3.6
South West,1988,2.9,6.5,3.9,3.7,0.1,0.0,0.0,0.0,0.0,1.2,9.9,1.3,25.7,11.9,18.4,7.6,10.8,7.9,20.3,14.5,10.7,15.2,7.6,8.8,226.2,95.8,141.9,51.6,88.6,46.0,158.2,131.7,84.4,130.1,56.1,52.6,55.9,106.4,91.2,160.9,199.0,179.0,132.6,154.4,145.2,98.9,89.2,26.8,8.4,7.9,9.3,11.9,15.6,18.5,16.8,18.0,16.4,13.7,9.8,9.9,5.8,4.7,6.5,7.8,11.2,14.1,13.8,14.2,12.9,10.5,6.1,7.6,3.2,1.6,3.7,3.8,6.8,9.8,10.7,10.4,9.4,7.4,2.4,5.4
South West,1989,4.3,5.7,3.0,6.1,0.1,0.1,0.0,0.0,0.0,0.0,5.5,6.8,11.5,16.8,17.3,13.6,3.8,8.9,4.3,9.3,8.8,15.7,11.0,14.5,74.5,144.9,140.4,90.4,17.3,48.1,41.8,69.6,81.0,159.8,96.3,197.1,61.7,85.2,91.3,157.9,256.8,233.4,280.1,236.8,124.6,75.4,83.4,30.4,9.1,9.2,10.6,10.2,17.9,19.0,22.7,20.6,18.0,14.8,10.1,8.2,6.2,6.0,7.2,6.2,13.0,13.9,17.6,16.0,14.0,11.6,7.1,5.2,3.4,2.9,3.9,2.2,8.0,8.9,12.6,11.4,10.0,8.5,4.2,2.4
South West,1990,2.1,0.6,2.9,5.9,0.0,0.0,0.0,0.0,0.0,0.1,4.2,10.6,24.0,19.9,7.7,9.9,4.0,15.9,6.8,8.4,9.7,17.1,13.0,15.1,207.7,220.1,28.4,44.1,27.1,96.7,54.9,59.3,72.7,132.7,98.8,129.9,44.0,67.8,127.9,210.9,267.2,125.6,289.6,198.0,174.9,84.3,80.1,48.4,9.5,10.2,11.2,12.3,17.7,16.6,21.3,21.4,17.2,14.6,9.7,7.2,6.8,7.4,7.9,7.7,12.5,12.9,16.4,17.0,12.9,11.7,6.8,4.4,4.2,4.5,4.5,3.0,7.4,9.2,11.4,12.6,8.5,8.7,4.0,1.6
South West,1991,12.6,18.6,3.1,3.4,0.2,0.3,0.0,0.0,0.0,0.3,3.8,7.2,15.2,10.1,16.1,12.5,2.8,17.6,12.8,6.2,10.3,15.4,15.0,7.6,156.1,82.9,125.0,111.5,10.3,121.1,95.6,39.0,88.7,137.7,117.3,51.4,62.9,74.4,99.7,149.5,172.2,135.2,158.1,205.3,171.9,83.4,48.3,36.0,6.3,5.1,10.7,11.3,15.1,15.2,19.4,20.4,18.9,12.8,9.7,7.8,3.6,1.8,7.4,7.5,10.8,11.7,15.8,16.0,14.5,9.7,6.8,5.2,0.8,-1.6,4.2,3.7,6.6,8.2,12.2,11.6,10.1,6.6,4.0,2.6
South West,1992,15.0,6.5,1.7,2.1,0.1,0.0,0.0,0.0,0.0,3.2,1.0,10.6,6.1,11.9,18.3,14.4,7.9,5.0,13.2,19.3,16.0,14.5,22.8,12.6,57.4,69.0,92.4,96.8,42.1,35.7,87.0,198.8,102.4,85.8,212.0,130.4,57.5,55.7,71.1,128.2,245.0,226.5,150.4,140.4,102.8,94.9,48.6,46.9,6.4,8.5,10.1,11.7,17.6,20.0,19.5,18.2,16.1,11.1,10.9,7.0,3.7,5.4,7.1,8.1,12.7,14.8,15.8,14.6,12.8,7.7,7.8,4.3,1.0,2.4,4.1,4.5,8.0,9.6,12.0,11.0,9.5,4.4,4.8,1.6
South West,1993,3.7,4.6,7.2,0.7,0.5,0.0,0.0,0.0,0.0,4.8,7.5,5.4,22.5,3.4,6.2,15.8,14.9,10.6,14.1,8.5,14.6,11.9,10.8,25.9,178.3,20.8,35.1,102.4,112.8,98.0,116.0,50.4,139.5,105.6,105.1,253.0,30.1,48.2,103.1,119.7,168.6,195.3,176.1,192.4,132.7,123.8,63.7,37.3,9.2,7.4,9.6,12.5,15.0,18.6,18.3,18.3,16.0,11.4,8.3,8.7,6.3,5.0,6.3,9.1,10.8,14.2,14.6,14.1,12.1,8.0,5.3,5.9,3.4,2.7,3.0,5.8,6.7,9.9,10.9,9.8,8.2,4.6,2.3,3.2
South West,1994,5.8,9.6,1.3,2.7,0.2,0.0,0.0,0.0,0.0,0.9,0.1,4.1,23.2,17.5,19.1,14.0,13.6,7.4,8.7,13.8,17.2,13.9,13.9,19.5,180.0,145.1,143.8,96.5,87.7,42.2,55.5,92.8,122.4,139.1,125.1,221.1,62.6,61.4,98.8,163.0,144.6,211.1,208.2,162.2,106.4,133.5,30.4,47.7,8.3,6.8,10.1,11.2,14.1,17.6,21.0,19.0,15.7,14.0,12.4,9.9,5.5,4.0,7.4,7.5,10.3,13.3,16.4,15.2,12.4,10.3,10.2,7.0,2.9,1.1,4.6,3.9,6.6,9.2,11.8,11.4,9.2,6.6,8.1,4.2
South West,1995,6.4,1.8,9.3,2.8,1.2,0.0,0.0,0.0,0.0,0.0,4.3,14.8,21.9,21.5,16.0,5.7,9.4,4.4,7.4,3.1,16.4,9.8,14.9,13.1,230.6,162.5,83.4,40.8,63.8,20.3,49.6,13.4,132.5,108.0,138.8,117.3,39.5,50.8,143.1,172.4,218.8,230.5,211.8,282.4,140.8,105.8,76.8,46.4,8.5,9.4,9.1,12.5,15.5,18.6,21.9,24.3,17.1,15.9,11.0,5.8,5.4,6.7,5.5,8.4,10.9,13.9,17.4,18.7,13.2,12.9,7.8,3.1,2.4,3.9,1.9,4.4,6.4,9.2,12.8,13.2,9.4,9.8,4.5,0.5
South West,1996,8.0,16.9,7.5,4.5,2.5,0.0,0.0,0.0,0.0,0.0,8.4,15.3,14.5,13.5,10.3,12.0,11.4,7.1,8.8,12.2,6.9,19.3,20.0,7.8,126.7,119.7,73.7,79.1,100.6,38.7,36.8,99.4,51.8,148.9,175.8,47.0,26.2,102.9,73.5,136.9,188.8,244.2,231.6,203.9,164.7,86.1,75.3,52.5,6.8,6.1,7.9,11.8,13.0,18.3,20.2,19.7,17.4,14.4,9.5,5.7,4.9,2.9,4.9,8.0,8.7,13.4,15.6,15.4,13.2,11.4,6.3,3.1,3.0,-0.2,1.9,4.2,4.5,8.7,11.0,11.1,9.0,8.4,3.2,0.5
South West,1997,15.4,3.4,1.7,2.8,0.7,0.0,0.0,0.0,0.0,2.9,1.3,7.1,5.4,19.1,7.7,4.7,15.1,14.7,9.4,16.1,6.8,9.9,21.5,15.8,17.4,178.0,40.9,29.8,95.7,129.3,40.7,169.1,51.4,97.0,205.4,140.5,49.0,57.5,120.7,198.8,240.2,117.1,234.4,155.5,151.4,119.9,59.7,60.0,5.1,9.4,11.2,13.6,15.8,17.0,20.3,21.4,17.8,14.4,11.7,9.1,2.4,6.4,7.8,8.8,11.2,13.4,15.6,17.7,13.8,10.8,8.8,6.2,-0.2,3.4,4.4,4.1,6.7,9.9,11.0,13.9,10.0,7.1,5.9,3.3
South West,1998,9.2,3.8,1.4,3.6,0.1,0.0,0.0,0.0,0.0,0.5,3.6,8.2,15.9,6.2,12.9,22.9,6.1,18.5,12.8,8.2,16.4,19.7,16.5,20.0,179.7,27.2,145.0,155.5,37.8,161.2,87.7,52.4,129.6,238.4,125.7,147.9,61.0,85.8,75.6,132.9,219.7,151.8,142.3,224.4,126.8,96.1,79.3,40.7,8.0,10.1,10.8,10.9,17.4,17.1,18.2,19.7,17.7,13.8,9.7,9.0,5.3,6.9,7.8,7.4,12.8,13.6,14.7,15.2,14.3,10.6,6.8,5.9,2.6,3.7,4.8,3.9,8.3,10.2,11.3,10.7,10.9,7.4,3.8,2.8
South West,1999,5.9,5.3,2.9,3.7,0.0,0.0,0.0,0.0,0.0,0.3,2.0,5.5,20.5,13.1,11.6,16.4,10.6,12.3,4.0,13.9,17.5,12.3,12.6,24.5,205.4,81.5,76.1,118.3,70.1,85.4,20.0,134.7,174.1,103.2,97.3,253.2,55.6,62.6,110.7,155.7,143.8,181.8,238.2,161.7,156.8,123.3,80.9,49.0,9.0,8.2,10.2,12.5,16.2,17.4,21.4,19.9,18.8,14.1,10.7,8.5,5.9,5.5,7.0,9.0,12.4,13.1,16.7,15.9,14.7,10.5,7.7,5.5,2.9,2.8,3.7,5.4,8.6,8.8,12.0,11.8,10.5,7.0,4.8,2.6
South West,2000,10.3,3.4,3.3,3.2,0.0,0.0,0.0,0.0,0.0,0.1,1.1,7.0,9.8,19.2,9.0,18.0,14.2,10.2,10.7,12.9,17.2,23.5,24.2,21.3,66.7,154.0,48.7,166.3,97.9,52.7,71.2,91.5,154.0,249.1,233.1,234.2,58.8,84.5,128.5,146.5,178.6,169.2,191.8,177.3,117.7,89.2,55.6,43.1,7.8,9.3,10.5,11.1,15.7,18.1,19.3,20.1,18.0,13.3,9.9,8.4,4.8,6.3,7.1,7.3,11.6,14.1,15.2,15.9,14.3,10.1,7.0,6.1,1.8,3.4,3.6,3.6,7.4,10.1,11.1,11.8,10.7,6.8,4.1,3.8
South West,2001,10.4,12.0,7.6,2.8,0.2,0.0,0.0,0.0,0.0,0.0,3.8,14.2,14.5,13.8,19.2,15.8,6.3,6.6,12.3,14.5,10.3,19.4,12.9,10.1,120.0,104.8,144.4,119.8,39.9,42.5,98.4,97.4,62.7,185.5,101.7,55.6,70.0,91.7,76.2,148.8,225.4,209.2,189.5,170.9,138.8,98.8,67.9,83.3,6.8,8.3,8.6,11.2,16.6,18.3,20.1,19.8,17.1,15.8,11.0,7.2,4.0,4.9,5.5,7.5,11.9,13.7,15.8,16.0,13.4,12.9,7.6,4.1,1.4,1.5,2.5,3.9,7.2,9.1,11.6,12.1,9.8,10.1,4.1,0.9
South West,2002,5.2,3.8,3.0,1.9,0.0,0.0,0.0,0.0,0.0,1.2,0.2,4.7,19.0,20.3,11.4,11.0,16.9,11.9,10.9,8.6,4.9,17.3,23.8,17.7,163.0,205.2,71.5,76.5,151.9,59.9,73.5,53.3,32.9,180.0,240.6,170.5,35.5,69.8,101.2,176.1,189.8,148.1,166.1,168.3,172.3,92.9,62.9,39.6,9.0,9.8,10.9,12.9,14.9,16.7,18.8,19.9,18.4,13.9,11.8,8.1,6.2,6.9,7.5,8.7,11.1,13.1,14.9,15.8,13.8,10.4,9.2,6.0,3.5,4.0,4.1,4.6,7.3,9.5,11.0,11.7,9.4,6.9,6.6,3.9
South West,2003,11.2,10.4,4.1,3.7,0.3,0.0,0.0,0.0,0.1,5.0,2.4,6.7,14.1,10.3,8.3,9.4,15.1,11.2,13.0,3.4,6.1,11.9,16.6,15.1,106.3,69.3,53.9,65.3,86.8,64.2,114.6,23.5,27.2,83.0,126.4,138.5,80.6,86.7,162.3,193.0,187.6,205.8,148.2,204.6,154.1,112.3,70.3,45.5,7.3,7.5,11.8,14.2,15.0,19.2,20.3,22.3,18.9,13.0,11.3,8.6,4.5,4.4,7.7,9.5,11.1,14.8,16.4,17.6,13.9,9.1,8.3,5.6,1.8,1.4,3.6,4.8,7.2,10.4,12.4,12.9,9.0,5.3,5.3,2.7
South West,2004,7.5,11.1,7.2,0.8,0.1,0.0,0.0,0.0,0.0,0.0,2.0,6.0,19.9,9.2,13.6,12.6,8.0,8.3,11.1,15.4,11.7,21.2,11.8,12.5,172.9,85.5,85.0,82.6,53.9,64.5,67.0,142.1,93.9,218.3,62.2,110.4,51.6,97.5,119.3,139.1,220.3,220.3,157.7,181.5,145.7,96.6,49.0,45.2,8.4,8.0,9.8,12.6,16.4,19.2,18.9,20.4,18.1,13.4,10.8,9.0,5.6,5.1,6.3,8.9,11.7,14.8,15.0,16.5,14.5,10.3,8.1,6.1,2.8,2.1,2.7,5.2,7.0,10.6,11.1,12.6,10.9,7.2,5.4,3.3
South West,2005,2.9,11.4,7.7,1.9,0.5,0.0,0.0,0.0,0.0,0.0,11.0,9.5,15.0,9.0,10.2,15.6,9.7,10.7,10.7,8.6,12.9,17.2,14.0,10.2,95.8,54.6,65.7,97.2,58.8,78.7,79.2,53.3,76.8,184.9,147.6,111.1,53.0,80.7,89.8,153.9,203.5,191.9,189.0,232.3,148.1,85.0,86.5,52.6,9.0,7.1,10.2,12.6,15.1,19.1,20.3,20.2,18.8,15.5,10.2,8.1,6.3,4.2,7.0,8.7,10.8,14.9,16.3,15.5,14.7,12.7,6.5,5.0,3.6,1.4,3.7,4.9,6.6,10.8,12.3,10.9,10.5,10.0,2.9,1.9
South West,2006,11.1,11.3,9.7,3.9,0.0,0.0,0.0,0.0,0.0,0.0,3.9,5.0,7.9,10.1,16.6,8.7,15.6,5.4,8.1,11.4,10.6,18.5,18.5,18.0,49.4,75.8,131.2,42.0,137.1,38.0,52.4,66.0,71.3,168.4,177.8,183.6,63.4,64.8,93.3,165.3,163.7,250.4,265.6,163.5,147.9,86.7,88.1,42.8,7.0,6.2,8.3,12.4,15.4,20.2,23.5,19.6,19.8,15.7,11.8,9.2,4.4,3.5,5.2,8.5,11.5,15.2,18.4,15.9,16.0,12.7,8.2,6.7,1.9,0.9,2.2,4.7,7.7,10.3,13.2,12.2,12.1,9.7,4.6,4.2
South West,2007,3.7,5.2,2.7,0.5,0.2,0.0,0.0,0.0,0.1,0.3,4.5,9.4,18.4,18.1,11.4,2.8,15.9,16.8,20.1,10.3,9.0,7.9,11.1,13.3,150.8,167.6,97.1,19.2,138.3,146.8,163.8,76.8,60.1,54.4,90.5,153.5,50.7,70.0,159.6,220.4,188.8,141.9,179.4,210.0,149.2,108.3,67.2,50.4,9.6,9.3,10.9,16.5,15.9,18.5,18.1,19.5,17.7,14.5,11.1,8.6,7.0,6.4,7.1,11.2,11.8,14.7,14.6,15.1,13.7,11.0,7.8,5.7,4.5,3.6,3.3,5.9,7.6,10.9,11.1,10.7,9.6,7.6,4.5,2.8
South West,2008,2.1,8.4,4.0,5.4,0.0,0.0,0.0,0.0,0.0,1.4,2.9,14.2,20.1,7.6,18.5,14.9,11.7,9.2,14.3,20.0,12.6,16.5,14.9,10.6,180.8,60.7,132.6,72.2,92.7,61.6,158.0,167.8,125.3,155.3,106.8,86.1,40.1,111.7,121.6,183.6,183.7,219.2,169.3,100.8,133.0,112.8,55.8,73.5,9.5,9.6,9.5,11.9,17.5,17.8,19.3,18.4,16.9,13.3,10.1,7.0,6.7,5.8,6.3,7.8,13.2,13.5,15.4,15.4,13.0,9.9,7.4,4.0,4.0,2.0,3.1,3.8,8.8,9.4,11.6,12.4,9.2,6.4,4.9,1.0
South West,2009,13.8,10.2,5.1,1.0,0.0,0.0,0.0,0.0,0.0,0.3,0.1,13.0,15.4,8.4,10.0,12.5,12.3,6.8,21.5,14.1,5.2,14.4,25.0,18.1,155.2,61.3,62.8,74.8,71.9,62.8,218.9,77.0,42.1,117.5,259.8,137.1,61.8,52.8,155.7,171.9,202.9,214.6,156.8,152.5,154.5,89.8,58.7,61.3,6.4,7.1,10.7,13.4,15.5,19.3,18.8,19.2,17.6,15.1,11.3,6.6,3.4,4.3,6.7,9.1,11.4,14.6,15.4,15.6,13.6,11.6,8.8,3.7,0.4,1.6,2.8,4.9,7.2,10.0,12.0,12.1,9.6,8.2,6.3,0.8
South West,2010,19.1,11.9,11.6,2.7,1.1,0.0,0.0,0.0,0.1,2.2,8.4,23.8,12.3,15.1,12.0,6.9,9.2,4.7,12.8,13.7,11.8,12.6,17.4,7.9,97.8,78.2,91.1,39.9,45.5,34.3,105.8,110.5,116.0,98.5,131.1,46.5,70.4,74.6,130.3,216.7,206.4,261.4,145.3,149.5,143.7,126.4,75.1,57.8,4.8,6.4,9.5,13.4,15.4,20.0,20.0,18.9,17.4,14.1,8.7,3.7,1.7,3.5,5.6,8.5,10.7,14.7,16.2,15.0,13.5,10.4,5.6,0.3,-1.2,0.5,1.8,3.7,6.0,9.6,12.4,11.0,9.7,6.7,2.6,-3.1
South West,2011,13.5,2.9,7.7,0.1,0.0,0.0,0.0,0.0,0.0,0.1,0.5,2.3,13.9,16.4,5.8,4.4,11.4,14.5,11.2,13.0,14.6,15.0,13.4,22.8,134.4,98.0,28.0,19.1,59.0,103.1,75.3,80.7,99.2,114.1,87.2,171.1,57.6,52.8,153.3,218.2,177.6,195.2,173.8,139.6,128.8,95.5,62.8,35.4,6.6,9.4,11.0,16.5,15.5,17.5,19.1,18.5,18.0,15.6,12.6,9.3,3.8,6.7,6.8,11.4,11.6,13.3,14.8,14.7,14.6,12.3,9.9,6.6,1.1,4.0,2.5,6.5,7.7,9.1,10.5,11.0,11.2,9.1,7.2,4.0
South West,2012,6.4,11.5,1.6,3.8,0.1,0.0,0.0,0.0,0.0,1.1,3.6,7.8,14.2,7.1,5.9,19.4,9.0,19.4,16.0,20.3,11.4,19.1,16.4,23.2,104.0,45.9,28.9,174.6,60.3,193.9,131.5,150.6,94.0,153.9,185.0,243.5,58.0,68.7,165.8,135.9,206.5,110.6,166.1,145.3,141.9,91.8,63.3,52.3,8.8,7.5,12.5,11.1,16.0,16.6,18.5,19.5,16.7,13.1,9.9,8.7,6.1,4.4,8.3,7.1,11.5,13.3,14.7,16.1,12.7,9.9,6.8,5.7,3.5,1.4,4.1,3.3,7.2,10.2,11.0,12.7,8.8,6.8,3.8,2.8
South West,2013,11.1,10.6,16.9,7.4,0.5,0.0,0.0,0.0,0.0,0.0,4.6,2.7,18.3,8.6,10.3,8.8,11.6,10.7,6.5,10.6,11.8,21.0,14.7,20.2,144.7,61.1,91.0,46.9,92.0,49.3,45.1,86.9,72.9,211.9,104.4,217.0,44.9,68.7,94.6,161.0,206.7,194.8,297.7,177.1,107.4,88.6,68.8,44.5,6.9,6.3,6.4,10.8,14.1,17.6,23.1,20.3,17.7,15.4,9.9,9.7,4.5,3.6,3.3,6.9,9.7,13.4,17.8,16.2,13.9,12.5,6.8,6.6,2.2,0.9,0.2,3.1,5.5,9.3,12.5,12.1,10.1,9.7,3.7,3.4
South West,2014,3.7,1.0,2.7,0.2,0.0,0.0,0.0,0.0,0.0,0.0,2.0,7.8,25.3,24.5,10.7,13.1,15.7,9.3,7.6,17.1,3.1,19.4,18.0,15.0,248.5,225.7,71.8,92.7,105.2,60.3,43.4,135.2,13.1,150.9,161.0,108.0,46.3,85.3,128.9,156.2,174.4,236.8,246.0,184.3,155.3,82.3,65.7,63.4,8.9,8.7,11.3,13.6,15.6,19.6,21.7,18.7,19.6,15.3,11.4,8.8,5.9,6.0,7.3,9.6,11.8,14.9,17.0,14.7,15.0,12.4,8.5,5.7,3.0,3.3,3.4,5.7,8.0,10.3,12.3,10.7,10.4,9.4,5.6,2.7
South West,2015,7.6,11.3,4.4,0.9,0.0,0.0,0.0,0.0,0.0,0.1,2.0,0.0,20.5,12.4,11.3,6.1,14.7,6.8,15.2,15.9,9.1,10.4,23.1,24.4,165.3,90.3,67.6,25.9,101.2,54.0,102.7,145.1,74.3,75.8,172.2,213.9,61.7,83.9,131.5,223.7,177.9,235.4,176.8,143.3,179.5,98.5,31.8,29.2,8.2,7.3,9.8,14.2,14.4,18.2,19.0,18.8,16.8,14.4,12.5,12.1,5.3,4.0,6.3,9.2,10.6,13.7,15.2,14.9,12.6,10.8,9.8,10.0,2.3,0.9,2.7,4.4,6.9,9.2,11.4,11.1,8.3,7.2,7.2,7.9
South West,2016,5.4,8.3,6.4,3.9,0.2,0.0,0.0,0.0,0.0,0.0,4.4,6.1,21.3,16.1,11.4,13.3,11.4,14.6,9.6,10.4,15.3,6.3,12.6,11.4,215.6,133.1,101.6,58.2,73.7,104.2,41.7,81.6,114.6,45.4,124.8,57.5,50.3,81.4,138.2,175.2,213.6,130.7,166.7,194.7,123.8,123.0,77.8,46.0,9.0,8.3,9.6,11.6,16.7,18.4,19.8,20.3,18.7,14.2,9.6,9.6,6.1,5.2,5.8,7.5,12.2,14.8,16.0,16.2,15.2,10.5,6.4,6.6,3.2,2.1,1.9,3.5,7.7,11.2,12.2,12.1,11.7,6.9,3.2,3.6
South West,2017,10.1,5.0,1.0,2.3,0.2,0.0,0.0,0.0,0.0,0.2,4.6,7.0,12.2,14.4,17.0,4.1,11.2,11.4,14.0,14.0,19.5,12.3,16.7,19.1,89.2,92.4,122.4,26.1,66.9,100.8,115.3,88.3,138.8,77.7,106.9,160.7,64.1,56.8,93.7,185.9,200.4,182.1,175.4,157.8,115.6,83.8,74.7,48.5,7.8,8.9,11.5,13.3,16.9,19.2,20.1,19.0,16.7,15.1,10.7,8.6,4.9,6.2,8.2,8.7,12.6,15.2,16.1,15.1,13.3,12.2,7.3,5.7,2.1,3.7,5.0,4.3,8.4,11.3,12.2,11.2,9.7,9.2,4.0,2.9
South West,2018,5.8,13.4,8.8,0.9,0.4,0.0,0.0,0.0,0.2,3.2,2.8,1.8,21.9,10.7,20.5,13.5,8.0,3.8,7.0,11.8,10.0,10.1,15.8,19.4,153.9,65.2,168.2,103.0,49.3,13.7,52.7,91.0,89.0,104.8,180.6,173.8,52.9,114.0,87.4,127.1,230.0,257.6,260.3,142.0,139.5,128.3,64.1,23.0,8.6,6.3,8.0,12.9,17.4,21.1,23.5,20.1,17.5,14.2,10.9,10.0,5.7,3.3,4.8,9.4,12.4,16.1,18.1,16.0,13.5,10.3,8.2,7.6,2.8,0.3,1.7,5.9,7.4,11.1,12.7,12.0,9.4,6.4,5.5,5.3
South West,2019,10.3,5.1,1.6,2.0,1.2,0.0,0.0,0.0,0.0,0.6,2.8,4.2,11.5,10.3,16.2,10.9,6.3,14.6,6.5,14.9,15.3,21.3,20.3,19.7,72.1,78.0,130.2,77.3,35.2,111.6,46.7,117.4,163.6,197.1,176.8,185.2,43.0,108.8,121.3,163.2,211.8,152.1,218.4,187.2,158.0,79.4,46.6,49.2,7.2,10.8,11.1,13.5,15.7,17.7,21.6,20.3,18.0,13.7,9.5,9.1,4.6,6.9,7.8,9.2,10.9,13.9,16.9,16.4,14.2,10.4,6.8,6.3,2.0,3.1,4.5,5.0,6.2,10.1,12.2,12.4,10.4,7.2,4.2,3.4
South West,2020,4.6,1.6,4.2,1.9,1.5,0.0,0.0,0.0,0.0,0.0,2.3,5.8,16.9,23.5,14.0,7.0,2.8,16.2,10.9,15.7,8.4,22.3,17.3,24.1,128.6,240.9,91.0,44.1,12.1,135.4,77.0,153.9,59.4,196.3,107.9,241.0,53.1,67.4,155.4,228.9,311.1,179.4,184.5,148.6,163.0,71.2,65.4,43.5,8.9,9.4,10.3,15.8,17.9,18.6,19.0,20.5,18.3,13.3,11.7,8.3,6.3,6.6,6.6,10.6,12.3,14.4,15.1,16.8,13.9,10.4,8.6,5.7,3.7,3.9,2.9,5.4,6.8,10.3,11.2,13.1,9.5,7.5,5.6,3.1
South West,2021,14.3,9.1,5.1,9.3,1.7,0.0,0.0,0.0,0.0,0.0,3.8,2.4,18.1,14.7,9.8,3.8,19.9,8.1,13.3,10.5,9.6,15.2,11.1,18.8,173.6,132.8,63.8,13.4,188.4,50.1,99.4,61.3,98.3,200.1,49.3,145.4,38.9,68.4,116.8,243.9,178.2,185.1,215.7,138.4,132.1,97.9,64.6,29.8,6.7,8.3,10.7,12.0,13.8,19.2,21.5,19.2,19.4,15.1,10.8,9.8,3.9,5.3,7.0,6.8,9.8,14.7,17.1,15.3,15.3,12.1,7.7,7.4,1.2,2.4,3.4,1.6,5.9,10.3,12.8,11.5,11.2,9.0,4.7,5.1
South West,2022,9.7,1.6,2.4,4.3,0.0,0.0,0.0,0.0,0.0,0.0,0.4,12.4,10.7,16.5,9.0,8.6,12.4,11.7,4.4,6.7,13.1,20.6,21.4,15.7,60.4,141.0,63.3,36.8,56.8,69.1,29.3,35.1,111.1,148.7,221.5,157.3,58.5,68.2,163.9,177.1,171.5,222.8,221.1,239.5,120.0,118.8,66.8,53.5,8.5,9.9,11.8,13.6,16.5,19.0,22.2,23.3,18.2,16.2,12.0,7.2,5.2,7.0,7.8,8.9,12.3,14.2,17.1,17.9,14.1,12.8,9.3,4.2,2.0,4.1,3.6,4.2,8.2,9.5,12.1,12.6,10.0,9.5,6.6,1.1
South West,2023,9.0,8.2,3.6,1.8,0.0,0.0,0.0,0.0,0.0,0.1,2.8,3.8,17.1,5.3,22.6,13.1,6.8,7.1,17.7,15.5,14.0,18.5,20.4,22.7,173.0,20.9,196.5,86.9,50.0,35.8,158.0,101.6,120.6,182.4,179.5,229.4,65.3,80.4,66.2,144.0,260.6,256.4,144.5,140.2,144.4,94.3,58.7,26.6,8.4,9.4,9.9,12.6,17.5,21.9,19.1,19.5,20.4,15.7,10.9,10.1,5.4,6.1,7.1,8.7,12.5,16.8,15.6,15.9,16.3,12.5,8.1,7.8,2.4,2.8,4.2,4.7,7.6,11.7,12.2,12.2,12.3,9.3,5.4,5.5
South West,2024,11.5,2.1,3.0,0.8,0.0,0.0,0.0,0.0,0.1,0.4,3.8,0.6,12.0,21.3,21.0,15.4,12.2,5.9,12.3,11.9,16.2,15.1,11.9,14.3,125.8,227.7,159.7,115.0,94.7,35.4,93.9,72.9,160.2,141.1,141.8,111.9,67.3,43.3,97.8,122.1,180.6,207.1,177.9,165.1,115.1,102.9,46.4,26.8,7.6,10.3,10.9,12.7,17.1,18.1,19.6,20.1,17.1,14.9,11.1,9.4,4.8,7.8,7.8,9.3,12.9,13.6,15.4,16.2,13.6,11.6,8.3,7.1,1.9,5.3,4.6,5.9,8.8,9.2,11.3,12.3,10.1,8.2,5.5,4.9
South West,2025,9.7,3.4,8.8,0.5,0.2,0.0,0.0,0.0,0.1,0.0,4.8,2.5,14.0,12.0,3.6,7.8,6.8,12.6,10.0,9.2,16.8,15.2,20.4,16.5,164.4,98.1,16.5,86.5,36.6,92.3,42.8,61.5,154.7,124.6,211.9,201.9,65.7,68.8,169.6,224.4,270.3,191.8,217.3,204.9,151.6,66.8,70.8,65.1,7.4,8.1,11.9,15.6,18.3,20.2,22.0,21.7,17.3,14.2,11.6,9.3,4.3,5.5,7.5,10.4,13.1,16.1,17.5,17.0,13.4,11.4,8.7,6.8,1.3,3.0,3.1,5.2,8.0,12.1,13.0,12.2,9.6,8.6,5.9,4.3
South West,2026,8.7,2.0,1.0,0.8,0.3,0.0,,,,,,,23.5,22.5,11.2,8.7,9.3,14.0,,,,,,,215.3,173.7,67.5,40.5,55.2,93.5,,,,,,,60.5,48.6,141.5,216.6,214.7,200.3,,,,,,,7.9,9.7,11.8,14.9,18.0,20.5,,,,,,,4.8,7.4,8.2,10.1,13.3,16.5,,,,,,,1.9,5.2,4.5,5.3,8.7,12.6,,,,,,
Wales,1836,,,,,,,,,,,,,,,,,,,,,,,,,120.7,76.5,180.9,94.1,6.8,106.0,124.2,69.7,132.7,143.4,225.2,156.8,,,,,,,,,,,,,,,,,,,,,,,,,,,,,,,,,,,,,,,,,,,,,,,,
Wales,1837,,,,,,,,,,,,,,,,,,,,,,,,,125.2,143.9,47.4,57.0,50.4,69.3,74.6,119.2,106.3,156.6,155.6,121.6,,,,,,,,,,,,,,,,,,,,,,,,,,,,,,,,,,,,,,,,,,,,,,,,
Wales,1838,,,,,,,,,,,,,,,,,,,,,,,,,36.3,83.7,71.8,87.7,99.6,147.5,84.2,138.2,42.8,155.9,210.6,101.6,,,,,,,,,,,,,,,,,,,,,,,,,,,,,,,,,,,,,,,,,,,,,,,,
Wales,1839,,,,,,,,,,,,,,,,,,,,,,,,,105.9,93.8,93.3,62.7,34.2,144.4,216.4,127.1,205.6,146.9,194.1,118.1,,,,,,,,,,,,,,,,,,,,,,,,,,,,,,,,,,,,,,,,,,,,,,,,
Wales,1840,,,,,,,,,,,,,,,,,,,,,,,,,159.3,102.4,7.7,31.0,89.1,91.7,119.6,122.3,117.1,81.0,237.7,26.5,,,,,,,,,,,,,,,,,,,,,,,,,,,,,,,,,,,,,,,,,,,,,,,,
Wales,1841,,,,,,,,,,,,,,,,,,,,,,,,,116.9,78.7,119.6,79.7,98.7,87.4,116.2,171.2,189.7,184.2,187.7,208.1,,,,,,,,,,,,,,,,,,,,,,,,,,,,,,,,,,,,,,,,,,,,,,,,
Wales,1842,,,,,,,,,,,,,,,,,,,,,,,,,117.0,69.3,148.9,12.2,86.4,87.9,100.8,50.4,109.1,78.0,269.5,113.7,,,,,,,,,,,,,,,,,,,,,,,,,,,,,,,,,,,,,,,,,,,,,,,,
Wales,1843,,,,,,,,,,,,,,,,,,,,,,,,,118.6,62.9,48.6,133.7,99.5,111.0,88.5,114.1,26.6,254.5,162.0,39.9,,,,,,,,,,,,,,,,,,,,,,,,,,,,,,,,,,,,,,,,,,,,,,,,
Wales,1844,,,,,,,,,,,,,,,,,,,,,,,,,88.0,119.3,108.8,35.8,4.1,35.7,81.6,126.3,86.8,148.6,98.9,25.5,,,,,,,,,,,,,,,,,,,,,,,,,,,,,,,,,,,,,,,,,,,,,,,,
Wales,1845,,,,,,,,,,,,,,,,,,,,,,,,,108.8,48.1,62.7,77.9,48.9,96.9,115.8,169.5,113.0,65.6,125.0,174.2,,,,,,,,,,,,,,,,,,,,,,,,,,,,,,,,,,,,,,,,,,,,,,,,
Wales,1846,,,,,,,,,,,,,,,,,,,,,,,,,145.3,59.0,107.8,134.2,53.9,79.5,122.9,143.1,69.9,186.6,97.8,54.9,,,,,,,,,,,,,,,,,,,,,,,,,,,,,,,,,,,,,,,,,,,,,,,,
Wales,1847,,,,,,,,,,,,,,,,,,,,,,,,,112.7,85.3,83.0,65.8,98.0,79.9,51.5,82.5,115.4,199.4,109.1,214.4,,,,,,,,,,,,,,,,,,,,,,,,,,,,,,,,,,,,,,,,,,,,,,,,
Wales,1848,,,,,,,,,,,,,,,,,,,,,,,,,76.2,180.6,126.4,110.5,51.2,138.8,109.2,183.0,126.2,169.9,96.6,158.3,,,,,,,,,,,,,,,,,,,,,,,,,,,,,,,,,,,,,,,,,,,,,,,,
Wales,1849,,,,,,,,,,,,,,,,,,,,,,,,,136.0,66.6,39.6,105.1,98.6,31.2,100.2,101.2,131.2,156.1,109.3,126.3,,,,,,,,,,,,,,,,,,,,,,,,,,,,,,,,,,,,,,,,,,,,,,,,
Wales,1850,,,,,,,,,,,,,,,,,,,,,,,,,77.4,91.1,42.8,134.3,73.1,47.7,83.5,106.2,87.5,72.4,151.1,117.2,,,,,,,,,,,,,,,,,,,,,,,,,,,,,,,,,,,,,,,,,,,,,,,,
Wales,1851,,,,,,,,,,,,,,,,,,,,,,,,,245.0,67.3,151.3,62.1,47.6,109.8,114.7,90.7,44.2,129.8,74.9,61.7,,,,,,,,,,,,,,,,,,,,,,,,,,,,,,,,,,,,,,,,,,,,,,,,
Wales,1852,,,,,,,,,,,,,,,,,,,,,,,,,220.8,140.1,18.0,34.9,84.6,145.4,89.8,206.3,136.8,144.1,321.1,241.3,,,,,,,,,,,,,,,,,,,,,,,,,,,,,,,,,,,,,,,,,,,,,,,,
Wales,1853,,,,,,,,,,,,,,,,,,,,,,,,,159.0,49.1,47.5,93.6,55.4,118.2,143.9,104.8,75.3,151.8,104.7,44.7,,,,,,,,,,,,,,,,,,,,,,,,,,,,,,,,,,,,,,,,,,,,,,,,
Wales,1854,,,,,,,,,,,,,,,,,,,,,,,,,129.9,56.0,44.1,19.9,82.9,84.1,125.5,83.7,66.1,101.2,90.2,116.1,,,,,,,,,,,,,,,,,,,,,,,,,,,,,,,,,,,,,,,,,,,,,,,,
Wales,1855,,,,,,,,,,,,,,,,,,,,,,,,,15.1,47.5,84.2,23.8,70.3,127.0,139.6,84.5,44.5,186.6,38.0,80.8,,,,,,,,,,,,,,,,,,,,,,,,,,,,,,,,,,,,,,,,,,,,,,,,
Wales,1856,,,,,,,,,,,,,,,,,,,,,,,,,127.8,108.7,39.6,106.7,69.4,70.5,81.1,122.6,136.8,111.0,64.0,156.2,,,,,,,,,,,,,,,,,,,,,,,,,,,,,,,,,,,,,,,,,,,,,,,,
Wales,1857,,,,,,,,,,,,,,,,,,,,,,,,,117.8,87.6,123.7,126.6,70.7,88.4,101.6,109.7,95.2,109.7,66.9,78.1,,,,,,,,,,,,,,,,,,,,,,,,,,,,,,,,,,,,,,,,,,,,,,,,
Wales,1858,,,,,,,,,,,,,,,,,,,,,,,,,55.9,31.7,59.9,132.2,85.2,66.8,76.9,84.1,133.1,167.4,61.4,135.5,,,,,,,,,,,,,,,,,,,,,,,,,,,,,,,,,,,,,,,,,,,,,,,,
Wales,1859,,,,,,,,,,,,,,,,,,,,,,,,,97.0,83.1,150.8,121.0,33.0,62.2,95.4,134.5,184.0,138.2,144.2,155.2,,,,,,,,,,,,,,,,,,,,,,,,,,,,,,,,,,,,,,,,,,,,,,,,
Wales,1860,,,,,,,,,,,,,,,,,,,,,,,,,157.7,56.7,125.9,64.5,104.0,209.8,71.2,241.2,93.5,148.5,90.7,132.1,,,,,,,,,,,,,,,,,,,,,,,,,,,,,,,,,,,,,,,,,,,,,,,,
Wales,1861,,,,,,,,,,,,,,,,,,,,,,,,,52.7,125.0,119.4,29.4,42.3,94.6,164.6,129.7,137.9,85.3,189.2,103.8,,,,,,,,,,,,,,,,,,,,,,,,,,,,,,,,,,,,,,,,,,,,,,,,
Wales,1862,,,,,,,,,,,,,,,,,,,,,,,,,123.2,32.5,129.5,120.8,106.1,111.3,127.9,98.3,112.7,194.3,60.5,137.7,,,,,,,,,,,,,,,,,,,,,,,,,,,,,,,,,,,,,,,,,,,,,,,,
Wales,1863,,,,,,,,,,,,,,,,,,,,,,,,,151.8,54.4,50.2,53.7,56.0,113.4,45.0,144.6,180.8,209.3,141.5,79.4,,,,,,,,,,,,,,,,,,,,,,,,,,,,,,,,,,,,,,,,,,,,,,,,
Wales,1864,,,,,,,,,,,,,,,,,,,,,,,,,93.7,67.9,95.6,45.4,54.7,87.3,46.3,69.2,151.8,88.0,140.9,85.7,,,,,,,,,,,,,,,,,,,,,,,,,,,,,,,,,,,,,,,,,,,,,,,,
Wales,1865,,,,,,,,,,,,,,,,,,,,,,,,,131.3,103.5,69.9,36.4,135.0,47.9,90.4,167.1,16.7,172.6,155.5,97.0,,,,,,,,,,,,,,,,,,,,,,,,,,,,,,,,,,,,,,,,,,,,,,,,
Wales,1866,,,,,,,,,,,,,,,,,,,,,,,,,204.6,149.2,110.3,47.9,43.0,120.2,54.0,130.6,255.9,72.2,136.9,132.9,,,,,,,,,,,,,,,,,,,,,,,,,,,,,,,,,,,,,,,,,,,,,,,,
Wales,1867,,,,,,,,,,,,,,,,,,,,,,,,,176.9,103.5,103.5,146.7,92.0,27.0,118.4,62.2,101.1,186.2,41.3,108.8,,,,,,,,,,,,,,,,,,,,,,,,,,,,,,,,,,,,,,,,,,,,,,,,
Wales,1868,,,,,,,,,,,,,,,,,,,,,,,,,153.7,95.5,128.3,76.2,63.8,15.4,35.3,126.9,96.1,138.3,99.0,297.1,,,,,,,,,,,,,,,,,,,,,,,,,,,,,,,,,,,,,,,,,,,,,,,,
Wales,1869,,,,,,,,,,,,,,,,,,,,,,,,,196.2,165.5,63.3,77.3,116.1,28.6,39.9,62.1,235.2,108.7,135.5,170.9,,,,,,,,,,,,,,,,,,,,,,,,,,,,,,,,,,,,,,,,,,,,,,,,
Wales,1870,,,,,,,,,,,,,,,,,,,,,,,,,110.8,111.5,82.9,40.9,70.9,31.2,52.9,73.2,84.8,272.8,152.5,82.2,,,,,,,,,,,,,,,,,,,,,,,,,,,,,,,,,,,,,,,,,,,,,,,,
Wales,1871,,,,,,,,,,,,,,,,,,,,,,,,,114.1,104.6,73.5,121.3,28.7,72.3,163.9,79.4,143.9,177.9,50.3,108.1,,,,,,,,,,,,,,,,,,,,,,,,,,,,,,,,,,,,,,,,,,,,,,,,
Wales,1872,,,,,,,,,,,,,,,,,,,,,,,,,237.0,163.7,134.4,85.5,71.0,159.4,143.0,101.9,180.9,230.6,252.2,226.8,,,,,,,,,,,,,,,,,,,,,,,,,,,,,,,,,,,,,,,,,,,,,,,,
Wales,1873,,,,,,,,,,,,,,,,,,,,,,,,,214.5,53.5,109.6,35.7,73.7,59.4,113.1,150.2,100.8,136.8,86.0,56.4,,,,,,,,,,,,,,,,,,,,,,,,,,,,,,,,,,,,,,,,,,,,,,,,
Wales,1874,,,,,,,,,,,,,,,,,,,,,,,,,154.1,108.0,96.7,69.0,42.6,38.6,72.9,179.4,149.7,168.6,137.8,149.3,,,,,,,,,,,,,,,,,,,,,,,,,,,,,,,,,,,,,,,,,,,,,,,,
Wales,1875,,,,,,,,,,,,,,,,,,,,,,,,,196.7,69.4,50.1,63.3,81.8,108.5,144.0,120.6,153.6,188.3,189.6,80.2,,,,,,,,,,,,,,,,,,,,,,,,,,,,,,,,,,,,,,,,,,,,,,,,
Wales,1876,,,,,,,,,,,,,,,,,,,,,,,,,79.5,162.6,124.4,99.2,17.6,60.1,74.9,135.6,174.1,159.3,151.5,240.8,,,,,,,,,,,,,,,,,,,,,,,,,,,,,,,,,,,,,,,,,,,,,,,,
Wales,1877,,,,,,,,,,,,,,,,,,,,,,,,,226.9,140.4,104.7,101.9,105.8,83.8,149.3,186.6,105.6,163.4,234.4,120.6,,,,,,,,,,,,,,,,,,,,,,,,,,,,,,,,,,,,,,,,,,,,,,,,
Wales,1878,,,,,,,,,,,,,,,,,,,,,,,,,109.4,74.5,64.6,75.2,153.5,105.8,51.9,186.7,108.7,182.5,132.8,95.5,,,,,,,,,,,,,,,,,,,,,,,,,,,,,,,,,,,,,,,,,,,,,,,,
Wales,1879,,,,,,,,,,,,,,,,,,,,,,,,,76.2,144.1,69.1,63.8,84.1,185.4,154.2,235.1,139.9,60.8,30.8,83.7,,,,,,,,,,,,,,,,,,,,,,,,,,,,,,,,,,,,,,,,,,,,,,,,
Wales,1880,,,,,,,,,,,,,,,,,,,,,,,,,31.9,130.9,73.7,72.1,63.9,106.3,198.0,42.8,105.2,159.4,167.6,196.4,,,,,,,,,,,,,,,,,,,,,,,,,,,,,,,,,,,,,,,,,,,,,,,,
Wales,1881,,,,,,,,,,,,,,,,,,,,,,,,,36.0,154.5,113.8,48.1,96.5,107.7,79.9,167.5,62.1,103.2,185.9,144.7,,,,,,,,,,,,,,,,,,,,,,,,,,,,,,,,,,,,,,,,,,,,,,,,
Wales,1882,,,,,,,,,,,,,,,,,,,,,,,,,138.7,119.2,102.0,142.5,66.9,140.1,178.2,145.2,101.7,176.0,212.6,176.2,,,,,,,,,,,,,,,,,,,,,,,,,,,,,,,,,,,,,,,,,,,,,,,,
Wales,1883,,,,,,,,,,,,,,,,,,,,,,,,,182.4,168.9,57.6,36.7,61.7,114.2,106.1,77.6,180.3,156.2,176.5,91.5,,,,,,,,,,,,,,,,,,,,,,,,,,,,,,,,,,,,,,,,,,,,,,,,
Wales,1884,,,,,,,,,,,,,,,,,,,,,,,,,185.6,163.2,122.7,53.6,70.1,55.3,124.0,66.3,102.4,82.1,92.2,183.0,,,,,,,,,,,,,7.9,6.7,8.1,9.7,14.2,16.9,17.9,19.8,16.9,11.8,8.0,6.4,5.8,4.3,5.1,6.0,9.7,12.3,14.3,15.2,13.3,8.8,5.4,4.1,3.6,1.9,2.2,2.3,5.4,8.0,10.6,10.7,9.8,5.8,2.7,1.9
Wales,1885,,,,,,,,,,,,,,,,,,,,,,,,,115.4,175.7,68.5,88.6,83.1,77.8,49.8,85.3,184.7,189.6,149.4,59.1,,,,,,,,,,,,,4.8,7.7,7.2,10.4,11.5,17.0,19.2,17.3,15.1,9.8,7.6,5.9,2.6,4.9,3.7,6.3,7.5,12.4,14.4,12.7,11.2,6.6,5.3,3.0,0.5,2.2,0.4,2.2,3.7,8.0,9.7,8.2,7.3,3.5,2.9,0.2
Wales,1886,,,,,,,,,,,,,,,,,,,,,,,,,162.0,48.0,153.3,78.4,156.9,48.6,128.7,65.3,145.0,211.8,149.6,195.9,,,,,,,,,,,,,4.1,3.8,5.9,11.0,13.8,16.8,18.7,18.6,16.1,12.9,8.9,5.3,1.4,1.1,2.7,6.9,9.4,12.3,14.5,14.4,12.3,10.2,6.4,2.3,-1.3,-1.5,-0.3,2.6,5.1,8.1,10.2,10.3,8.6,7.6,4.0,-0.6
Wales,1887,,,,,,,,,,,,,,,,,,,,,,,,,111.7,42.2,65.9,49.0,65.4,24.2,75.5,79.1,120.7,94.8,111.8,121.8,,,,,,,,,,,,,5.3,6.5,6.4,9.8,12.4,20.4,20.6,19.6,14.5,10.4,6.6,5.6,2.4,3.2,2.8,5.2,8.4,14.6,15.5,14.0,10.7,6.6,3.8,2.6,-0.4,0.0,-0.7,0.6,4.7,8.9,10.5,8.8,7.0,2.9,1.1,-0.3
Wales,1888,,,,,,,,,,,,,,,,,,,,,,,,,59.5,33.1,106.7,64.7,51.3,99.3,195.4,136.3,38.8,89.2,223.3,150.9,,,,,,,,,,,,,5.2,3.5,5.4,8.8,14.4,16.6,16.1,17.0,15.7,11.9,9.3,7.5,2.6,1.2,2.3,5.5,9.5,12.3,12.7,13.0,11.3,7.9,7.1,4.6,0.0,-1.1,-0.8,2.1,4.8,8.1,9.3,9.2,7.0,3.9,4.9,1.8
Wales,1889,,,,,,,,,,,,,,,,,,,,,,,,,60.2,83.9,91.7,122.7,94.0,17.2,96.8,134.0,76.7,149.2,76.1,106.3,,,,,,,,,,,,,5.7,5.5,7.0,9.4,15.3,19.1,18.3,17.2,16.1,11.2,9.1,6.2,3.2,2.6,3.8,6.0,10.9,13.9,13.9,13.4,12.1,7.9,6.5,3.3,0.7,-0.3,0.7,2.5,6.7,8.9,9.5,9.8,8.3,4.6,3.9,0.5
Wales,1890,,,,,,,,,,,,,,,,,,,,,,,,,203.2,34.1,82.6,48.6,79.1,90.5,95.1,129.2,62.2,95.3,213.2,41.7,,,,,,,,,,,,,8.3,5.4,8.6,10.7,15.2,16.3,17.0,16.9,18.0,12.6,8.7,1.5,5.3,2.4,5.3,6.5,10.6,12.4,13.2,13.2,13.7,9.1,5.8,-0.8,2.4,-0.5,2.0,2.3,6.2,8.6,9.4,9.5,9.5,5.6,2.9,-3.0
Wales,1891,,,,,,,,,,,,,12.7,1.0,14.0,11.1,17.6,12.3,15.6,23.1,16.9,22.1,16.4,19.1,112.3,8.1,60.4,85.9,100.1,95.7,83.2,207.0,131.0,257.0,133.0,243.0,,,,,,,,,,,,,4.5,9.0,6.6,9.5,13.1,18.2,17.5,16.3,17.1,11.9,8.0,7.1,1.4,4.7,3.4,5.6,8.6,13.6,13.6,12.9,13.3,8.6,5.2,4.1,-1.6,0.5,0.2,1.7,4.2,9.1,9.6,9.6,9.5,5.3,2.3,1.1
Wales,1892,,,,,,,,,,,,,18.3,14.7,8.7,8.2,13.6,12.3,11.1,16.1,16.4,20.3,17.1,13.7,96.4,75.2,41.1,43.4,74.7,77.6,81.4,135.3,125.5,154.9,109.5,81.3,,,,,,,,,,,,,4.4,5.7,6.0,12.2,14.7,16.8,17.2,17.7,14.7,9.7,9.1,5.3,1.8,3.1,2.1,6.8,10.2,12.1,13.2,13.9,11.2,6.3,6.4,2.4,-0.8,0.4,-1.7,1.4,5.8,7.7,9.1,10.3,7.8,2.9,3.7,-0.4
Wales,1893,,,,,,,,,,,,,14.7,21.5,6.6,3.0,10.8,10.0,15.1,13.6,14.1,18.2,12.5,17.2,77.3,164.5,29.8,13.5,67.2,62.6,96.6,97.4,91.2,143.6,98.1,168.9,,,,,,,,,,,,,4.4,6.9,11.8,15.7,17.2,19.9,19.5,20.4,16.3,12.8,7.6,7.6,1.9,4.1,6.9,9.9,12.2,14.5,15.4,16.1,12.2,9.2,4.7,4.6,-0.5,1.4,2.1,4.0,7.4,9.1,11.3,11.9,8.0,5.7,1.9,1.6
Wales,1894,,,,,,,,,,,,,22.5,18.5,11.6,14.8,15.8,14.2,18.3,18.2,9.1,15.1,16.5,17.0,147.8,141.2,104.6,65.3,108.0,70.3,119.9,124.7,45.7,175.4,179.6,127.9,,,,,,,,,,,,,5.7,7.7,10.4,13.5,12.4,17.2,19.0,16.8,15.1,12.1,9.8,7.5,2.9,4.6,6.0,8.9,8.2,12.5,14.6,13.1,10.8,8.7,7.2,5.0,0.2,1.5,1.6,4.3,4.2,8.4,10.5,9.9,6.7,5.3,4.5,2.5
Wales,1895,,,,,,,,,,,,,19.8,2.9,16.1,12.3,5.2,7.4,14.5,16.5,7.5,17.9,19.7,19.7,134.4,10.0,129.6,85.6,18.6,32.5,146.4,122.7,38.5,148.1,179.9,117.4,,,,,,,,,,,,,2.4,0.9,7.8,11.2,17.3,19.7,18.3,18.5,19.9,10.2,9.6,6.0,-0.4,-2.8,4.3,7.3,11.0,13.3,13.9,14.2,14.7,6.5,6.8,3.5,-3.2,-6.4,0.8,3.3,5.3,7.6,9.9,10.4,9.6,2.9,4.0,1.0
Wales,1896,,,,,,,,,,,,,8.7,6.9,23.4,12.4,2.8,14.6,11.9,15.8,25.1,19.8,6.5,21.7,56.1,37.6,156.2,39.0,7.8,66.0,92.9,89.2,217.1,163.1,45.1,207.2,,,,,,,,,,,,,6.6,7.4,9.4,12.7,17.3,20.3,20.1,17.2,15.4,9.7,6.9,6.0,4.2,4.2,6.0,8.4,11.3,14.8,15.0,13.2,12.1,6.0,3.6,3.2,1.7,1.0,2.6,4.3,5.4,9.9,10.2,9.4,8.9,2.5,0.3,0.5
Wales,1897,,,,,,,,,,,,,14.3,15.0,20.0,19.2,11.0,12.0,8.1,22.3,13.5,9.0,11.1,18.9,63.6,116.4,165.4,115.4,47.2,88.6,60.7,161.6,144.7,65.9,134.8,211.6,,,,,,,,,,,,,3.4,7.6,8.7,10.1,14.4,19.2,20.7,19.3,15.1,13.3,10.0,7.6,1.0,5.3,5.5,6.4,9.1,14.1,15.6,14.9,11.2,9.7,7.0,4.6,-1.3,3.0,2.4,2.8,4.2,9.6,10.8,10.9,7.3,6.2,3.9,1.7
Wales,1898,,,,,,,,,,,,,9.4,17.9,10.1,10.7,19.6,13.6,4.3,16.6,6.6,19.9,15.1,17.1,92.7,97.0,45.0,83.8,124.9,80.6,34.6,153.1,59.9,182.0,116.1,171.2,,,,,,,,,,,,,8.1,7.1,7.1,12.0,13.4,17.5,19.5,19.5,18.9,13.4,9.5,9.6,5.7,4.0,3.3,7.5,9.3,12.5,14.3,15.0,13.9,10.4,6.6,7.0,3.3,1.0,-0.4,3.2,5.4,8.0,9.4,10.9,9.1,7.3,3.7,4.4
Wales,1899,,,,,,,,,,,,,20.9,13.7,9.2,19.7,14.2,7.5,9.0,9.4,19.0,11.5,10.8,17.4,226.3,125.5,62.0,133.5,90.5,57.8,62.3,51.3,105.6,117.6,108.2,96.9,,,,,,,,,,,,,7.2,8.2,9.3,10.6,13.8,20.5,20.3,23.2,16.5,13.3,10.7,4.9,4.3,4.7,4.7,7.1,9.1,14.4,15.5,17.1,12.6,8.9,8.1,1.9,1.5,1.1,0.4,3.6,4.8,8.9,10.9,11.5,8.8,4.6,5.5,-1.0
Wales,1900,,,,,,,,,,,,,22.7,18.2,8.6,12.6,11.3,16.0,10.7,16.3,9.5,20.6,20.9,22.8,150.4,156.7,34.6,60.9,81.7,95.1,59.1,165.5,61.3,179.1,145.6,201.9,,,,,,,,,,,,,6.6,5.0,5.7,11.7,13.4,17.4,20.7,18.4,17.2,12.4,8.9,9.1,4.1,2.4,2.5,7.3,8.8,13.0,15.7,14.0,12.6,8.9,6.2,6.6,1.6,-1.0,-0.7,2.9,4.5,8.8,10.9,9.8,7.9,5.4,3.5,4.1
Wales,1901,,,,,,,,,,,,,16.7,8.7,13.2,15.4,8.2,11.0,9.7,14.4,15.0,20.3,10.3,21.8,101.5,49.9,122.0,110.1,32.8,84.7,68.8,124.4,84.5,116.2,103.5,188.3,,,,,,,,,,,,,5.4,4.3,6.4,11.9,16.3,17.0,21.3,18.5,16.3,12.3,7.7,5.8,2.9,1.7,3.4,7.5,10.7,12.4,16.2,14.6,12.7,9.0,4.4,3.2,0.5,-0.9,0.2,2.9,5.5,8.1,11.5,10.8,9.1,5.8,1.1,0.6
Wales,1902,,,,,,,,,,,,,15.4,9.7,15.7,11.8,18.8,15.2,10.0,17.9,12.6,15.4,15.3,13.5,84.7,48.6,85.8,65.0,92.1,88.2,65.0,96.5,70.1,126.4,117.5,128.8,,,,,,,,,,,,,6.6,4.0,9.4,10.8,11.7,16.8,17.7,17.5,16.1,11.7,8.8,6.5,4.3,1.1,6.0,6.4,7.9,12.6,13.3,13.2,11.9,9.0,6.3,4.0,2.0,-1.9,2.8,1.9,4.1,8.6,9.0,9.2,7.7,6.3,3.7,1.6
Wales,1903,,,,,,,,,,,,,19.2,14.1,25.2,10.1,15.7,8.5,15.4,19.6,16.6,29.0,16.4,15.8,179.3,123.8,215.9,66.0,96.7,54.5,105.9,194.7,161.2,326.4,112.6,120.1,,,,,,,,,,,,,6.0,8.6,8.9,9.5,13.9,15.4,17.2,16.3,15.4,12.3,8.9,5.4,3.6,6.0,6.0,5.8,9.8,11.4,13.4,12.9,11.8,9.7,6.2,3.2,1.2,3.4,3.2,1.9,5.8,7.4,9.6,9.6,8.2,7.3,3.6,1.0
Wales,1904,,,,,,,,,,,,,21.3,21.6,11.9,14.0,14.0,8.4,13.6,15.1,11.2,9.3,11.2,18.5,164.7,154.5,70.8,88.0,75.8,55.2,81.4,118.3,82.2,73.8,92.2,123.6,,,,,,,,,,,,,6.2,5.3,6.5,10.5,13.0,16.1,19.2,17.4,15.7,12.5,8.4,6.6,3.9,3.2,3.7,7.5,9.2,11.9,15.2,13.6,11.7,9.2,5.3,4.0,1.5,1.1,0.9,4.5,5.6,7.9,11.1,9.8,7.6,6.0,2.2,1.4
Wales,1905,,,,,,,,,,,,,11.2,12.9,20.3,19.8,5.0,14.0,10.6,19.6,10.9,13.6,18.5,9.2,65.9,60.8,172.6,116.2,29.9,82.0,64.2,169.7,69.2,93.3,141.5,47.6,,,,,,,,,,,,,5.9,6.8,8.9,9.6,13.9,17.8,19.2,17.1,14.6,10.4,7.4,7.2,3.5,4.6,5.9,6.7,9.7,13.2,15.0,13.3,11.1,6.8,4.6,4.9,1.2,2.4,2.9,3.8,5.4,9.0,10.9,9.6,7.7,3.3,1.8,2.5
Wales,1906,,,,,,,,,,,,,21.2,18.1,12.4,10.7,18.9,10.1,10.0,15.5,6.1,24.8,15.7,18.9,205.1,120.6,105.1,39.9,120.5,67.1,40.8,134.4,38.7,212.4,116.7,125.3,,,,,,,,,,,,,7.4,5.7,7.4,11.0,12.3,16.9,18.0,19.0,17.3,13.0,9.4,6.2,4.9,2.9,4.2,6.2,8.9,12.7,13.8,15.3,12.6,10.0,6.6,3.5,2.5,0.1,1.1,1.4,5.7,8.5,9.8,11.7,7.9,7.0,3.7,0.9
Wales,1907,,,,,,,,,,,,,14.6,12.0,12.8,17.7,16.9,24.3,16.3,17.6,5.9,24.9,16.7,19.2,77.3,70.2,67.6,95.0,96.0,147.3,92.9,128.9,28.5,226.3,106.8,155.3,,,,,,,,,,,,,5.7,5.3,9.6,10.2,13.2,14.2,17.4,16.4,17.6,12.1,9.1,6.7,3.4,2.3,5.5,6.5,9.3,11.0,13.5,13.1,13.2,8.9,6.3,4.5,1.0,-0.7,1.4,2.8,5.6,7.9,9.6,10.0,8.8,5.8,3.5,2.1
Wales,1908,,,,,,,,,,,,,13.5,17.5,19.7,12.8,15.5,9.0,12.0,13.6,17.0,10.4,13.1,22.6,101.0,92.0,133.2,83.4,91.3,60.1,130.9,146.0,115.6,71.5,104.0,141.1,,,,,,,,,,,,,5.3,7.2,6.8,9.1,14.8,17.4,18.6,17.5,15.3,15.2,10.2,6.7,2.4,4.9,3.7,5.4,10.9,12.8,14.5,13.7,12.0,11.7,7.3,4.5,-0.6,2.6,0.7,1.8,7.1,8.4,10.4,9.9,8.8,8.0,4.4,2.2
Wales,1909,,,,,,,,,,,,,14.1,5.1,20.3,15.3,7.4,12.4,18.3,11.7,11.9,23.1,11.5,20.9,78.4,32.6,120.5,110.3,48.5,75.2,115.6,69.7,115.1,229.9,64.0,208.3,,,,,,,,,,,,,6.0,5.9,5.9,11.8,15.1,15.0,16.6,18.5,14.8,12.7,7.6,6.5,3.5,2.9,2.9,7.7,9.8,10.9,13.3,14.2,11.2,9.8,4.6,3.9,0.9,-0.2,-0.1,3.6,4.7,7.0,10.1,9.9,7.6,7.0,1.6,1.2
Wales,1910,,,,,,,,,,,,,18.8,24.4,7.9,18.3,16.1,15.9,12.6,20.8,3.8,13.4,21.8,23.3,141.5,169.0,52.8,107.1,72.1,128.2,119.6,183.5,14.7,123.1,178.5,224.3,47.7,78.9,136.6,123.9,203.2,165.0,170.0,124.7,130.1,77.1,66.7,27.2,5.9,7.1,8.9,9.6,14.6,17.2,17.4,17.0,15.7,12.5,6.8,8.0,3.4,4.7,5.5,6.3,10.2,13.3,13.4,13.8,11.9,9.7,3.8,5.7,1.0,2.2,2.2,3.0,6.1,9.5,9.5,10.5,7.9,6.9,0.9,3.4
Wales,1911,,,,,,,,,,,,,8.4,15.2,12.7,11.2,8.0,11.7,3.8,12.1,11.6,14.1,21.0,26.6,53.5,111.0,71.2,78.6,54.9,97.0,22.6,113.6,107.1,124.7,185.0,266.9,52.2,59.1,94.9,134.7,212.5,213.4,274.3,217.8,163.4,101.5,61.1,42.8,5.8,6.5,7.5,9.7,16.3,17.8,21.6,21.3,17.3,12.4,8.1,8.2,3.5,4.1,4.5,6.4,11.6,13.3,16.4,16.9,13.0,9.2,5.6,5.9,1.3,1.6,1.7,3.0,7.3,8.9,11.4,12.5,8.7,5.9,3.0,3.6
Wales,1912,,,,,,,,,,,,,17.2,18.6,24.3,3.3,11.4,21.3,15.6,24.2,5.7,14.3,14.3,24.3,128.3,95.0,212.9,14.9,49.0,157.9,128.2,248.1,31.7,159.2,127.2,191.0,43.7,52.8,81.5,198.3,142.8,156.1,138.3,84.6,121.2,96.8,38.7,21.0,5.9,7.3,9.1,12.4,14.5,16.0,18.5,15.1,13.8,11.6,8.4,9.0,3.3,4.6,6.4,8.2,10.6,12.3,14.8,11.8,10.5,7.8,6.1,6.5,0.6,2.0,3.8,3.7,6.7,8.6,11.1,8.5,6.9,3.8,3.6,3.8
Wales,1913,,,,,,,,,,,,,20.9,9.4,22.1,17.2,17.8,10.3,8.2,10.3,12.1,17.5,22.6,14.1,182.3,68.6,189.2,171.6,94.1,87.4,35.3,66.1,109.7,142.6,177.4,87.1,36.9,64.3,103.2,104.3,163.1,189.9,162.3,166.3,109.7,88.3,57.0,35.9,6.7,7.1,8.5,10.5,13.9,16.5,17.6,18.6,16.7,13.5,10.6,7.0,4.3,4.3,5.4,7.1,9.9,12.6,13.9,14.4,13.1,10.5,8.0,5.0,1.8,1.2,2.1,3.7,6.0,8.4,9.9,10.1,9.5,7.3,4.9,2.8
Wales,1914,,,,,,,,,,,,,13.6,17.5,25.8,9.1,12.7,9.5,17.8,13.9,10.4,11.2,19.6,23.5,96.9,157.5,178.2,44.9,77.3,63.7,144.4,111.5,73.4,69.7,158.4,262.5,30.7,59.1,87.1,213.8,162.8,213.1,155.3,181.6,174.7,75.8,52.5,42.3,5.6,8.7,8.4,13.3,13.8,17.7,18.6,19.2,17.0,12.9,9.1,6.9,3.1,6.0,5.5,8.9,9.6,13.3,14.6,15.1,12.7,9.7,6.1,4.2,0.5,3.2,2.5,4.3,5.5,8.6,10.6,10.9,8.2,6.4,3.0,1.4
Wales,1915,,,,,,,,,,,,,19.0,21.0,8.9,12.1,10.6,8.8,17.6,15.6,8.9,13.4,10.1,24.5,152.0,204.8,43.6,63.2,76.1,47.9,138.0,94.4,42.9,97.4,108.1,271.7,43.2,74.6,108.2,141.3,225.5,197.3,161.1,144.1,159.8,70.6,88.8,25.2,5.8,6.4,7.7,10.8,15.2,18.1,17.0,17.7,17.1,11.9,6.0,7.7,3.7,3.6,4.4,7.2,10.3,13.2,13.4,14.1,12.7,8.6,2.6,5.1,1.5,0.5,1.0,3.4,5.4,8.2,9.7,10.4,8.1,5.2,-1.0,2.5
Wales,1916,,,,,,,,,,,,,18.0,22.5,16.0,12.9,16.3,14.9,9.0,13.3,10.2,25.5,19.5,15.9,109.3,167.1,81.5,86.3,107.7,79.5,59.3,97.1,96.3,261.9,132.1,99.0,34.1,59.8,68.8,181.1,153.9,160.6,182.4,169.0,96.2,61.6,40.4,49.4,9.1,5.7,5.5,11.2,14.1,14.6,18.3,19.2,16.1,12.9,8.8,4.9,6.9,3.3,2.8,7.2,9.9,10.7,14.2,15.1,12.5,10.1,6.1,2.0,4.8,0.9,0.0,3.1,5.8,7.0,10.0,10.8,8.9,7.4,3.5,-0.9
Wales,1917,,,,,,,,,,,,,8.3,8.7,16.6,13.5,11.6,12.8,9.3,24.3,11.9,25.1,18.0,11.2,59.6,45.9,90.3,74.4,94.7,79.8,75.2,275.2,82.8,206.6,115.0,53.1,39.4,65.1,104.6,153.6,171.3,211.1,210.4,121.4,114.0,98.9,38.9,44.9,2.6,3.8,6.2,8.5,16.4,17.5,19.4,17.2,16.2,10.7,9.9,5.0,0.9,0.7,2.8,4.7,11.3,13.0,14.9,14.1,13.0,7.4,7.5,2.5,-0.8,-2.5,-0.5,1.0,6.5,8.6,10.4,11.0,9.6,3.9,5.2,-0.1
Wales,1918,,,,,,,,,,,,,15.2,18.3,8.7,11.1,10.0,8.7,17.5,11.1,27.5,18.2,14.5,25.2,133.3,130.0,71.8,57.2,82.7,55.2,136.4,78.0,279.1,129.7,109.9,223.8,49.3,44.0,119.2,143.9,209.2,223.7,215.3,146.8,122.2,77.3,74.5,32.5,6.4,8.3,8.7,10.1,16.2,16.5,18.5,18.3,14.3,11.5,8.5,9.1,3.8,6.2,5.1,6.3,11.3,11.9,14.1,14.8,11.2,8.6,5.5,6.8,1.3,4.1,1.6,2.4,6.6,7.4,10.0,11.1,8.1,5.8,2.4,4.5
Wales,1919,,,,,,,,,,,,,21.2,10.6,18.1,14.8,8.0,10.6,9.0,11.4,14.3,10.6,14.1,24.8,156.3,88.1,187.0,80.4,34.8,73.6,49.4,106.8,90.3,80.6,90.0,235.0,48.2,66.0,94.0,141.6,196.7,194.8,179.4,188.7,136.6,122.4,50.4,41.9,5.3,3.9,5.7,9.6,16.8,16.7,17.4,18.4,15.7,11.3,5.6,7.8,2.9,1.4,2.8,5.9,12.0,12.6,13.2,14.4,11.8,7.6,2.9,5.4,0.6,-1.1,-0.3,2.3,7.3,8.3,9.1,10.3,7.8,3.8,0.0,2.8
Wales,1920,,,,,,,,,,,,,22.5,14.9,19.7,25.2,15.9,15.1,24.0,10.3,12.3,12.0,10.8,14.5,182.7,98.8,182.7,195.2,120.6,98.5,198.4,81.5,121.1,120.6,78.4,138.8,45.4,73.9,100.3,76.5,164.0,170.8,120.8,127.1,115.4,104.4,51.0,46.7,7.5,8.4,9.2,10.0,14.2,17.3,16.1,16.1,15.8,13.3,9.7,6.3,4.7,5.6,6.0,7.3,10.3,13.1,13.0,12.8,12.0,10.1,6.9,3.9,1.9,2.7,2.7,4.5,6.6,8.9,10.0,9.4,8.0,6.7,3.9,1.3
Wales,1921,,,,,,,,,,,,,24.3,2.1,20.8,8.3,14.7,2.8,10.1,18.6,7.5,9.6,14.5,19.0,188.4,11.3,141.7,41.0,61.9,11.8,70.0,164.2,56.0,80.7,100.1,139.3,26.4,68.9,92.7,201.3,230.0,238.6,228.0,137.1,161.0,116.0,51.0,34.3,8.8,7.1,9.3,11.9,14.5,18.7,22.3,17.6,17.5,16.2,8.0,8.7,6.7,4.4,6.4,7.4,9.9,13.5,17.0,14.1,13.1,12.2,5.1,6.2,4.6,1.5,3.4,2.8,5.4,8.3,11.7,10.4,8.3,8.2,2.3,3.6
Wales,1922,,,,,,,,,,,,,23.2,18.1,15.1,16.6,8.6,11.6,19.1,15.7,12.4,5.1,10.8,21.1,154.1,169.1,116.0,94.5,42.3,53.4,152.1,112.6,116.8,40.6,70.4,183.7,44.1,66.6,116.7,178.0,208.9,193.1,163.1,116.0,104.0,114.0,48.3,29.2,6.5,7.1,7.0,8.8,15.8,16.7,15.8,15.8,14.8,11.2,8.6,7.5,3.8,4.3,4.1,4.8,11.1,12.3,12.3,12.3,11.4,7.8,5.6,5.5,1.2,1.5,1.2,0.9,6.5,8.0,9.0,9.1,7.8,4.4,2.8,3.7
Wales,1923,,,,,,,,,,,,,16.8,23.0,11.8,15.9,18.7,6.0,15.4,18.6,17.0,24.8,17.2,22.2,112.9,261.0,57.4,94.8,98.6,35.0,103.8,140.9,134.1,230.8,147.8,141.2,41.6,57.4,94.6,122.3,184.4,138.8,152.8,175.5,138.1,82.2,82.3,45.1,7.5,7.7,9.0,10.4,11.9,14.8,19.3,17.4,14.8,11.8,6.3,6.8,5.2,5.5,5.9,6.9,8.3,11.5,15.7,13.8,11.3,9.1,3.3,4.3,3.0,3.2,2.8,3.5,4.8,8.1,12.2,10.4,7.8,6.5,0.4,1.9
Wales,1924,,,,,,,,,,,,,18.3,6.9,7.3,13.9,22.2,14.1,17.5,22.0,20.0,17.0,11.1,19.2,143.9,25.4,57.0,107.8,146.9,88.3,160.2,167.5,189.0,164.6,96.5,220.0,42.0,61.2,148.0,149.2,145.1,142.5,177.1,126.6,101.3,83.4,52.7,39.8,6.8,5.5,7.9,9.9,13.8,16.1,17.4,16.3,15.2,12.5,9.1,8.9,4.5,2.9,3.9,6.1,10.2,12.4,13.8,13.0,12.2,9.6,6.5,6.7,2.2,0.3,-0.2,2.2,6.7,8.8,10.2,9.7,9.2,6.6,3.8,4.5
Wales,1925,,,,,,,,,,,,,14.9,23.9,11.3,16.7,21.6,0.6,13.8,17.9,17.1,15.4,11.8,19.6,127.5,219.7,44.0,89.8,136.1,2.4,86.0,134.6,123.6,179.1,94.8,130.3,33.6,64.9,97.9,170.7,143.6,283.0,178.6,143.6,124.0,84.2,89.4,47.6,7.7,7.1,7.4,10.2,13.5,18.9,19.5,18.1,14.2,13.3,6.3,5.4,5.2,4.5,4.4,6.6,10.0,13.7,15.3,14.4,10.8,9.9,3.3,2.9,2.9,1.8,1.5,3.0,6.6,8.3,11.0,10.8,7.4,6.5,0.3,0.6
Wales,1926,,,,,,,,,,,,,22.4,18.9,8.3,13.4,16.8,10.4,14.9,17.7,14.5,14.4,23.5,9.5,178.6,117.4,38.9,69.4,84.5,70.6,128.6,131.3,73.7,119.5,250.5,32.8,37.3,39.1,77.7,132.2,174.4,213.2,165.7,169.9,101.5,90.7,50.2,39.9,7.1,8.4,8.6,12.3,13.2,16.4,19.8,18.9,16.9,10.9,8.3,6.4,4.6,6.1,5.7,8.3,9.1,12.0,15.8,15.1,13.5,7.6,5.3,3.9,2.3,3.8,2.8,4.4,5.1,7.6,11.8,11.2,9.9,4.3,2.3,1.8
Wales,1927,,,,,,,,,,,,,23.1,13.5,20.2,13.5,9.1,17.5,20.8,22.3,20.8,13.7,17.7,10.5,160.9,108.4,141.0,67.1,52.9,142.9,131.5,223.3,173.0,133.5,156.4,79.0,40.1,61.0,106.4,143.3,190.2,168.5,125.3,149.2,101.8,103.4,57.6,22.7,6.8,6.7,9.2,10.3,14.9,15.2,18.2,18.1,14.7,13.3,8.4,3.6,4.4,3.8,6.3,7.0,10.3,11.3,14.6,14.4,11.6,9.9,5.8,1.8,2.3,0.8,3.5,3.6,5.9,7.5,11.2,10.8,8.6,6.6,3.3,0.0
Wales,1928,,,,,,,,,,,,,25.4,14.3,17.3,11.8,7.9,18.5,10.4,16.7,8.9,22.9,21.6,18.7,266.8,156.0,108.1,49.3,29.8,161.5,83.5,142.5,51.6,224.3,238.1,136.3,51.1,74.0,79.4,140.5,169.1,175.1,209.1,166.4,160.5,95.1,50.2,36.8,7.6,8.1,8.1,11.4,14.7,15.8,18.2,17.8,15.9,12.9,10.0,6.4,4.8,5.4,5.1,7.5,10.2,11.9,14.3,14.0,11.7,9.7,7.3,3.6,2.0,2.7,2.2,3.7,5.8,8.1,10.5,10.3,7.7,6.7,4.6,0.8
Wales,1929,,,,,,,,,,,,,8.8,8.5,4.0,7.3,11.0,12.3,11.2,18.0,6.7,20.2,23.8,25.5,58.5,40.0,26.6,30.1,99.5,80.7,94.8,114.7,53.5,204.2,333.8,301.9,50.5,57.6,204.6,169.8,226.8,234.3,197.5,143.4,169.6,96.7,49.5,52.6,4.0,3.1,10.6,10.1,14.8,16.1,18.9,17.4,18.5,12.0,9.4,8.0,1.5,0.5,5.6,6.1,10.1,11.8,14.4,13.7,14.0,9.0,6.4,5.5,-0.9,-2.0,0.4,2.0,5.6,7.4,10.0,10.1,9.6,6.0,3.5,3.2
Wales,1930,,,,,,,,,,,,,22.3,5.0,17.3,15.0,13.2,9.3,18.2,19.2,16.7,24.8,16.2,20.5,228.7,18.9,94.9,95.0,66.1,54.4,133.8,153.6,152.1,209.9,175.3,189.5,44.5,72.0,92.4,120.3,130.4,232.1,145.9,153.7,109.8,85.9,55.0,30.3,7.5,4.2,7.5,10.4,13.5,18.4,17.4,17.9,15.9,12.7,9.0,7.0,4.8,1.7,4.5,7.2,9.6,13.6,13.9,14.2,12.7,9.9,6.1,4.5,2.1,-0.7,1.6,4.0,5.8,8.9,10.4,10.6,9.4,7.4,3.1,2.2
Wales,1931,11.4,6.7,16.1,1.1,0.5,0.0,0.0,0.0,0.0,5.7,0.4,6.1,18.4,20.1,7.3,18.4,18.9,15.6,20.7,14.7,10.7,10.1,22.3,14.4,134.9,136.3,33.1,110.7,124.8,128.9,125.8,146.1,91.4,60.4,267.5,89.1,60.0,58.5,132.2,101.4,148.2,139.5,125.4,157.3,103.0,114.3,51.3,30.9,5.9,6.2,7.4,9.6,13.7,16.6,17.1,17.2,14.4,12.0,9.9,7.7,3.2,3.6,3.6,6.6,9.8,12.9,13.7,13.5,11.0,8.3,7.3,5.3,0.7,1.2,-0.1,3.7,6.0,9.3,10.5,9.9,7.6,4.7,4.9,3.1
Wales,1932,5.5,14.2,12.9,4.2,2.3,0.0,0.0,0.0,0.5,1.6,1.5,4.4,17.4,0.9,11.6,21.3,20.0,4.6,17.7,7.9,15.8,22.8,15.3,16.5,202.0,3.3,87.2,123.2,136.2,49.6,142.9,48.9,132.8,234.9,110.5,101.9,40.7,78.1,126.3,120.4,110.2,227.4,121.0,146.9,115.3,80.4,49.7,44.0,8.4,5.5,7.8,9.1,12.4,18.1,17.8,19.8,15.8,11.5,8.6,7.5,5.8,2.6,4.1,5.8,9.0,13.2,14.5,15.9,12.3,8.3,6.2,5.3,3.4,-0.2,0.4,2.6,5.6,8.3,11.2,12.0,8.7,5.2,3.8,3.3
Wales,1933,18.3,14.8,4.5,3.7,0.0,0.0,0.0,0.0,0.0,1.0,6.3,19.8,14.8,16.8,13.6,7.5,12.6,11.7,11.9,8.8,8.3,17.4,8.3,7.1,128.8,130.0,97.9,41.1,54.0,86.0,86.5,47.0,46.3,185.1,43.4,47.1,81.7,84.0,141.8,144.9,150.0,188.9,199.2,196.6,175.9,79.6,71.3,53.0,5.0,6.3,10.6,11.6,14.9,18.6,20.4,20.4,18.7,12.5,7.8,3.4,2.1,3.4,6.6,7.7,10.7,13.9,16.0,16.0,14.1,9.5,5.1,1.1,-0.8,0.5,2.7,3.7,6.6,9.2,11.7,11.7,9.4,6.5,2.4,-1.2
Wales,1934,7.1,12.5,9.0,4.3,0.1,0.0,0.0,0.0,0.0,0.6,3.5,0.0,17.9,2.0,18.2,14.5,11.4,9.1,8.4,18.2,18.7,23.0,11.1,26.4,146.5,14.5,102.4,92.3,82.4,54.1,38.4,134.4,114.4,160.0,63.7,283.2,53.5,96.9,106.8,131.2,185.1,210.7,235.7,159.4,131.4,64.3,33.8,22.0,7.0,6.3,7.7,10.3,14.1,18.4,21.7,17.7,17.0,12.3,8.0,9.4,4.1,3.2,4.3,6.6,9.9,13.8,16.8,13.8,13.2,9.6,5.6,7.5,1.4,0.0,1.0,3.1,5.8,9.2,11.9,10.1,9.4,7.2,3.3,5.7
Wales,1935,8.0,6.9,6.5,2.1,3.1,0.0,0.0,0.0,0.0,1.4,2.4,12.5,10.2,19.5,7.7,19.2,8.1,19.5,7.2,9.3,21.1,24.4,22.3,18.1,55.9,167.4,38.5,142.3,45.3,144.2,30.8,60.8,212.2,204.2,196.2,110.1,44.8,53.8,115.4,147.5,211.4,161.3,220.8,181.1,120.7,67.2,60.2,47.7,6.5,7.6,9.0,10.8,14.3,17.4,19.7,19.3,16.0,11.8,8.7,5.4,4.2,5.2,5.7,7.2,9.5,13.4,15.5,14.9,12.6,8.9,5.9,2.9,2.2,2.8,2.4,3.6,4.8,9.6,11.3,10.4,9.2,6.0,3.2,0.4
Wales,1936,11.4,14.5,4.4,9.0,0.3,0.0,0.0,0.0,0.3,1.6,6.7,7.1,22.0,13.9,15.9,12.1,9.0,14.7,23.9,9.3,15.5,13.0,17.2,19.5,177.2,78.5,94.9,74.8,48.7,127.2,189.3,44.5,120.1,90.1,159.1,187.6,37.0,69.2,59.5,163.6,187.5,152.0,115.4,170.5,104.1,97.3,54.5,39.2,5.8,5.2,9.0,9.1,14.9,17.3,17.0,18.6,16.7,12.5,8.5,8.0,3.3,2.5,6.1,5.5,10.4,13.2,13.8,14.7,13.3,9.0,5.6,5.3,0.8,-0.1,3.3,1.9,6.0,9.2,10.6,10.9,9.8,5.6,2.8,2.7
Wales,1937,8.5,3.6,19.1,0.8,0.2,0.0,0.0,0.0,0.0,0.1,7.7,15.3,21.1,23.7,17.0,14.4,10.7,11.6,13.9,6.9,15.2,10.7,8.9,16.1,183.3,208.0,92.0,100.8,53.2,57.9,83.8,41.0,84.9,112.0,62.9,109.2,31.2,45.7,108.9,109.1,192.8,154.5,116.8,193.7,138.0,87.7,60.3,36.6,7.3,7.4,6.0,11.8,15.1,16.7,18.0,20.1,16.2,12.8,7.9,5.4,4.8,5.1,2.9,8.4,10.8,12.6,14.4,15.4,12.4,9.5,5.0,3.0,2.3,2.7,-0.1,5.1,6.5,8.5,10.9,10.9,8.5,6.3,2.2,0.5
Wales,1938,3.0,7.5,2.6,9.0,1.6,0.0,0.0,0.0,0.0,0.0,0.6,8.9,22.9,9.5,6.2,2.3,14.1,14.0,16.6,16.3,13.1,21.0,22.1,18.1,197.6,63.9,41.0,9.4,95.6,120.9,138.6,111.5,64.2,216.5,210.9,143.6,34.0,58.5,119.8,206.1,154.7,173.2,118.4,136.3,108.2,87.0,55.5,46.7,7.8,7.0,11.1,11.5,13.8,16.2,16.9,18.1,16.2,12.9,11.2,6.6,5.4,4.4,7.5,6.8,9.7,12.5,13.3,14.3,12.5,10.0,8.7,4.3,3.0,2.0,4.0,2.2,5.7,8.8,9.7,10.6,8.6,7.2,6.2,2.1
Wales,1939,11.0,5.4,6.0,2.4,0.5,0.0,0.0,0.0,0.2,2.5,0.0,13.0,21.6,16.4,14.4,14.4,7.5,12.0,22.3,13.6,5.6,14.9,22.4,10.5,213.9,131.2,83.4,88.7,30.3,82.5,246.7,89.8,31.3,88.4,267.0,102.3,31.4,70.4,77.7,174.2,200.1,229.6,113.4,171.1,148.3,107.0,34.8,41.8,6.1,7.7,8.1,11.6,14.7,17.9,17.0,19.2,16.8,11.2,10.6,5.6,3.8,4.9,5.3,7.7,10.3,13.2,13.7,15.2,13.0,7.8,8.1,3.2,1.5,2.2,2.6,3.7,6.0,8.6,10.4,11.2,9.2,4.4,5.7,0.8
Wales,1940,25.5,13.6,10.1,3.9,0.0,0.0,0.0,0.0,0.0,1.1,1.9,7.8,9.7,14.1,14.7,17.4,10.9,5.8,17.1,5.0,12.6,14.7,21.6,17.1,101.6,118.5,103.3,86.8,57.0,28.4,125.9,23.6,84.8,172.6,279.9,115.6,76.7,38.6,110.7,114.8,193.8,278.4,176.3,176.6,163.4,79.3,45.4,38.6,2.6,5.5,8.8,11.5,15.7,20.2,17.6,18.6,15.9,12.2,9.2,6.5,-0.7,2.8,5.3,7.9,11.1,14.9,13.6,14.5,11.8,9.0,6.6,4.0,-4.0,0.2,1.8,4.3,6.5,9.6,9.6,10.5,7.7,5.8,4.1,1.5
Wales,1941,21.0,13.1,10.4,7.0,5.4,0.1,0.0,0.0,0.0,2.0,4.1,5.8,14.2,18.7,14.3,10.2,10.9,5.5,11.1,20.5,5.0,13.6,15.2,14.9,101.4,135.1,101.9,46.3,85.0,35.3,79.5,156.4,32.2,139.7,101.7,109.3,47.6,68.3,99.8,116.5,166.7,195.9,188.7,155.5,108.8,101.1,43.5,31.2,2.4,5.8,8.1,9.3,12.7,18.0,19.8,17.0,17.5,13.2,9.3,8.0,0.0,3.0,4.5,5.8,8.4,13.5,15.3,13.5,13.9,10.0,6.4,5.7,-2.2,0.1,1.0,2.2,4.0,9.1,10.8,10.0,10.2,6.7,3.4,3.2
Wales,1942,19.8,22.8,11.1,1.5,1.5,0.0,0.0,0.0,0.2,0.8,8.3,2.7,17.1,6.5,14.1,8.7,14.9,3.0,15.6,18.8,15.6,17.1,6.9,22.9,164.3,34.6,98.3,69.4,152.7,13.6,115.8,134.3,116.0,134.8,30.4,194.8,49.7,62.2,81.4,184.4,190.7,235.5,169.4,121.8,123.4,75.3,53.4,26.6,4.7,3.7,8.7,13.0,14.6,18.0,17.9,18.7,16.2,12.7,8.0,9.1,2.0,0.4,5.2,8.5,10.0,13.0,14.0,15.0,12.6,9.7,4.8,6.7,-0.9,-2.9,1.6,4.1,5.5,8.0,10.3,11.3,9.0,6.7,1.7,4.4
Wales,1943,7.0,2.1,6.6,0.3,0.6,0.0,0.0,0.0,0.0,0.1,5.0,12.1,23.8,13.0,7.9,10.4,11.1,13.6,10.6,21.0,18.6,16.7,19.1,11.1,223.0,101.9,40.5,52.6,127.6,112.2,91.2,136.9,153.1,148.3,112.3,74.9,36.4,69.3,133.8,157.4,210.5,193.5,206.4,133.4,119.0,100.5,54.5,49.0,7.4,8.2,9.9,13.1,15.0,16.6,19.5,17.9,15.6,13.4,9.0,6.0,4.9,5.6,6.1,9.2,10.4,12.8,14.9,14.4,11.9,9.8,6.3,3.4,2.6,3.0,2.4,5.4,5.9,8.9,10.4,10.9,8.2,6.4,3.6,0.8
Wales,1944,3.5,11.4,10.8,0.8,1.5,0.0,0.0,0.0,0.0,0.6,3.8,8.5,18.9,11.2,5.9,10.9,8.4,13.2,14.5,12.0,15.2,17.9,24.1,16.3,160.5,55.1,21.9,68.7,62.2,82.4,88.5,91.6,142.2,193.1,230.9,130.9,28.1,71.6,141.4,150.6,205.7,157.5,98.4,192.3,128.8,89.9,32.8,53.0,8.3,5.7,8.5,13.0,14.8,16.1,18.5,19.9,15.3,11.4,8.9,6.7,5.8,3.3,4.7,9.0,10.0,12.2,14.9,15.5,11.5,8.5,6.1,4.1,3.3,0.7,0.9,4.9,5.2,8.4,11.3,11.2,7.6,5.6,3.3,1.5
Wales,1945,20.4,2.7,3.6,2.9,2.7,0.0,0.0,0.0,0.0,0.0,3.3,4.7,14.5,18.7,8.6,9.9,19.5,18.2,10.8,12.5,15.3,10.1,6.0,20.8,111.6,163.4,63.1,72.6,106.7,127.5,90.7,88.7,100.2,141.3,21.9,171.6,58.8,63.3,115.6,198.6,153.7,169.7,133.4,163.0,90.7,96.8,48.8,33.0,3.4,8.9,10.4,13.5,14.9,16.7,18.3,18.7,16.5,14.4,9.4,7.7,0.6,6.1,6.8,9.2,10.7,12.8,14.6,14.6,13.1,11.0,6.7,5.3,-2.3,3.3,3.3,4.9,6.6,9.0,10.9,10.6,9.8,7.7,4.1,3.0
Wales,1946,15.7,5.0,13.4,1.9,1.5,0.0,0.0,0.0,0.0,2.0,0.2,12.1,16.8,14.9,8.3,9.0,11.5,18.1,13.7,21.6,20.3,7.5,20.9,19.2,186.1,159.8,50.0,43.2,84.5,129.6,80.4,191.1,196.0,49.5,235.4,158.9,53.0,57.3,126.4,173.3,205.0,149.9,172.5,126.5,92.3,80.8,34.9,51.9,5.6,7.6,8.2,13.1,14.2,15.0,18.0,16.4,15.9,11.8,10.1,6.1,2.7,5.5,4.5,8.8,9.7,11.4,14.1,12.9,12.8,9.1,7.7,3.2,0.0,3.3,0.8,4.4,5.2,7.8,10.3,9.5,9.7,6.5,5.4,0.4
Wales,1947,15.6,27.2,14.5,1.3,0.1,0.0,0.0,0.0,0.0,0.2,6.8,6.1,16.6,9.3,24.0,13.8,16.4,13.4,16.0,3.0,14.4,7.2,19.9,14.3,137.6,55.3,245.8,124.0,90.1,76.3,98.2,19.1,81.3,31.8,162.5,125.6,46.9,40.6,67.4,139.6,154.2,153.1,141.9,274.7,117.9,114.0,59.1,27.6,4.5,-0.3,6.0,10.7,15.9,17.6,18.4,22.6,17.4,13.7,9.5,7.0,2.0,-2.3,3.1,7.3,11.4,13.5,14.7,17.2,13.6,9.9,6.9,4.9,-0.4,-4.4,0.1,3.8,7.1,9.4,11.0,11.9,9.7,6.2,4.2,2.8
Wales,1948,6.2,11.1,2.6,2.8,1.3,0.0,0.0,0.0,0.0,1.5,3.2,8.0,26.2,13.3,9.0,14.0,9.1,18.8,13.1,17.7,14.5,15.0,14.8,16.7,297.4,91.1,77.0,73.7,75.4,139.4,81.1,157.8,130.9,117.5,100.4,214.3,38.2,71.9,167.5,178.9,262.3,143.3,156.1,117.6,101.7,83.3,60.8,63.2,7.2,6.4,12.1,11.9,15.4,15.6,17.9,17.0,15.8,12.7,10.2,7.9,4.8,4.0,7.8,7.7,10.2,12.1,14.2,13.8,12.7,9.6,7.5,5.2,2.4,1.5,3.5,3.5,5.1,8.7,10.5,10.6,9.5,6.5,4.8,2.6
Wales,1949,4.6,5.9,10.1,1.1,0.4,0.0,0.0,0.0,0.0,0.9,2.7,4.2,14.4,11.7,9.8,12.6,14.6,5.3,7.3,11.2,6.5,19.1,20.8,20.7,81.1,68.1,69.7,123.6,102.6,22.8,51.8,83.4,58.4,224.9,172.6,174.7,44.4,91.4,139.4,142.5,221.6,256.2,225.3,185.4,150.4,81.4,52.1,36.6,7.7,8.1,8.6,12.2,14.5,18.8,20.9,19.6,18.9,14.4,9.1,8.0,5.2,5.1,4.9,8.6,9.9,13.9,16.2,15.3,14.9,11.2,6.4,5.5,2.7,2.1,1.4,5.1,5.4,9.0,11.5,11.2,10.9,8.1,3.9,3.1
Wales,1950,12.8,6.2,2.7,2.9,0.4,0.0,0.0,0.0,0.0,1.8,4.8,20.3,11.8,18.2,11.1,22.5,8.7,11.3,14.3,22.0,24.8,16.8,20.8,18.6,56.4,225.7,81.9,115.1,46.1,65.5,125.9,216.7,245.5,102.7,176.6,109.3,45.6,47.0,120.7,138.4,197.7,221.4,166.6,156.1,96.9,91.0,55.8,39.1,6.4,7.7,10.4,10.3,14.8,18.8,18.1,17.4,14.9,11.9,8.0,3.5,4.0,4.9,6.8,6.8,10.5,14.4,14.4,13.9,11.9,9.0,5.2,1.4,1.5,2.1,3.3,3.3,6.5,10.1,10.7,10.4,8.8,6.2,2.5,-0.7
Wales,1951,10.4,11.5,14.7,4.4,0.9,0.0,0.0,0.0,0.0,2.3,0.8,6.0,19.8,18.8,21.1,14.6,13.7,8.9,8.9,21.7,14.7,6.4,24.8,20.6,151.3,142.7,165.4,106.7,80.0,38.6,53.8,177.3,141.6,41.5,251.6,190.7,38.7,71.6,81.6,185.2,171.6,218.1,191.5,138.9,81.0,109.4,50.4,44.0,5.8,5.8,6.3,9.6,12.9,17.1,19.0,16.9,16.2,12.8,10.1,8.1,3.5,3.1,3.4,5.9,8.9,12.7,14.8,13.5,13.1,9.3,7.6,5.4,1.2,0.5,0.5,2.1,5.1,8.3,10.6,10.1,10.0,5.9,5.0,2.7
Wales,1952,16.0,13.2,6.6,2.7,0.0,0.0,0.0,0.0,0.1,2.3,11.2,13.0,19.9,9.2,12.0,12.7,14.4,11.6,7.3,15.7,15.8,16.8,15.7,20.6,161.4,46.9,88.4,88.8,98.2,90.7,56.5,149.0,106.6,164.1,110.0,135.3,61.6,83.1,96.6,139.7,186.4,174.6,148.4,149.4,118.2,100.9,64.0,43.3,5.3,6.1,8.9,12.4,16.1,16.5,18.9,18.2,13.6,11.4,6.5,6.0,2.7,3.2,6.1,8.2,11.8,12.5,15.1,14.5,10.2,8.5,4.1,3.3,0.2,0.2,3.2,4.1,7.7,8.6,11.4,10.9,6.6,5.6,1.7,0.8
Wales,1953,13.9,12.3,12.6,5.4,0.4,0.0,0.0,0.0,0.0,0.3,0.2,1.5,8.2,11.8,6.6,12.8,10.5,11.6,18.1,14.2,15.2,11.0,15.2,11.9,53.4,81.6,83.8,104.6,80.1,64.3,150.3,126.1,146.9,91.8,149.4,53.4,41.3,55.2,147.7,186.8,205.0,168.0,184.9,172.2,123.8,103.4,48.1,30.9,5.7,6.3,9.6,10.5,15.8,17.2,17.6,18.5,16.2,12.8,10.4,9.2,3.2,3.6,5.2,6.5,11.4,13.0,14.2,14.8,12.9,9.2,8.1,7.0,0.8,0.9,0.7,2.5,7.2,8.8,10.8,11.0,9.6,5.6,5.8,4.8
Wales,1954,14.1,11.3,7.4,5.5,0.0,0.0,0.0,0.0,0.0,0.8,2.2,3.3,12.8,19.2,15.1,5.2,12.2,14.4,17.8,18.8,22.3,22.2,20.6,19.7,110.6,135.2,120.7,36.6,98.0,134.6,135.0,149.3,157.1,259.5,277.5,152.1,49.2,72.6,108.6,206.2,156.5,145.3,106.2,122.2,153.2,58.6,46.2,34.6,5.2,5.3,8.4,11.2,14.0,15.6,15.7,16.4,15.2,13.6,9.5,8.3,2.9,2.5,5.3,6.8,10.1,12.2,12.7,13.1,11.9,11.0,6.6,6.3,0.6,-0.4,2.2,2.5,6.3,8.8,9.8,9.9,8.5,8.5,3.8,4.2
Wales,1955,16.8,19.4,22.2,2.6,0.5,0.0,0.0,0.0,0.0,4.4,8.3,6.4,16.9,14.2,6.7,12.2,18.3,14.2,4.0,7.0,13.1,12.2,9.4,23.4,110.8,75.3,86.0,85.4,139.1,150.8,28.4,39.2,75.7,91.2,95.0,175.5,33.8,79.7,162.1,161.6,187.0,132.0,297.5,218.5,153.9,108.5,65.8,27.8,5.1,3.5,6.3,12.0,12.4,16.2,21.5,21.8,17.0,12.4,9.3,8.3,2.6,0.9,2.7,8.1,8.7,12.7,16.4,17.0,13.2,8.8,6.3,5.6,0.1,-1.8,-0.9,4.3,5.2,9.2,11.3,12.3,9.4,5.2,3.3,3.0
Wales,1956,13.0,22.8,9.2,9.0,1.4,0.0,0.0,0.0,0.0,1.0,3.9,6.3,18.4,6.2,9.2,8.7,7.5,13.3,15.9,21.1,15.2,13.6,10.7,18.9,160.3,21.1,63.0,46.9,39.8,77.4,136.6,195.1,142.5,81.9,60.9,160.8,46.5,87.1,144.2,170.3,228.3,176.7,154.2,153.1,75.2,100.7,45.9,23.4,6.4,2.8,9.6,10.6,14.9,15.9,18.1,15.9,16.4,12.3,8.4,7.9,3.7,-0.5,5.7,6.3,10.4,12.0,14.4,12.5,13.3,9.0,6.0,5.6,1.1,-3.7,2.1,2.0,6.0,8.1,10.8,9.1,10.3,5.7,3.5,3.2
Wales,1957,8.8,8.2,0.6,1.5,0.8,0.0,0.0,0.0,0.1,0.0,4.9,10.4,18.1,19.1,16.7,3.4,10.2,8.7,18.1,16.3,19.0,14.5,7.6,15.6,161.4,133.7,137.7,13.3,69.8,53.7,168.2,159.7,229.5,149.6,80.1,119.0,40.7,79.9,86.2,161.2,216.2,286.7,128.4,136.3,94.6,69.6,59.5,53.0,7.5,7.7,11.8,12.0,14.3,19.4,18.4,17.9,14.6,13.4,8.3,7.2,4.9,4.6,8.6,8.1,9.7,13.9,15.0,14.4,11.7,10.2,5.8,4.3,2.2,1.6,5.6,4.3,5.3,8.4,11.5,10.8,8.8,7.0,3.3,1.4
Wales,1958,11.9,9.4,16.5,7.1,0.1,0.0,0.0,0.0,0.0,0.1,4.8,9.5,18.4,18.5,9.6,6.3,18.0,15.6,17.5,20.3,17.1,15.3,10.2,17.4,133.1,198.8,38.8,38.1,119.6,116.4,139.2,124.3,230.7,138.9,87.7,124.9,45.8,50.2,110.6,143.0,162.7,148.5,147.1,105.6,104.1,80.7,40.1,29.1,6.4,7.5,6.6,10.5,13.7,16.5,18.1,17.7,17.3,12.8,9.1,7.0,3.6,4.6,3.3,6.5,9.9,12.5,14.4,14.3,13.9,10.0,6.4,4.4,0.8,1.8,-0.1,2.5,6.2,8.4,10.7,11.0,10.6,7.2,3.7,1.7
Wales,1959,18.5,12.2,2.4,0.8,0.7,0.0,0.0,0.0,0.1,0.3,3.0,2.7,17.5,4.8,18.0,16.7,9.4,11.7,12.8,7.0,1.8,15.4,20.8,26.9,163.3,22.7,104.5,129.7,46.4,71.5,106.2,33.3,12.9,176.5,217.9,270.9,69.5,77.5,93.2,124.1,219.9,228.2,205.7,191.8,196.4,113.7,44.4,26.4,5.0,7.4,9.5,11.8,16.7,18.0,19.9,20.0,19.3,15.6,9.5,8.0,2.2,4.4,6.5,8.2,11.7,13.6,15.3,15.5,13.8,11.8,6.9,5.5,-0.6,1.4,3.6,4.6,6.8,9.1,10.8,11.1,8.4,8.1,4.2,2.9
Wales,1960,13.4,16.0,4.7,2.4,0.4,0.0,0.0,0.0,0.0,0.7,4.1,13.0,18.6,16.2,11.4,11.3,7.8,10.6,20.7,18.7,15.7,20.6,25.7,19.5,198.1,153.4,65.6,99.5,50.5,67.1,143.9,135.5,156.6,180.7,290.7,179.8,37.1,68.4,82.0,171.7,172.3,245.1,147.8,150.8,122.9,68.2,52.5,54.7,6.5,6.1,8.8,11.8,16.3,19.4,17.4,17.5,15.5,12.3,9.3,6.1,3.8,3.3,5.8,7.8,11.7,14.6,13.8,13.7,12.0,9.2,6.5,3.4,1.1,0.4,2.7,3.8,7.3,9.8,10.1,9.9,8.4,6.1,3.7,0.8
Wales,1961,13.0,1.6,4.5,0.7,1.0,0.0,0.0,0.0,0.0,0.4,3.8,18.4,19.2,15.5,5.4,19.8,7.0,7.9,9.9,14.8,16.1,21.8,13.8,14.4,170.2,111.9,26.4,152.9,60.3,51.1,85.9,132.1,123.0,211.2,106.4,133.2,34.2,52.0,114.6,97.7,212.3,213.3,166.0,160.3,121.0,87.8,62.4,58.0,6.0,8.9,10.8,12.3,14.3,17.0,17.7,17.8,17.8,13.0,8.5,5.0,3.2,6.2,7.1,8.8,9.9,12.6,13.7,14.1,13.9,9.9,5.8,2.2,0.5,3.6,3.4,5.4,5.6,8.2,9.7,10.4,10.0,6.8,3.1,-0.7
Wales,1962,7.0,9.2,22.2,3.1,0.6,0.2,0.0,0.0,0.1,0.9,7.7,16.4,19.6,9.9,9.9,13.8,14.5,9.9,11.0,16.2,15.8,8.6,14.3,14.6,186.0,73.3,64.8,121.5,98.3,48.3,66.1,170.5,165.8,57.6,96.7,110.7,48.9,63.4,123.4,164.5,168.4,222.8,137.5,136.9,98.9,116.8,45.2,59.0,6.8,6.5,5.9,10.5,12.7,16.7,17.6,16.3,14.9,13.3,7.9,5.2,4.1,4.0,2.1,6.6,8.9,12.2,13.7,13.0,11.6,9.6,5.1,2.3,1.2,1.5,-1.7,2.8,5.3,7.7,9.9,9.8,8.4,5.9,2.4,-0.5
Wales,1963,28.9,26.3,7.3,1.4,0.2,0.0,0.0,0.0,0.0,0.0,1.7,16.1,5.8,7.9,18.1,16.4,15.3,16.2,13.0,17.8,13.0,15.6,24.8,6.5,28.3,47.0,175.3,127.2,82.5,119.0,66.2,116.6,95.9,87.0,250.5,38.7,72.9,89.3,99.9,110.8,171.0,185.9,152.8,121.0,132.3,68.9,54.8,55.9,0.1,1.8,8.3,10.7,13.1,17.7,17.8,16.4,15.7,13.2,10.2,5.0,-2.6,-1.1,5.2,7.4,9.3,13.6,13.7,13.1,11.9,10.1,7.4,2.3,-5.3,-4.1,2.1,4.1,5.7,9.6,9.7,9.9,8.0,7.2,4.7,-0.4
Wales,1964,11.6,10.8,12.0,4.0,0.0,0.0,0.0,0.0,0.0,1.7,4.8,14.8,7.8,9.4,11.8,13.4,12.9,11.3,9.8,10.9,9.7,14.8,14.0,18.3,38.4,45.7,90.8,76.9,83.6,68.3,100.4,87.1,58.4,116.6,114.6,235.0,36.7,55.8,83.3,122.5,161.1,131.4,148.1,180.2,156.5,94.7,60.9,43.2,5.8,6.4,6.8,11.0,15.8,16.1,18.1,18.1,17.3,11.8,9.9,6.3,3.3,3.8,4.0,7.6,11.7,12.4,14.3,14.0,13.0,8.1,7.1,3.3,0.9,1.2,1.1,4.1,7.8,8.7,10.6,9.9,8.7,4.5,4.3,0.3
Wales,1965,13.9,14.2,11.4,4.1,1.3,0.0,0.0,0.0,0.0,0.0,11.9,7.4,16.9,4.5,13.9,14.6,13.1,14.2,15.4,13.8,16.6,8.4,16.2,24.5,177.7,15.3,100.5,89.1,92.4,125.2,113.9,89.2,167.3,70.6,136.8,319.0,62.1,40.8,126.0,157.4,155.0,171.7,128.5,175.1,93.8,117.3,71.1,48.2,5.6,5.1,8.4,11.1,14.2,16.8,16.5,17.7,14.4,13.9,7.0,7.4,3.1,2.4,4.6,7.1,10.2,12.7,12.9,13.8,10.9,10.3,4.2,4.6,0.6,-0.3,0.9,3.1,6.4,8.6,9.3,9.9,7.4,6.8,1.4,1.8
Wales,1966,13.9,7.1,4.5,5.6,0.1,0.0,0.0,0.0,0.0,1.5,4.6,3.3,12.2,19.9,12.9,17.7,15.6,16.8,13.0,13.0,8.9,19.0,17.2,22.8,84.4,179.6,76.4,142.9,106.8,112.8,94.1,107.6,82.8,171.8,131.9,217.6,38.4,35.6,102.0,98.7,221.5,141.5,163.3,168.9,148.0,93.5,45.6,33.4,4.7,7.2,8.9,9.4,14.1,17.5,17.4,17.5,16.7,12.5,7.6,8.1,2.6,5.1,5.8,6.4,9.9,13.6,13.6,13.5,12.8,9.3,5.0,5.5,0.4,3.0,2.8,3.3,5.8,9.9,9.9,9.5,8.9,6.2,2.4,3.0
Wales,1967,8.6,7.4,3.2,2.4,1.8,0.0,0.0,0.0,0.0,0.0,8.0,10.4,15.6,12.6,12.4,8.0,23.9,6.7,12.8,14.3,19.3,26.5,16.1,17.9,107.5,162.9,78.7,49.3,184.2,41.8,117.6,101.9,189.1,313.5,101.1,145.9,49.1,74.5,137.9,121.0,148.9,212.7,164.5,149.7,127.4,68.3,74.9,46.7,6.5,7.4,8.8,10.6,12.7,17.5,18.8,18.0,15.8,12.4,8.2,6.8,4.1,4.7,6.0,7.0,9.1,12.8,14.8,14.2,12.5,9.7,5.0,4.3,1.6,2.0,3.3,3.4,5.6,8.3,10.8,10.4,9.1,7.2,1.9,1.9
Wales,1968,10.0,21.3,7.3,9.5,1.6,0.0,0.0,0.0,0.0,0.0,5.5,13.6,18.0,8.0,12.6,12.9,13.8,13.3,8.0,11.5,17.9,16.3,12.8,12.4,163.4,50.3,120.8,90.2,103.7,112.0,112.4,77.4,172.4,152.7,97.0,113.3,29.0,81.4,114.2,160.1,150.3,188.8,175.5,161.2,106.0,49.9,50.9,38.1,6.8,4.3,8.6,10.9,12.7,17.6,18.0,18.5,16.0,14.2,8.5,5.4,4.3,1.4,5.3,6.7,8.6,13.3,13.9,14.6,12.8,11.7,6.1,3.0,1.8,-1.4,2.0,2.5,4.7,9.1,9.8,10.7,9.5,9.3,3.7,0.6
Wales,1969,7.3,18.3,15.6,7.1,1.0,0.2,0.0,0.0,0.7,0.0,9.4,16.1,20.5,16.5,9.2,11.7,22.5,9.9,5.6,12.8,8.8,7.0,19.8,16.8,170.3,97.5,78.6,84.1,158.2,84.2,52.2,107.3,58.7,42.9,191.9,146.2,29.1,54.2,93.2,189.2,131.7,247.9,187.9,141.8,83.1,98.8,63.4,35.8,7.2,3.2,6.2,10.9,13.6,17.4,19.1,18.3,16.2,15.3,7.9,5.9,4.9,0.6,3.1,6.6,9.8,12.6,14.9,14.7,12.7,12.1,5.0,3.0,2.6,-2.0,0.1,2.5,6.1,7.9,10.6,11.0,9.1,8.9,2.0,0.3
Wales,1970,10.6,14.5,14.9,8.4,0.0,0.0,0.0,0.0,0.0,0.5,2.0,12.8,21.2,18.0,19.3,18.5,6.9,10.7,14.6,11.6,12.7,17.6,23.3,12.7,172.0,148.0,107.5,141.9,30.4,71.2,101.7,119.4,104.0,142.2,261.1,73.0,32.1,86.8,103.8,127.6,159.3,210.6,135.6,146.1,116.6,82.0,44.7,52.5,6.4,5.4,6.3,8.9,15.7,19.6,17.0,18.5,16.8,12.9,10.0,6.4,3.6,2.6,3.2,5.6,11.4,14.8,13.6,14.5,13.3,9.8,7.4,3.9,0.9,-0.2,0.2,2.4,7.3,10.1,10.2,10.6,9.9,6.7,4.8,1.4
Wales,1971,7.3,8.6,8.1,3.6,1.4,0.2,0.0,0.0,0.0,0.7,9.0,5.4,19.4,9.7,12.8,6.2,10.5,13.4,7.6,17.4,6.8,11.5,15.7,9.9,177.6,71.6,96.0,61.0,56.2,127.4,57.8,156.2,45.0,127.7,148.2,67.4,31.6,53.6,79.3,124.3,224.9,130.7,239.5,125.8,165.6,117.2,64.5,30.8,6.7,6.9,7.4,10.8,15.1,15.1,20.4,17.9,18.2,14.4,9.2,8.2,4.3,4.0,4.5,7.0,10.4,11.4,15.6,14.3,13.7,10.8,6.0,6.1,1.9,1.1,1.5,3.1,5.8,7.7,10.8,10.8,9.2,7.3,2.9,3.9
Wales,1972,9.6,5.5,6.8,0.8,0.2,0.1,0.0,0.0,0.2,1.0,7.8,4.5,17.7,16.2,13.9,13.7,17.8,18.4,9.3,8.8,4.5,7.8,18.0,18.0,150.7,120.3,118.6,125.9,122.3,133.1,80.8,68.4,47.9,66.8,178.2,200.9,41.5,44.8,126.8,147.4,133.0,122.0,166.3,181.0,144.6,88.4,61.6,33.6,5.9,6.2,9.4,10.6,12.5,13.5,18.3,17.6,15.1,13.1,9.0,8.2,3.5,3.7,5.7,7.2,8.9,10.0,14.3,13.6,10.7,9.6,6.0,5.6,1.2,1.3,2.1,3.9,5.5,6.5,10.2,9.5,6.3,6.2,3.0,3.0
Wales,1973,10.3,9.5,11.1,5.1,1.0,0.2,0.0,0.0,0.0,1.9,7.2,9.4,11.6,13.1,9.1,11.8,16.2,6.4,12.2,10.4,13.1,12.0,15.1,17.0,75.6,89.1,53.7,91.0,114.9,33.5,104.3,128.8,131.3,79.8,116.1,129.2,31.3,59.2,140.4,167.4,152.3,198.4,159.9,162.7,130.3,83.4,61.5,43.6,6.5,6.5,9.4,9.9,14.2,17.8,18.2,19.5,16.8,12.0,9.2,7.6,4.2,4.0,5.3,6.1,10.2,13.3,14.2,15.3,13.1,8.7,6.3,4.8,2.1,1.4,1.3,2.3,6.4,8.8,10.1,11.2,9.4,5.3,3.4,2.0
Wales,1974,5.1,6.3,10.0,3.7,1.4,0.0,0.0,0.0,0.3,1.6,2.0,1.0,22.8,16.2,10.2,2.9,11.6,11.3,15.4,14.3,23.4,18.5,21.2,21.3,267.2,177.2,64.6,14.5,71.5,80.5,132.4,99.0,240.1,122.8,177.3,166.4,40.3,58.1,106.8,172.9,173.1,186.7,135.9,163.0,105.8,77.2,49.3,28.6,8.1,7.5,8.2,12.2,13.6,16.5,16.7,17.5,13.9,10.0,8.7,9.3,5.4,4.8,4.8,7.5,9.5,12.4,13.5,13.4,10.7,7.2,6.0,7.2,2.8,2.0,1.4,2.9,5.5,8.4,10.2,9.4,7.5,4.4,3.4,5.0
Wales,1975,3.4,7.4,9.8,7.1,1.2,0.1,0.0,0.0,0.4,1.5,4.9,6.0,23.2,9.2,14.7,16.1,5.8,4.5,13.1,9.6,15.8,9.2,15.9,9.9,226.5,50.0,80.8,104.8,37.8,23.0,104.7,72.4,140.5,67.0,125.1,89.6,31.0,87.1,100.3,132.0,232.3,262.7,179.9,198.0,137.0,118.9,63.4,26.8,8.5,7.1,7.0,10.7,13.8,18.8,19.9,21.0,15.7,12.9,9.1,7.3,6.1,4.2,4.1,7.2,9.1,13.5,15.8,16.4,11.9,9.3,6.0,5.0,3.7,1.3,1.3,3.7,4.5,8.3,11.6,11.8,8.0,5.8,2.9,2.8
Wales,1976,7.1,11.3,12.7,4.3,0.4,0.0,0.0,0.0,0.0,0.3,4.9,18.0,14.3,11.6,10.8,5.1,16.6,4.4,7.3,2.4,16.6,22.8,16.7,14.6,108.8,76.1,81.7,28.7,93.1,24.3,41.9,18.8,207.8,211.7,121.6,111.9,36.5,58.0,104.7,155.7,151.2,215.0,212.4,257.3,85.1,64.7,62.2,45.8,7.3,6.2,7.4,11.1,14.3,19.7,21.3,22.1,15.6,12.2,8.8,4.4,5.1,3.7,4.0,7.1,10.3,14.8,16.4,16.3,12.0,9.2,5.8,1.9,3.0,1.2,0.7,3.0,6.6,9.9,11.6,10.6,8.3,6.3,3.0,-0.6
Wales,1977,16.0,6.1,3.3,5.6,1.3,0.1,0.0,0.0,0.0,0.0,7.7,3.3,18.4,21.6,17.1,15.1,10.4,12.8,6.7,11.5,11.4,16.5,20.4,17.5,138.5,224.4,116.2,88.3,58.0,105.7,37.1,106.0,89.6,147.8,206.4,144.3,39.7,55.3,71.7,149.9,251.1,171.8,203.3,153.8,101.0,93.5,63.6,31.6,4.9,7.1,9.1,9.4,14.4,15.4,19.1,18.4,15.1,14.0,8.3,7.8,2.3,4.6,6.2,6.1,9.6,11.4,14.9,14.1,11.9,11.0,5.6,5.6,-0.2,2.2,3.4,3.0,4.9,7.4,10.7,10.0,8.7,8.1,3.0,3.4
Wales,1978,10.0,15.2,4.6,7.4,0.0,0.0,0.0,0.0,0.0,0.2,4.9,12.8,20.2,15.3,19.0,11.6,8.3,12.8,12.7,13.0,11.2,7.8,15.7,20.6,157.8,117.3,131.3,71.7,34.5,71.5,123.2,91.0,83.3,35.5,143.3,216.9,50.9,48.5,105.3,125.2,204.0,146.5,132.4,132.8,129.0,73.4,53.5,37.5,5.6,4.6,8.7,9.2,15.4,16.1,16.9,17.1,16.1,14.3,10.7,6.4,3.2,2.1,5.7,5.6,10.6,12.2,13.3,13.6,12.7,11.2,7.9,3.9,0.9,-0.3,2.8,2.1,6.0,8.3,9.9,10.1,9.3,8.1,5.2,1.4
Wales,1979,25.4,20.9,11.5,5.8,4.4,0.0,0.0,0.0,0.3,0.1,5.6,8.3,16.7,9.5,20.3,15.1,18.1,7.3,5.4,15.6,11.8,17.7,19.5,21.1,128.0,71.2,177.1,87.1,154.3,34.2,37.2,140.0,85.0,126.1,178.3,276.1,58.7,63.0,73.1,140.9,162.4,155.3,170.2,150.2,136.3,90.3,49.4,43.1,3.3,3.1,6.4,10.1,11.9,16.4,18.7,17.1,15.8,13.6,9.7,8.0,0.2,0.7,3.7,6.6,8.1,12.4,14.5,13.3,12.0,10.3,6.6,5.3,-2.9,-1.6,0.9,3.1,4.4,8.4,10.4,9.7,8.3,7.2,3.5,2.7
Wales,1980,19.0,4.3,9.1,3.1,0.9,0.0,0.0,0.0,0.0,0.6,7.7,7.9,13.8,17.3,19.1,3.0,6.4,18.0,11.2,16.1,15.9,19.8,16.0,20.5,117.4,156.5,154.0,17.4,41.7,138.6,76.7,128.1,105.6,191.2,168.5,165.3,57.1,38.1,78.4,169.7,223.2,133.8,146.3,121.6,114.5,79.9,59.0,38.2,4.8,8.0,6.9,12.0,15.6,15.9,17.2,17.9,16.7,11.3,8.2,8.0,1.9,5.4,4.1,7.7,10.3,12.3,13.4,14.3,13.4,8.2,5.9,5.2,-0.9,2.8,1.2,3.4,5.2,8.8,9.6,10.8,10.1,5.1,3.5,2.5
Wales,1981,10.3,17.0,2.4,5.4,1.3,0.0,0.0,0.0,0.0,1.9,1.3,20.9,16.2,11.0,21.7,7.7,19.5,10.1,10.2,5.8,18.1,22.8,16.1,15.7,93.0,91.2,287.5,53.5,121.4,70.4,58.4,40.6,236.4,234.0,127.7,124.4,37.4,68.5,70.7,143.5,125.8,129.2,133.2,177.4,124.6,86.0,41.1,35.4,7.2,5.4,9.6,11.2,13.7,15.3,17.7,19.4,17.1,10.6,10.0,3.7,4.4,2.6,7.0,7.2,10.0,12.0,14.1,15.1,13.2,7.5,7.2,0.8,1.6,-0.2,4.5,3.2,6.4,8.6,10.5,10.8,9.4,4.4,4.5,-2.2
Wales,1982,12.3,9.7,5.2,3.3,3.7,0.0,0.0,0.0,0.0,0.8,4.1,11.8,15.7,13.0,17.5,6.2,8.1,16.4,6.9,17.4,12.1,18.4,23.6,19.1,145.5,100.2,170.2,37.6,46.9,133.7,45.1,130.0,151.4,168.4,226.3,194.3,46.7,55.2,133.9,170.7,190.6,156.3,159.7,134.5,114.0,67.0,46.6,29.7,5.3,7.3,8.8,11.8,15.0,18.4,19.3,17.7,17.0,12.5,9.7,7.0,2.7,4.5,5.3,7.5,10.2,14.1,15.1,14.2,13.0,9.4,7.3,4.1,0.0,1.8,1.8,3.3,5.6,9.8,10.9,10.7,9.0,6.4,4.9,1.2
Wales,1983,4.0,19.0,3.4,5.9,0.1,0.0,0.0,0.0,0.0,2.8,6.2,6.4,20.4,7.4,18.2,18.4,22.1,9.4,5.5,7.2,16.6,17.3,7.0,17.3,214.5,55.1,110.2,116.3,144.5,60.1,31.1,79.4,183.5,162.3,72.6,179.9,29.7,80.0,65.7,142.6,122.8,145.2,240.6,215.2,95.6,90.2,45.7,44.6,8.4,4.1,8.5,9.5,12.5,16.9,23.1,21.0,15.7,12.6,9.6,8.5,5.9,1.4,5.8,5.6,9.0,12.9,17.8,16.0,12.6,9.6,6.9,5.7,3.4,-1.3,3.0,1.8,5.5,9.0,12.4,11.1,9.4,6.6,4.3,3.0
Wales,1984,12.2,12.8,8.6,6.9,2.3,0.0,0.0,0.0,0.0,0.5,2.4,7.0,24.3,11.2,8.3,3.5,8.1,7.8,5.9,10.3,18.3,18.3,19.7,19.5,227.4,96.2,51.1,12.3,53.5,46.5,32.6,79.0,178.0,187.5,221.2,148.4,47.2,53.0,68.7,214.0,196.6,185.9,261.0,182.8,109.5,87.3,45.3,43.2,6.3,6.1,7.0,12.5,13.9,17.7,20.9,21.0,15.7,13.3,9.4,7.8,3.4,3.2,4.0,7.6,9.1,13.2,15.4,16.3,12.6,10.2,6.9,5.0,0.7,0.4,1.1,2.8,4.3,8.8,10.0,11.6,9.5,7.2,4.5,2.2
Wales,1985,24.0,12.4,12.2,2.8,0.3,0.2,0.0,0.0,0.0,0.6,10.7,7.3,13.6,6.8,15.3,14.4,12.4,15.2,13.3,24.2,9.6,8.2,15.1,21.5,93.4,53.4,102.3,118.8,75.8,145.3,104.4,213.3,66.2,100.6,120.0,214.9,54.9,82.8,113.0,122.7,171.4,161.9,176.2,135.7,114.3,89.2,62.6,33.4,3.6,5.0,7.4,10.8,13.9,15.5,18.5,16.2,17.1,13.0,6.8,8.3,0.7,2.2,4.0,7.4,9.8,11.4,14.7,13.3,13.6,9.8,3.9,5.8,-2.4,-0.6,0.7,4.0,5.8,7.4,11.0,10.3,10.1,6.7,1.0,3.3
Wales,1986,12.9,25.5,8.1,8.2,0.0,0.0,0.0,0.0,0.8,0.8,1.8,6.4,23.2,1.7,17.2,16.1,19.0,8.0,12.4,16.4,2.6,15.5,20.7,23.8,196.4,7.5,134.5,112.0,123.9,58.9,91.1,161.1,18.2,153.4,239.6,272.1,34.3,98.2,107.1,124.9,174.9,174.6,126.8,119.9,151.0,92.8,68.4,40.3,5.7,1.1,7.6,8.0,13.1,18.0,17.7,15.7,14.7,13.3,10.2,8.6,3.3,-1.5,4.4,4.7,9.8,13.7,14.2,12.2,10.2,10.0,7.1,5.8,0.9,-4.0,1.2,1.4,6.5,9.4,10.6,8.8,5.7,6.7,4.1,3.0
Wales,1987,18.9,14.1,13.6,1.2,1.0,0.0,0.0,0.0,0.1,2.2,2.9,9.0,7.9,11.9,17.8,12.5,10.2,17.9,10.7,10.0,14.7,21.1,14.1,13.3,41.3,108.9,147.0,89.1,49.9,129.3,78.8,69.9,110.6,259.5,132.5,145.6,54.7,60.6,88.4,150.0,191.5,110.2,162.1,157.7,138.0,96.7,57.6,34.6,3.3,6.2,6.6,13.3,13.4,14.9,18.5,18.2,16.2,12.1,8.6,7.3,0.8,3.1,3.8,9.2,9.2,11.4,14.6,14.4,12.6,8.8,6.2,5.0,-1.6,0.1,1.0,5.0,5.1,8.0,10.6,10.7,9.0,5.5,3.7,2.8
Wales,1988,2.8,6.9,4.5,4.0,0.2,0.0,0.0,0.0,0.0,2.3,11.4,1.5,26.2,12.9,21.1,8.3,11.6,8.3,22.0,15.8,12.7,16.0,8.9,11.5,250.5,102.9,178.1,59.2,103.4,45.9,180.7,155.7,121.0,131.1,72.4,79.8,47.3,83.5,83.2,153.4,194.4,180.0,119.7,147.4,131.1,95.2,81.6,23.4,7.4,7.1,8.4,11.3,15.2,18.0,16.1,17.2,15.4,12.8,9.0,9.4,5.0,4.3,5.7,7.5,10.6,13.6,13.3,13.6,12.0,9.6,5.2,7.2,2.7,1.5,3.1,3.6,6.2,9.2,10.5,9.9,8.7,6.5,1.5,5.1
Wales,1989,3.9,6.3,4.7,8.1,0.3,0.2,0.0,0.0,0.0,0.0,5.2,9.9,13.2,17.6,18.1,13.4,5.2,9.6,5.1,12.6,9.0,18.7,11.1,14.9,94.8,163.9,177.2,103.0,25.9,72.5,48.2,94.8,63.3,187.2,112.6,205.4,56.9,78.5,91.9,145.8,239.1,215.3,254.6,210.7,112.0,67.4,76.8,28.1,8.5,8.3,9.8,9.5,16.8,18.0,21.6,19.2,16.9,13.8,9.3,6.9,5.9,5.4,6.4,5.6,12.0,13.1,16.7,15.0,13.1,10.9,6.4,4.0,3.3,2.5,3.1,1.8,7.3,8.2,11.8,10.9,9.2,8.0,3.5,1.3
Wales,1990,3.4,1.8,3.5,6.7,0.1,0.0,0.0,0.0,0.0,0.0,5.6,11.5,25.5,21.1,10.0,11.4,5.1,16.6,7.4,10.2,10.9,18.0,13.4,16.5,255.3,229.0,40.0,52.3,36.7,104.8,57.7,70.3,89.9,162.7,118.3,173.7,45.1,59.0,107.1,185.3,243.9,122.4,269.5,174.1,147.6,83.2,62.3,38.6,8.7,9.4,10.5,11.6,16.9,15.9,20.7,20.5,15.8,13.8,8.8,6.6,6.1,6.7,7.4,7.1,11.8,12.3,15.8,16.4,11.9,11.0,6.1,3.9,3.6,4.1,4.2,2.6,6.7,8.8,11.0,12.4,7.9,8.3,3.5,1.3
Wales,1991,15.2,19.1,4.2,3.4,0.6,0.6,0.0,0.0,0.0,0.5,4.2,8.4,15.6,10.7,16.2,13.3,3.2,18.7,13.2,7.9,10.8,15.4,17.1,8.5,157.2,101.2,131.4,134.7,15.8,118.2,102.8,59.9,88.1,161.0,151.0,75.8,60.2,65.6,85.1,140.2,157.1,129.9,155.0,181.5,164.2,82.1,42.0,35.8,5.4,4.6,10.1,10.7,14.2,14.5,19.4,19.7,18.1,12.1,9.0,7.2,2.7,1.3,6.8,7.1,10.1,10.9,15.7,15.4,13.6,9.2,6.2,4.6,0.1,-1.9,3.7,3.6,6.1,7.4,12.1,11.0,9.1,6.3,3.6,2.1
Wales,1992,15.6,5.3,2.3,2.3,0.3,0.0,0.0,0.0,0.0,4.2,1.5,13.3,7.0,13.9,22.4,16.0,9.7,6.8,13.7,20.2,16.9,15.5,23.2,12.6,77.2,86.8,139.6,102.4,73.9,55.4,97.6,231.1,120.2,108.3,225.2,152.1,57.4,52.2,64.5,116.1,233.9,198.3,146.8,150.2,101.2,73.5,42.8,48.8,6.1,7.9,9.4,11.2,17.2,19.3,18.8,17.2,15.4,10.1,9.9,6.3,3.3,5.2,6.5,7.7,12.3,14.2,15.0,13.7,12.1,7.1,7.0,3.5,0.6,2.5,3.7,4.3,7.7,9.1,11.3,10.2,8.8,4.1,4.2,0.8
Wales,1993,4.6,5.0,7.1,1.3,1.5,0.0,0.0,0.0,0.0,6.6,10.3,6.9,23.7,5.1,8.3,16.3,15.4,10.4,14.5,11.6,14.8,11.5,11.8,26.5,204.7,25.4,35.8,116.6,139.9,99.4,119.0,79.8,120.3,77.6,113.3,296.6,28.0,43.7,90.8,120.9,154.1,181.9,150.8,160.2,110.1,108.6,61.7,27.8,8.3,6.9,8.9,12.1,14.5,18.0,17.4,17.2,15.2,10.6,7.4,7.7,5.5,4.6,5.8,8.6,10.3,13.7,13.8,13.1,11.4,7.2,4.4,5.1,2.6,2.4,2.7,5.3,6.2,9.3,10.2,9.0,7.6,3.8,1.5,2.5
Wales,1994,6.9,12.0,1.8,4.2,0.5,0.0,0.0,0.0,0.0,1.2,0.4,4.2,23.1,17.4,21.8,16.5,11.3,9.3,10.0,13.8,18.1,14.8,14.2,21.6,195.4,134.4,198.9,125.6,67.1,62.6,68.1,96.5,135.9,142.8,136.1,270.9,53.3,55.7,100.4,154.4,142.8,164.3,195.2,151.3,102.6,118.1,37.2,41.1,7.4,5.4,9.2,10.6,13.6,16.6,20.2,18.1,14.8,13.1,11.8,9.1,4.8,2.8,6.6,7.0,9.8,12.6,15.6,14.3,11.7,9.6,9.6,6.3,2.1,0.3,3.9,3.5,6.0,8.7,11.1,10.6,8.6,6.1,7.4,3.6
Wales,1995,9.2,3.2,11.5,3.2,2.2,0.0,0.0,0.0,0.0,0.0,4.8,17.2,23.5,22.1,17.1,5.7,10.8,5.5,9.5,3.7,16.0,11.7,15.4,12.2,250.9,192.1,93.8,38.5,77.6,29.0,76.9,14.3,125.1,115.4,131.3,104.0,36.5,47.5,127.4,175.3,182.6,217.1,195.6,266.4,135.2,107.8,69.0,48.2,7.6,8.4,8.2,12.1,14.8,17.8,21.3,23.5,16.3,15.4,10.3,4.7,4.7,5.9,4.7,8.0,10.4,13.2,16.9,17.9,12.5,12.3,7.1,2.1,1.7,3.2,1.3,4.0,6.0,8.6,12.6,12.4,8.7,9.2,4.0,-0.4
Wales,1996,9.8,19.2,9.2,5.1,4.7,0.0,0.0,0.0,0.0,0.0,10.4,17.3,12.4,13.6,10.6,13.1,11.4,8.6,9.3,13.5,6.1,19.5,21.1,8.7,101.7,132.7,72.4,90.1,112.5,48.2,49.9,106.5,61.8,189.1,176.5,55.6,23.2,88.6,66.6,123.9,185.4,218.7,206.0,173.5,155.4,75.3,66.9,54.2,5.8,5.3,6.9,11.4,12.4,17.7,19.4,19.1,16.9,13.7,8.6,5.2,4.1,2.1,4.2,7.5,8.1,12.8,14.9,14.9,12.7,10.8,5.7,2.6,2.3,-0.9,1.4,3.8,3.9,8.1,10.4,10.8,8.5,8.0,2.7,0.0
Wales,1997,18.4,4.2,2.9,3.0,1.1,0.0,0.0,0.0,0.0,4.6,1.3,7.1,4.2,19.7,10.3,5.3,15.3,15.2,11.4,15.9,8.8,10.2,21.0,16.7,12.0,224.8,53.8,38.1,115.6,147.2,57.4,139.8,72.1,97.0,196.8,159.9,54.2,56.0,114.1,151.8,218.9,114.0,214.2,166.9,127.6,116.0,41.7,42.2,5.0,8.6,10.6,12.8,15.4,16.5,19.7,21.2,16.6,13.4,10.8,8.2,2.1,5.8,7.3,8.4,10.7,12.8,15.2,17.2,13.1,9.7,8.2,5.5,-0.7,2.9,3.9,4.2,6.1,9.3,10.7,13.2,9.6,6.1,5.6,2.9
Wales,1998,10.3,3.8,1.6,4.9,0.1,0.0,0.0,0.0,0.0,0.9,4.3,8.7,17.1,8.3,13.1,22.2,7.4,20.6,14.8,10.2,15.7,20.9,17.7,20.9,207.7,44.6,186.4,162.3,32.7,192.5,90.9,83.4,138.6,280.0,139.7,156.0,50.6,71.8,72.4,133.4,213.5,135.6,127.1,189.5,114.8,84.9,64.0,31.2,7.2,9.7,10.2,10.2,16.6,16.3,17.3,18.6,16.9,12.9,9.0,8.4,4.7,6.8,7.4,6.8,12.1,13.0,14.1,14.6,13.6,9.8,6.1,5.3,2.1,3.9,4.5,3.4,7.6,9.7,10.9,10.5,10.3,6.8,3.3,2.3
Wales,1999,6.6,6.1,3.2,4.3,0.0,0.1,0.0,0.0,0.0,0.4,3.0,6.4,22.5,15.6,13.5,17.6,12.6,12.1,5.3,14.5,18.1,14.2,14.2,25.9,250.9,104.1,100.2,122.5,83.4,84.8,28.0,138.0,204.3,137.4,125.5,261.6,43.9,53.7,91.9,144.8,131.9,173.3,226.4,144.9,149.1,109.1,63.3,37.6,8.0,7.4,9.4,12.0,15.4,16.7,20.8,19.0,18.1,13.3,10.0,7.6,5.2,4.9,6.4,8.5,11.8,12.5,16.2,15.1,14.0,10.0,7.2,4.8,2.3,2.4,3.5,5.0,8.2,8.4,11.7,11.1,10.0,6.7,4.4,2.1
Wales,2000,10.2,4.7,5.2,5.3,0.0,0.0,0.0,0.0,0.0,0.3,1.1,7.6,12.9,20.7,10.3,17.8,12.0,13.4,12.6,15.7,17.5,25.7,26.1,21.7,111.1,178.6,66.6,153.5,97.7,89.0,87.6,106.8,167.3,284.5,287.2,256.1,47.7,80.3,111.3,141.5,200.6,155.8,183.0,168.5,103.7,76.4,37.5,34.4,7.2,8.4,9.9,10.7,15.5,17.6,18.7,19.2,17.2,12.6,9.0,7.5,4.4,5.6,6.5,6.8,11.0,13.6,14.5,15.1,13.7,9.4,6.4,5.3,1.6,2.7,3.2,3.0,6.7,9.6,10.4,11.0,10.1,6.1,3.8,3.0
Wales,2001,13.7,14.1,10.0,4.5,0.7,0.0,0.0,0.0,0.0,0.0,3.9,15.7,13.7,14.6,17.2,17.0,8.5,8.0,11.3,17.0,13.3,19.9,15.2,12.4,100.6,131.3,115.5,141.4,59.3,47.5,111.1,132.3,97.0,207.3,130.0,75.7,68.9,82.9,91.8,137.4,206.1,179.2,166.4,155.5,108.5,96.3,48.2,73.1,5.7,7.3,7.6,10.3,16.3,17.3,19.4,18.9,15.9,15.1,10.4,6.7,3.1,3.9,4.4,6.7,11.5,13.0,15.2,15.1,12.6,12.3,7.3,3.5,0.4,0.5,1.3,3.1,6.8,8.7,11.1,11.4,9.4,9.5,4.1,0.3
Wales,2002,7.2,4.8,4.8,4.2,0.1,0.0,0.0,0.0,0.0,1.6,0.4,6.2,19.0,20.6,12.2,12.8,16.8,13.4,12.1,10.8,5.0,17.8,22.5,17.4,180.7,267.7,66.1,99.8,149.2,76.3,73.9,75.3,36.3,199.6,231.2,173.1,34.4,58.5,105.0,162.4,174.1,141.1,144.1,148.6,152.3,87.0,56.7,39.0,8.3,9.0,10.3,12.3,14.5,16.2,18.0,19.2,17.5,12.8,10.9,7.2,5.5,6.2,6.8,8.1,10.7,12.7,14.2,15.2,13.1,9.4,8.3,5.2,2.7,3.3,3.3,4.0,7.0,9.3,10.5,11.2,8.7,6.0,5.8,3.2
Wales,2003,11.6,12.9,6.8,3.4,0.4,0.0,0.0,0.0,0.1,5.5,3.5,10.2,15.9,10.1,9.6,10.1,17.7,11.9,13.4,3.9,9.8,13.1,17.0,15.3,114.1,63.3,78.0,78.9,129.1,71.2,125.0,24.8,58.4,91.0,141.6,161.4,68.4,86.7,167.5,186.1,173.9,189.1,133.7,186.3,136.7,108.3,61.5,44.5,6.6,6.7,11.4,13.8,14.3,18.7,19.7,21.1,17.8,12.0,10.6,7.8,4.1,3.6,6.9,9.2,10.6,14.4,15.9,16.6,13.1,8.2,7.6,4.8,1.4,0.5,2.5,4.6,6.9,10.1,12.1,12.0,8.4,4.5,4.7,1.8
Wales,2004,9.1,12.6,8.1,0.9,0.2,0.0,0.0,0.0,0.0,0.0,3.6,6.2,21.3,10.6,13.9,12.7,8.8,10.9,13.8,15.8,13.6,21.2,14.1,14.4,192.7,119.9,90.1,81.5,66.5,74.1,78.8,157.1,145.1,257.0,90.5,132.9,37.5,96.5,116.7,116.9,204.8,186.2,148.2,159.8,130.1,89.9,36.8,46.6,7.6,7.4,9.2,12.0,15.7,18.2,18.0,19.9,17.2,12.7,10.0,8.5,4.9,4.5,5.7,8.5,11.0,14.1,14.3,16.1,13.8,9.6,7.5,5.7,2.2,1.5,2.2,5.1,6.4,10.1,10.7,12.3,10.4,6.6,5.0,3.0
Wales,2005,3.8,12.0,7.9,2.4,1.3,0.0,0.0,0.0,0.0,0.0,12.0,9.7,15.8,10.2,12.2,16.4,11.5,10.9,10.7,9.6,14.4,18.2,15.8,12.1,124.0,78.3,74.8,114.7,63.0,74.6,87.6,69.7,101.7,216.7,185.4,113.3,44.8,67.5,81.5,141.6,208.0,172.2,174.2,201.5,133.6,74.3,75.2,42.0,8.4,6.5,9.7,12.0,14.6,18.4,19.5,19.3,18.0,14.7,9.5,7.6,5.9,3.8,6.6,8.1,10.3,14.2,15.5,14.9,14.0,12.0,5.8,4.8,3.3,1.0,3.6,4.4,6.1,10.1,11.6,10.4,10.1,9.4,2.3,1.9
Wales,2006,12.9,11.6,11.8,3.8,0.1,0.0,0.0,0.0,0.0,0.0,4.3,5.7,8.6,10.2,19.4,12.0,18.4,6.6,7.5,14.9,12.3,19.4,20.4,19.7,65.5,79.9,173.8,68.5,164.9,35.4,51.7,103.0,83.2,188.0,198.0,258.5,60.3,62.9,85.0,162.9,157.8,222.1,254.4,132.4,147.2,89.5,78.3,32.5,6.5,5.9,7.4,11.6,15.1,19.6,23.1,18.5,19.1,14.8,11.0,8.5,3.9,3.4,4.4,7.9,11.1,14.7,17.8,15.0,15.2,11.9,7.5,6.1,1.4,0.8,1.4,4.2,7.1,10.0,12.6,11.5,11.4,8.9,4.2,3.7
Wales,2007,4.1,7.5,3.7,0.9,0.4,0.0,0.0,0.0,0.1,0.4,5.4,11.4,19.9,17.9,12.1,2.9,16.3,16.8,21.1,10.2,11.0,9.1,14.9,15.1,203.3,145.3,104.1,24.9,129.7,168.1,204.3,75.5,92.0,61.3,93.3,184.1,47.1,70.7,139.2,221.5,184.0,134.4,162.4,181.3,131.2,102.7,51.7,49.0,9.1,8.4,10.1,15.8,15.2,18.1,17.3,18.5,16.6,13.9,10.4,7.9,6.5,5.4,6.4,10.4,11.0,14.2,13.9,14.4,13.0,10.4,7.4,5.0,4.0,2.5,2.7,5.3,6.9,10.3,10.6,10.3,9.4,7.0,4.4,2.1
Wales,2008,3.3,11.0,5.5,5.6,0.0,0.0,0.0,0.0,0.0,1.9,4.2,16.3,21.6,9.0,18.9,17.1,11.0,11.3,15.8,20.3,14.1,19.0,16.3,12.8,246.2,80.3,147.3,90.2,60.9,94.2,150.5,189.7,154.6,228.7,127.9,94.9,34.6,107.2,109.9,156.4,184.8,190.1,155.4,91.7,109.3,100.5,50.2,63.5,8.9,9.2,8.7,11.0,17.2,16.9,18.8,17.8,16.1,12.4,9.3,6.4,6.2,5.1,5.6,7.2,12.7,12.8,15.1,14.9,12.4,9.2,6.8,3.4,3.5,1.1,2.4,3.5,8.3,8.7,11.4,12.1,8.7,6.0,4.4,0.4
Wales,2009,14.8,11.5,5.7,1.9,0.0,0.0,0.0,0.0,0.0,0.5,0.3,14.7,15.2,8.7,12.2,13.2,15.4,8.8,23.0,15.9,5.8,14.1,26.2,19.1,168.4,32.8,68.0,76.9,93.1,74.7,226.4,101.8,53.1,128.9,318.7,154.0,62.5,43.4,130.4,156.9,187.6,197.5,147.7,149.5,129.0,83.4,45.6,51.2,5.9,6.5,9.8,13.0,14.8,18.7,18.2,18.6,16.7,14.4,10.5,5.7,2.8,3.9,6.1,8.7,10.8,14.0,14.9,15.0,12.9,10.9,8.0,2.9,-0.2,1.3,2.5,4.5,6.9,9.3,11.6,11.5,9.1,7.4,5.5,0.1
Wales,2010,19.4,16.8,13.1,5.3,2.0,0.0,0.0,0.0,0.2,3.0,9.6,24.1,15.2,12.9,12.5,7.2,10.5,5.2,16.5,13.6,14.7,15.2,17.8,8.5,100.3,60.9,99.6,43.6,53.4,42.2,158.6,105.5,152.5,119.0,140.7,52.7,59.1,72.1,127.7,202.2,211.4,236.6,112.5,147.5,131.1,116.1,69.3,45.4,4.0,5.6,9.0,13.0,14.7,19.3,18.8,17.9,16.6,13.4,7.8,2.9,1.2,2.5,5.0,8.0,10.0,14.2,15.4,14.1,13.0,9.7,4.6,-0.5,-1.7,-0.6,1.1,3.1,5.4,9.1,12.1,10.4,9.3,6.1,1.6,-4.1
Wales,2011,15.6,3.5,9.6,0.3,0.0,0.2,0.0,0.0,0.0,0.2,1.1,3.6,14.7,17.6,6.3,5.8,15.8,14.0,11.4,14.2,15.7,17.7,14.6,25.1,149.3,130.6,30.9,30.8,93.9,110.0,95.1,83.4,129.2,126.8,97.6,211.1,55.5,50.8,154.4,207.8,169.9,199.1,177.5,128.3,118.3,83.4,61.6,28.0,5.9,8.6,10.3,15.8,14.9,16.9,18.5,17.8,17.2,14.8,11.9,8.6,3.1,6.0,6.0,10.9,11.1,12.6,14.1,14.1,13.9,11.7,9.0,6.1,0.2,3.4,1.7,6.1,7.5,8.3,9.8,10.5,10.6,8.7,6.2,3.6
Wales,2012,8.3,11.6,1.9,5.0,0.5,0.0,0.0,0.0,0.0,1.5,5.2,9.7,16.1,9.2,6.1,20.0,9.7,19.9,16.9,20.4,14.6,19.1,17.2,23.2,129.9,64.3,31.4,169.2,77.0,218.6,132.7,156.8,130.8,148.8,178.0,264.9,50.2,59.8,153.3,121.1,207.1,118.7,144.4,134.1,123.3,88.4,58.3,44.0,8.0,7.0,12.0,10.2,15.3,16.0,17.7,18.9,15.6,12.1,9.1,7.6,5.4,4.1,7.8,6.5,10.8,12.7,14.1,15.4,11.9,9.0,6.0,4.8,2.9,1.2,3.7,2.9,6.5,9.5,10.6,12.0,8.3,5.9,3.0,1.9
Wales,2013,15.0,13.8,19.9,8.8,1.0,0.0,0.0,0.0,0.0,0.0,5.3,3.3,18.3,9.3,10.4,10.3,13.2,11.0,7.5,10.9,11.7,21.3,16.0,20.4,140.3,76.2,88.1,54.0,113.3,62.4,62.6,108.6,74.2,224.9,113.7,224.8,36.4,69.0,99.7,159.4,183.6,188.0,285.4,153.1,101.6,72.1,60.5,37.8,6.0,5.7,5.5,10.3,13.5,17.1,22.5,19.4,16.8,14.5,9.2,9.1,3.7,3.0,2.4,6.4,9.2,12.8,17.2,15.5,13.1,11.8,6.1,6.2,1.4,0.2,-0.7,2.5,5.1,8.6,12.0,11.6,9.5,9.2,3.1,3.3
Wales,2014,4.0,1.8,4.3,0.5,0.0,0.0,0.0,0.0,0.0,0.0,2.3,9.1,25.8,24.1,12.0,11.9,16.7,9.9,9.7,18.8,3.6,21.0,16.1,18.7,257.9,241.6,80.5,78.9,129.6,57.5,57.1,143.3,16.4,177.3,151.3,159.6,37.1,73.8,126.5,148.1,142.7,220.2,232.5,163.3,148.0,75.7,64.2,51.6,7.9,7.8,10.7,13.2,15.1,18.8,20.9,17.7,18.7,14.5,10.7,8.0,5.3,5.4,6.8,9.2,11.3,14.1,16.1,14.0,14.1,11.5,7.7,5.2,2.7,3.0,3.0,5.3,7.6,9.5,11.5,10.3,9.5,8.5,4.9,2.3
Wales,2015,10.1,12.4,8.1,1.9,0.0,0.0,0.0,0.0,0.0,0.1,2.4,0.0,21.9,12.2,13.7,6.9,16.8,7.1,18.5,17.0,9.7,10.2,25.2,28.1,187.7,87.8,97.4,35.1,134.9,59.6,113.9,128.9,71.7,71.5,245.9,334.1,52.5,73.2,120.6,216.8,161.9,220.2,166.6,146.6,165.5,90.5,31.1,22.7,7.1,6.5,9.0,13.5,13.4,17.4,18.0,18.2,16.1,13.8,11.9,11.5,4.4,3.5,5.5,8.4,9.8,13.0,14.3,14.4,11.7,10.1,9.0,9.1,1.6,0.4,2.0,3.4,6.3,8.6,10.7,10.5,7.4,6.4,6.3,6.8
Wales,2016,6.2,10.1,8.1,5.6,0.3,0.0,0.0,0.0,0.0,0.1,6.3,6.5,23.5,15.6,11.9,16.0,11.9,15.2,14.1,12.1,16.8,6.8,13.7,13.3,243.8,147.5,104.4,87.9,85.2,131.4,86.3,103.7,135.3,45.0,118.1,82.4,36.6,75.8,124.1,172.2,216.3,141.3,154.9,170.8,120.4,106.8,70.7,40.3,8.1,7.4,8.9,10.9,16.3,18.2,18.8,19.4,18.0,13.5,8.6,9.1,5.4,4.4,5.2,6.9,11.8,14.5,15.2,15.6,14.6,10.0,5.5,6.2,2.7,1.4,1.6,3.0,7.4,10.8,11.7,11.8,11.1,6.6,2.4,3.3
Wales,2017,11.0,6.2,2.2,2.8,0.5,0.0,0.0,0.0,0.0,0.5,5.6,9.3,13.6,15.7,17.4,6.0,11.6,14.0,16.1,14.8,20.5,14.1,20.1,22.0,83.3,119.1,155.1,25.5,71.4,130.8,121.1,111.3,171.5,109.3,145.9,171.3,49.0,42.9,98.3,161.7,215.6,160.7,177.1,146.7,104.0,69.6,59.0,39.4,7.2,8.1,10.9,12.3,16.9,18.3,19.4,18.2,16.0,14.3,9.8,7.6,4.5,5.6,7.5,8.1,12.4,14.6,15.3,14.5,12.6,11.5,6.7,4.9,1.7,3.2,4.1,4.1,8.0,11.0,11.4,10.8,9.2,8.7,3.6,2.3
Wales,2018,7.9,14.1,10.9,2.0,0.7,0.0,0.0,0.0,0.3,3.7,2.8,2.4,22.2,13.0,19.3,14.9,9.0,5.5,8.1,13.5,14.5,10.3,14.9,19.3,170.1,78.1,140.9,115.1,60.4,20.4,62.6,99.2,134.6,132.0,164.4,189.5,47.5,96.5,84.7,124.6,232.2,261.0,246.9,138.5,124.7,114.8,58.2,19.6,7.5,5.6,7.1,12.1,17.0,20.5,22.6,19.0,16.2,13.3,10.2,9.1,4.8,2.7,4.0,8.6,11.8,15.3,17.2,15.2,12.5,9.5,7.5,6.9,2.1,-0.2,0.9,5.1,6.8,10.3,11.9,11.4,8.8,5.8,4.8,4.8
Wales,2019,12.0,6.0,2.7,2.7,1.6,0.0,0.0,0.0,0.0,1.0,4.0,5.0,12.7,11.5,17.6,11.2,9.0,15.6,7.9,17.0,17.1,20.3,20.8,19.2,81.6,87.6,176.9,98.1,47.2,146.7,58.8,144.0,193.4,208.0,177.6,184.6,36.0,104.7,111.0,154.7,198.3,139.9,181.8,176.4,150.5,79.3,44.6,41.0,6.5,10.4,10.1,13.1,14.9,16.9,20.4,19.4,17.2,12.6,8.4,8.3,4.0,6.4,7.0,8.8,10.2,13.2,16.1,15.8,13.3,9.4,5.9,5.6,1.6,2.5,3.8,4.5,5.7,9.6,11.8,12.3,9.6,6.2,3.4,2.9
Wales,2020,4.2,3.1,6.5,2.2,2.2,0.0,0.0,0.0,0.1,0.0,2.7,7.1,16.8,23.2,13.1,6.9,3.1,18.0,14.0,17.1,10.0,22.6,17.7,24.7,146.1,295.3,103.0,40.7,14.5,140.9,121.3,184.4,80.8,219.8,137.0,262.9,45.9,64.2,142.1,219.3,285.8,157.8,143.5,127.4,153.7,63.2,54.2,30.0,8.3,8.5,9.6,15.2,17.0,18.1,17.9,19.6,17.3,12.5,11.0,7.4,5.8,5.8,5.9,9.9,11.6,14.0,14.3,16.0,13.0,9.7,7.9,4.9,3.2,3.1,2.2,4.8,6.2,10.1,10.8,12.5,8.8,6.8,5.0,2.4
Wales,2021,14.9,10.4,6.5,11.5,2.6,0.0,0.0,0.0,0.0,0.0,4.8,4.2,18.5,15.1,11.8,5.0,20.9,7.5,12.0,11.3,11.6,18.4,13.2,20.8,213.3,159.6,98.4,17.1,213.9,32.7,82.4,77.6,122.4,215.2,73.3,191.8,34.5,66.5,107.7,233.9,171.4,176.9,205.6,124.0,121.5,77.7,52.7,27.5,5.9,7.4,9.9,11.3,13.3,18.7,21.1,18.4,18.8,14.2,10.2,8.8,3.3,4.6,6.5,6.2,9.2,14.1,16.6,14.7,14.8,11.4,7.3,6.5,0.7,1.7,3.0,1.1,5.3,9.6,12.1,11.1,10.9,8.6,4.4,4.1
Wales,2022,10.4,1.7,4.8,5.3,0.0,0.0,0.0,0.0,0.0,0.0,0.6,13.2,12.7,18.6,8.9,9.1,13.7,12.2,5.9,7.5,14.2,21.7,21.5,17.1,70.7,205.7,52.7,47.3,63.6,75.9,53.2,42.9,121.9,180.5,210.1,169.0,56.5,60.5,159.3,163.7,150.4,198.3,187.7,225.3,103.7,106.0,57.2,47.5,7.8,9.2,11.4,13.0,15.7,18.1,21.1,22.0,17.5,15.2,11.2,6.5,4.8,6.4,7.1,8.3,11.8,13.5,16.4,16.9,13.5,12.0,8.5,3.4,1.7,3.6,2.7,3.6,8.0,9.0,11.7,11.8,9.5,8.7,5.9,0.4
Wales,2023,8.9,8.4,6.4,3.0,0.0,0.0,0.0,0.0,0.0,0.2,3.4,4.4,18.2,6.4,22.8,14.7,6.4,9.7,19.1,17.5,16.4,20.2,20.4,24.1,198.2,26.9,210.5,83.8,35.9,49.5,179.8,121.7,161.0,216.4,175.4,266.3,56.5,74.4,66.4,142.6,243.5,238.9,126.2,127.9,129.5,81.9,52.0,22.7,7.8,8.9,9.0,12.1,16.8,21.4,18.3,18.6,19.5,14.6,9.9,9.2,5.0,5.8,6.2,8.1,11.9,16.2,14.9,15.2,15.6,11.5,7.3,6.9,2.2,2.7,3.5,4.1,7.0,11.1,11.7,11.8,11.8,8.5,4.7,4.7
Wales,2024,11.2,3.3,4.0,2.0,0.0,0.0,0.0,0.0,0.1,0.8,5.4,0.9,14.5,21.5,21.5,16.9,12.8,8.2,13.8,13.7,16.8,15.5,11.9,17.2,167.0,215.4,161.6,138.7,96.7,49.6,92.7,103.4,161.1,131.1,138.4,191.5,57.8,43.4,90.6,114.8,161.6,175.4,152.0,150.2,104.9,97.1,43.5,23.3,7.0,9.5,10.0,12.0,16.8,16.9,18.8,19.0,16.1,14.0,10.2,8.9,4.3,6.9,7.0,8.5,12.7,12.8,14.7,15.3,12.8,10.7,7.3,6.6,1.7,4.4,4.0,5.2,8.7,8.7,10.6,11.7,9.5,7.5,4.5,4.3
Wales,2025,12.7,5.6,9.1,0.8,0.4,0.0,0.0,0.0,0.2,0.0,5.3,3.2,14.2,11.8,4.8,8.3,8.0,14.7,11.2,9.9,17.8,15.6,21.7,17.2,150.1,92.4,24.3,72.1,51.2,114.7,59.9,69.9,197.7,145.9,261.4,206.8,61.2,68.2,165.2,218.3,263.5,175.7,192.9,184.3,127.2,54.2,62.3,52.7,6.4,7.3,11.5,15.2,17.5,19.2,20.8,20.9,16.5,13.3,10.7,8.7,3.5,4.8,7.0,10.0,12.2,15.3,16.6,16.3,12.7,10.6,7.9,6.3,0.6,2.3,2.6,4.8,6.9,11.5,12.4,11.8,9.0,7.9,5.2,4.0
Wales,2026,10.2,3.6,1.7,1.3,0.6,0.0,,,,,,,23.3,22.4,13.5,9.8,11.3,14.0,,,,,,,175.6,162.6,95.1,55.5,69.9,97.8,,,,,,,50.2,35.1,129.1,209.5,201.0,185.6,,,,,,,6.8,8.3,11.0,14.2,16.9,19.9,,,,,,,4.1,6.2,7.5,9.3,12.4,15.9,,,,,,,1.3,4.1,3.9,4.5,8.0,12.0,,,,,,
West Midlands,1836,,,,,,,,,,,,,,,,,,,,,,,,,61.1,57.0,103.7,59.2,14.7,60.1,69.6,44.0,63.6,77.2,131.4,59.5,,,,,,,,,,,,,,,,,,,,,,,,,,,,,,,,,,,,,,,,,,,,,,,,
West Midlands,1837,,,,,,,,,,,,,,,,,,,,,,,,,89.5,82.7,28.8,46.3,31.2,50.9,63.1,87.3,57.9,71.9,67.7,72.9,,,,,,,,,,,,,,,,,,,,,,,,,,,,,,,,,,,,,,,,,,,,,,,,
West Midlands,1838,,,,,,,,,,,,,,,,,,,,,,,,,22.7,57.0,42.0,46.7,65.7,90.4,65.3,67.9,59.2,69.9,94.4,39.4,,,,,,,,,,,,,,,,,,,,,,,,,,,,,,,,,,,,,,,,,,,,,,,,
West Midlands,1839,,,,,,,,,,,,,,,,,,,,,,,,,45.1,47.1,58.9,37.3,20.2,121.0,127.2,78.4,102.5,75.4,118.4,64.8,,,,,,,,,,,,,,,,,,,,,,,,,,,,,,,,,,,,,,,,,,,,,,,,
West Midlands,1840,,,,,,,,,,,,,,,,,,,,,,,,,85.7,55.1,7.0,19.0,75.3,50.4,74.0,63.9,70.9,36.6,122.0,15.9,,,,,,,,,,,,,,,,,,,,,,,,,,,,,,,,,,,,,,,,,,,,,,,,
West Midlands,1841,,,,,,,,,,,,,,,,,,,,,,,,,62.2,37.1,49.9,41.2,64.0,74.0,78.8,95.8,114.7,110.4,91.7,78.4,,,,,,,,,,,,,,,,,,,,,,,,,,,,,,,,,,,,,,,,,,,,,,,,
West Midlands,1842,,,,,,,,,,,,,,,,,,,,,,,,,51.2,35.3,79.3,15.9,62.2,55.6,75.1,47.1,76.7,35.1,132.4,38.1,,,,,,,,,,,,,,,,,,,,,,,,,,,,,,,,,,,,,,,,,,,,,,,,
West Midlands,1843,,,,,,,,,,,,,,,,,,,,,,,,,59.3,66.2,27.4,71.7,104.3,69.8,67.2,86.4,21.1,129.6,77.2,13.1,,,,,,,,,,,,,,,,,,,,,,,,,,,,,,,,,,,,,,,,,,,,,,,,
West Midlands,1844,,,,,,,,,,,,,,,,,,,,,,,,,42.1,65.0,70.3,11.7,7.6,30.9,65.7,69.6,62.2,65.5,79.4,10.6,,,,,,,,,,,,,,,,,,,,,,,,,,,,,,,,,,,,,,,,,,,,,,,,
West Midlands,1845,,,,,,,,,,,,,,,,,,,,,,,,,43.6,23.3,46.0,43.6,59.7,75.6,84.1,110.4,64.9,58.9,57.9,95.5,,,,,,,,,,,,,,,,,,,,,,,,,,,,,,,,,,,,,,,,,,,,,,,,
West Midlands,1846,,,,,,,,,,,,,,,,,,,,,,,,,79.4,27.6,47.4,113.4,35.8,47.2,71.6,101.1,41.8,122.8,39.3,26.2,,,,,,,,,,,,,,,,,,,,,,,,,,,,,,,,,,,,,,,,,,,,,,,,
West Midlands,1847,,,,,,,,,,,,,,,,,,,,,,,,,53.3,39.8,34.4,43.9,90.7,60.3,27.0,44.0,60.1,95.8,54.5,103.1,,,,,,,,,,,,,,,,,,,,,,,,,,,,,,,,,,,,,,,,,,,,,,,,
West Midlands,1848,,,,,,,,,,,,,,,,,,,,,,,,,34.5,102.4,93.7,70.8,22.9,123.5,69.0,114.9,101.5,122.6,37.0,73.3,,,,,,,,,,,,,,,,,,,,,,,,,,,,,,,,,,,,,,,,,,,,,,,,
West Midlands,1849,,,,,,,,,,,,,,,,,,,,,,,,,70.9,36.2,22.2,72.0,64.4,39.4,74.6,46.9,100.1,80.4,45.4,84.4,,,,,,,,,,,,,,,,,,,,,,,,,,,,,,,,,,,,,,,,,,,,,,,,
West Midlands,1850,,,,,,,,,,,,,,,,,,,,,,,,,44.1,44.1,14.6,69.3,50.9,32.9,91.8,52.0,46.1,48.8,68.5,48.6,,,,,,,,,,,,,,,,,,,,,,,,,,,,,,,,,,,,,,,,,,,,,,,,
West Midlands,1851,,,,,,,,,,,,,,,,,,,,,,,,,79.9,23.7,81.9,36.4,34.9,73.3,82.2,55.1,28.8,64.1,25.3,34.9,,,,,,,,,,,,,,,,,,,,,,,,,,,,,,,,,,,,,,,,,,,,,,,,
West Midlands,1852,,,,,,,,,,,,,,,,,,,,,,,,,108.9,52.8,12.0,11.8,39.2,111.9,70.3,110.0,90.5,84.6,173.5,88.3,,,,,,,,,,,,,,,,,,,,,,,,,,,,,,,,,,,,,,,,,,,,,,,,
West Midlands,1853,,,,,,,,,,,,,,,,,,,,,,,,,73.4,28.2,33.1,51.0,44.3,102.8,89.6,67.9,58.0,93.0,52.5,25.7,,,,,,,,,,,,,,,,,,,,,,,,,,,,,,,,,,,,,,,,,,,,,,,,
West Midlands,1854,,,,,,,,,,,,,,,,,,,,,,,,,65.5,26.3,18.0,14.3,58.1,45.2,76.8,40.3,30.5,46.0,53.0,64.3,,,,,,,,,,,,,,,,,,,,,,,,,,,,,,,,,,,,,,,,,,,,,,,,
West Midlands,1855,,,,,,,,,,,,,,,,,,,,,,,,,12.0,34.5,46.2,18.7,46.4,68.1,121.4,47.2,30.0,128.3,24.9,27.0,,,,,,,,,,,,,,,,,,,,,,,,,,,,,,,,,,,,,,,,,,,,,,,,
West Midlands,1856,,,,,,,,,,,,,,,,,,,,,,,,,73.5,52.4,22.5,62.7,76.5,49.1,46.7,109.7,82.5,66.3,32.1,65.8,,,,,,,,,,,,,,,,,,,,,,,,,,,,,,,,,,,,,,,,,,,,,,,,
West Midlands,1857,,,,,,,,,,,,,,,,,,,,,,,,,69.6,29.7,52.1,64.0,41.4,66.2,61.5,117.3,72.4,68.1,41.9,20.3,,,,,,,,,,,,,,,,,,,,,,,,,,,,,,,,,,,,,,,,,,,,,,,,
West Midlands,1858,,,,,,,,,,,,,,,,,,,,,,,,,19.3,21.7,27.7,80.2,58.4,52.3,48.8,68.2,66.8,86.6,25.6,60.6,,,,,,,,,,,,,,,,,,,,,,,,,,,,,,,,,,,,,,,,,,,,,,,,
West Midlands,1859,,,,,,,,,,,,,,,,,,,,,,,,,37.4,44.5,62.3,73.1,29.1,64.3,55.6,89.1,83.7,75.7,71.1,66.0,,,,,,,,,,,,,,,,,,,,,,,,,,,,,,,,,,,,,,,,,,,,,,,,
West Midlands,1860,,,,,,,,,,,,,,,,,,,,,,,,,88.6,28.5,65.7,29.4,79.4,138.4,49.2,128.0,69.8,63.3,68.0,75.5,,,,,,,,,,,,,,,,,,,,,,,,,,,,,,,,,,,,,,,,,,,,,,,,
West Midlands,1861,,,,,,,,,,,,,,,,,,,,,,,,,22.1,72.4,87.4,29.1,27.9,68.3,113.2,31.2,70.5,39.0,83.8,45.8,,,,,,,,,,,,,,,,,,,,,,,,,,,,,,,,,,,,,,,,,,,,,,,,
West Midlands,1862,,,,,,,,,,,,,,,,,,,,,,,,,59.5,17.0,99.3,59.7,93.9,67.4,60.2,57.3,85.0,97.5,25.4,50.6,,,,,,,,,,,,,,,,,,,,,,,,,,,,,,,,,,,,,,,,,,,,,,,,
West Midlands,1863,,,,,,,,,,,,,,,,,,,,,,,,,92.0,20.0,23.8,34.0,29.0,102.7,28.3,76.0,85.4,96.8,64.5,42.1,,,,,,,,,,,,,,,,,,,,,,,,,,,,,,,,,,,,,,,,,,,,,,,,
West Midlands,1864,,,,,,,,,,,,,,,,,,,,,,,,,32.4,47.2,69.9,38.2,50.1,43.1,19.3,28.5,68.8,60.5,69.7,51.0,,,,,,,,,,,,,,,,,,,,,,,,,,,,,,,,,,,,,,,,,,,,,,,,
West Midlands,1865,,,,,,,,,,,,,,,,,,,,,,,,,67.7,58.4,30.1,27.0,68.9,44.7,75.9,109.2,7.5,134.8,72.4,37.3,,,,,,,,,,,,,,,,,,,,,,,,,,,,,,,,,,,,,,,,,,,,,,,,
West Midlands,1866,,,,,,,,,,,,,,,,,,,,,,,,,79.9,80.3,47.2,36.6,35.5,86.5,72.2,101.5,149.9,63.2,74.8,67.1,,,,,,,,,,,,,,,,,,,,,,,,,,,,,,,,,,,,,,,,,,,,,,,,
West Midlands,1867,,,,,,,,,,,,,,,,,,,,,,,,,84.6,54.6,70.7,80.6,62.7,46.4,79.8,62.1,59.8,73.9,26.5,54.2,,,,,,,,,,,,,,,,,,,,,,,,,,,,,,,,,,,,,,,,,,,,,,,,
West Midlands,1868,,,,,,,,,,,,,,,,,,,,,,,,,72.4,53.5,62.9,47.9,34.4,11.7,14.5,97.9,75.6,74.4,47.8,168.1,,,,,,,,,,,,,,,,,,,,,,,,,,,,,,,,,,,,,,,,,,,,,,,,
West Midlands,1869,,,,,,,,,,,,,,,,,,,,,,,,,94.2,77.6,44.3,44.9,117.4,32.6,17.3,39.4,121.2,47.8,67.0,108.2,,,,,,,,,,,,,,,,,,,,,,,,,,,,,,,,,,,,,,,,,,,,,,,,
West Midlands,1870,,,,,,,,,,,,,,,,,,,,,,,,,51.8,49.4,46.4,22.0,31.2,28.4,32.1,47.8,37.6,135.6,56.5,62.8,,,,,,,,,,,,,,,,,,,,,,,,,,,,,,,,,,,,,,,,,,,,,,,,
West Midlands,1871,,,,,,,,,,,,,,,,,,,,,,,,,38.2,49.6,33.9,78.7,35.7,89.1,105.0,36.0,137.3,66.7,26.6,44.0,,,,,,,,,,,,,,,,,,,,,,,,,,,,,,,,,,,,,,,,,,,,,,,,
West Midlands,1872,,,,,,,,,,,,,,,,,,,,,,,,,116.6,74.7,61.9,78.3,53.6,112.1,119.9,80.1,82.1,121.2,114.4,105.0,,,,,,,,,,,,,,,,,,,,,,,,,,,,,,,,,,,,,,,,,,,,,,,,
West Midlands,1873,,,,,,,,,,,,,,,,,,,,,,,,,79.3,29.5,67.8,20.7,60.0,64.6,68.8,78.2,50.7,68.4,56.3,18.6,,,,,,,,,,,,,,,,,,,,,,,,,,,,,,,,,,,,,,,,,,,,,,,,
West Midlands,1874,,,,,,,,,,,,,,,,,,,,,,,,,64.3,52.8,39.3,40.0,38.1,22.2,37.0,73.8,86.2,80.4,76.9,63.8,,,,,,,,,,,,,,,,,,,,,,,,,,,,,,,,,,,,,,,,,,,,,,,,
West Midlands,1875,,,,,,,,,,,,,,,,,,,,,,,,,93.5,37.5,22.9,34.2,52.3,83.6,145.7,65.2,84.2,150.3,113.4,36.2,,,,,,,,,,,,,,,,,,,,,,,,,,,,,,,,,,,,,,,,,,,,,,,,
West Midlands,1876,,,,,,,,,,,,,,,,,,,,,,,,,48.7,78.1,86.4,74.7,18.5,55.7,41.0,64.5,125.4,60.2,96.3,157.8,,,,,,,,,,,,,,,,,,,,,,,,,,,,,,,,,,,,,,,,,,,,,,,,
West Midlands,1877,,,,,,,,,,,,,,,,,,,,,,,,,113.7,61.1,61.9,73.7,70.0,39.8,93.2,117.5,67.5,67.4,93.6,60.7,,,,,,,,,,,,,,,,,,,,,,,,,,,,,,,,,,,,,,,,,,,,,,,,
West Midlands,1878,,,,,,,,,,,,,,,,,,,,,,,,,58.8,38.0,28.8,57.5,128.0,75.3,32.4,152.6,66.4,87.0,82.1,50.3,,,,,,,,,,,,,,,,,,,,,,,,,,,,,,,,,,,,,,,,,,,,,,,,
West Midlands,1879,,,,,,,,,,,,,,,,,,,,,,,,,49.4,79.9,30.0,65.6,67.9,128.2,97.7,133.8,75.5,31.5,29.5,32.6,,,,,,,,,,,,,,,,,,,,,,,,,,,,,,,,,,,,,,,,,,,,,,,,
West Midlands,1880,,,,,,,,,,,,,,,,,,,,,,,,,13.0,77.5,44.9,48.3,47.5,86.4,154.1,35.0,107.8,137.7,69.9,97.5,,,,,,,,,,,,,,,,,,,,,,,,,,,,,,,,,,,,,,,,,,,,,,,,
West Midlands,1881,,,,,,,,,,,,,,,,,,,,,,,,,22.1,98.1,65.8,25.8,43.5,60.8,60.5,127.3,53.3,76.1,86.0,82.7,,,,,,,,,,,,,,,,,,,,,,,,,,,,,,,,,,,,,,,,,,,,,,,,
West Midlands,1882,,,,,,,,,,,,,,,,,,,,,,,,,65.2,59.8,50.7,95.4,52.2,105.7,102.0,62.0,65.9,139.1,112.7,103.0,,,,,,,,,,,,,,,,,,,,,,,,,,,,,,,,,,,,,,,,,,,,,,,,
West Midlands,1883,,,,,,,,,,,,,,,,,,,,,,,,,91.8,84.7,29.8,45.3,40.7,87.7,83.2,37.1,131.7,80.6,95.4,35.2,,,,,,,,,,,,,,,,,,,,,,,,,,,,,,,,,,,,,,,,,,,,,,,,
West Midlands,1884,,,,,,,,,,,,,,,,,,,,,,,,,89.7,50.9,55.8,43.5,31.4,47.1,90.4,47.3,45.0,36.7,40.1,74.9,,,,,,,,,,,,,8.3,7.6,9.7,10.8,16.2,18.8,20.4,22.5,18.5,12.4,8.0,6.2,5.8,4.6,5.7,6.5,10.7,13.4,15.6,16.5,14.0,8.6,4.9,3.7,3.3,1.7,1.7,2.1,5.3,8.0,10.9,10.6,9.5,4.7,1.8,1.3
West Midlands,1885,,,,,,,,,,,,,,,,,,,,,,,,,53.1,77.8,37.0,55.4,62.0,70.2,15.2,60.6,93.1,125.2,86.7,27.3,,,,,,,,,,,,,4.3,8.5,8.0,11.9,12.9,18.8,21.6,17.9,16.5,10.1,7.7,5.9,2.0,5.2,4.0,7.2,8.3,13.6,15.9,13.3,11.8,6.8,5.1,3.0,-0.2,2.0,0.1,2.5,3.6,8.4,10.2,8.7,7.0,3.5,2.5,0.0
West Midlands,1886,,,,,,,,,,,,,,,,,,,,,,,,,100.7,19.5,68.5,53.4,140.9,32.8,87.5,44.7,57.2,115.6,61.6,109.9,,,,,,,,,,,,,4.1,3.3,6.9,11.7,14.6,17.6,20.4,20.4,17.5,13.8,8.8,4.7,1.4,0.8,3.4,7.2,9.9,12.9,15.5,15.6,13.2,10.7,5.9,1.7,-1.2,-1.7,0.1,2.7,5.2,8.1,10.7,10.8,8.9,7.5,3.1,-1.3
West Midlands,1887,,,,,,,,,,,,,,,,,,,,,,,,,63.3,19.0,40.1,30.8,49.6,28.1,31.5,45.7,69.7,57.8,58.3,50.1,,,,,,,,,,,,,4.5,7.3,6.8,11.0,13.1,21.4,23.1,21.2,15.3,10.5,6.9,5.3,1.5,3.5,3.2,6.0,9.0,15.2,17.1,15.1,11.2,6.6,4.1,2.4,-1.7,-0.4,-0.4,1.0,4.8,9.0,11.2,9.2,7.0,2.7,1.3,-0.5
West Midlands,1888,,,,,,,,,,,,,,,,,,,,,,,,,25.0,32.5,75.0,50.4,26.5,61.1,139.3,71.0,27.7,22.6,137.4,62.0,,,,,,,,,,,,,5.4,3.8,5.9,9.7,15.7,17.5,16.9,18.3,16.3,12.0,9.6,7.2,2.6,1.3,2.7,5.8,10.2,12.7,13.1,13.7,11.8,7.3,7.2,4.2,-0.2,-1.2,-0.5,2.0,4.9,8.0,9.2,9.3,7.3,2.7,4.7,1.2
West Midlands,1889,,,,,,,,,,,,,,,,,,,,,,,,,29.4,47.3,78.0,87.7,89.6,20.2,66.1,85.7,54.8,89.2,29.5,47.7,,,,,,,,,,,,,5.3,5.6,8.0,10.3,17.0,20.5,19.4,18.6,16.5,11.6,9.2,5.7,2.4,2.4,4.2,6.6,12.3,15.1,14.6,14.2,12.3,8.0,6.2,2.5,-0.5,-0.7,0.4,2.8,7.7,9.6,9.8,9.9,8.1,4.4,3.2,-0.6
West Midlands,1890,,,,,,,,,,,,,,,,,,,,,,,,,85.6,20.1,46.6,26.8,57.0,57.2,70.8,83.2,34.8,42.4,91.4,21.1,,,,,,,,,,,,,8.4,5.6,9.7,11.1,16.5,18.0,18.4,18.4,19.4,13.2,8.8,0.7,5.1,2.6,5.7,6.5,11.2,13.3,14.0,13.9,14.4,9.1,5.3,-1.6,1.8,-0.4,1.7,1.8,5.8,8.8,9.7,9.5,9.4,5.1,1.8,-3.8
West Midlands,1891,,,,,,,,,,,,,9.9,0.8,9.3,9.3,16.2,8.7,13.0,20.3,11.3,19.5,13.0,17.4,54.2,3.6,39.3,47.2,84.4,62.7,66.5,120.9,48.3,142.7,71.9,109.2,,,,,,,,,,,,,4.1,8.7,7.2,9.9,13.8,19.1,18.8,17.6,18.4,12.6,8.0,6.8,0.7,4.1,3.6,5.5,9.0,14.1,14.2,13.6,13.6,8.8,4.9,3.3,-2.6,-0.5,-0.1,1.1,4.2,9.1,9.7,9.8,8.9,5.1,1.8,-0.2
West Midlands,1892,,,,,,,,,,,,,11.9,11.0,5.4,6.6,12.2,12.6,9.7,12.1,11.6,16.1,10.3,10.0,46.0,44.8,23.1,27.1,61.1,77.3,60.4,75.9,71.0,102.4,49.3,35.9,,,,,,,,,,,,,4.2,5.8,6.4,13.1,16.2,17.9,17.7,19.3,15.9,10.2,8.9,4.4,1.4,2.7,2.2,6.9,11.0,12.7,13.4,14.7,11.7,6.4,5.8,1.3,-1.5,-0.4,-2.0,0.6,5.8,7.6,9.0,10.0,7.4,2.6,2.7,-2.0
West Midlands,1893,,,,,,,,,,,,,10.9,17.2,3.7,2.7,8.5,7.2,14.8,11.4,9.6,12.5,10.4,13.7,44.8,84.1,13.7,10.2,52.3,35.8,77.0,53.9,42.2,66.7,48.7,78.8,,,,,,,,,,,,,4.2,7.1,12.9,16.7,18.1,20.9,20.7,22.4,17.4,13.6,7.9,7.4,1.5,4.1,7.0,9.8,12.3,14.9,15.9,17.0,12.5,9.4,4.5,4.0,-1.3,1.1,1.1,2.7,6.6,9.0,11.1,11.7,7.5,5.2,1.0,0.5
West Midlands,1894,,,,,,,,,,,,,16.6,12.1,8.7,12.0,12.9,10.8,13.5,15.2,5.6,14.1,10.9,12.4,61.5,77.1,43.5,50.5,55.5,61.5,78.7,72.7,38.6,93.9,81.3,61.1,,,,,,,,,,,,,5.5,8.0,11.2,14.3,13.1,17.9,20.3,17.7,15.1,12.1,10.2,7.3,2.7,4.4,6.0,9.1,8.5,13.2,15.4,13.8,11.1,8.7,7.2,4.5,-0.2,0.7,0.9,4.0,3.9,8.5,10.5,10.0,7.0,5.2,4.3,1.7
West Midlands,1895,,,,,,,,,,,,,17.3,2.0,14.4,10.3,4.1,6.3,14.0,13.9,4.5,13.1,17.3,12.4,92.4,7.3,58.8,53.8,17.3,35.9,98.2,69.3,23.4,80.1,103.9,65.8,,,,,,,,,,,,,2.0,1.3,8.8,12.4,17.8,20.1,19.4,19.9,21.5,10.7,10.0,5.8,-0.7,-2.7,4.8,7.9,11.8,14.1,14.9,15.2,15.2,6.7,6.9,3.1,-3.5,-6.6,0.9,3.3,5.8,8.0,10.4,10.6,8.9,2.6,3.8,0.4
West Midlands,1896,,,,,,,,,,,,,6.9,4.7,18.4,9.1,2.5,12.0,9.0,11.9,20.0,17.6,6.0,17.8,27.9,19.8,79.2,29.4,10.8,65.9,42.9,53.7,131.8,86.6,32.2,99.1,,,,,,,,,,,,,6.8,7.3,10.2,13.0,17.5,21.1,21.4,18.1,16.1,10.1,7.0,5.9,4.1,3.8,6.3,8.4,11.4,15.7,15.9,13.7,12.6,6.5,3.8,3.1,1.4,0.3,2.4,3.9,5.3,10.3,10.4,9.4,9.0,2.9,0.6,0.4
West Midlands,1897,,,,,,,,,,,,,11.1,11.5,16.7,13.5,8.6,11.0,5.5,17.3,10.8,6.6,9.8,14.3,53.4,75.1,86.9,52.6,32.6,75.1,25.9,100.9,71.7,38.2,53.0,87.8,,,,,,,,,,,,,2.9,7.8,9.7,10.6,14.8,19.5,21.3,20.7,15.8,13.2,9.7,7.1,0.7,5.1,6.2,6.5,9.5,14.6,15.9,15.7,11.5,9.2,6.7,4.0,-1.5,2.4,2.7,2.5,4.2,9.8,10.4,10.8,7.1,5.1,3.6,1.0
West Midlands,1898,,,,,,,,,,,,,4.8,11.3,7.7,10.8,16.5,10.2,4.7,12.7,2.4,13.1,10.2,11.5,30.2,42.6,28.4,55.6,81.9,39.8,27.9,81.9,19.9,94.9,62.3,73.6,,,,,,,,,,,,,8.2,7.3,7.6,12.6,13.7,18.0,20.1,20.9,20.3,13.9,9.4,9.5,5.6,4.0,3.6,7.6,9.8,13.0,14.7,15.9,14.6,10.6,6.4,6.5,2.9,0.6,-0.4,2.7,5.7,8.0,9.4,10.9,8.9,7.4,3.4,3.7
West Midlands,1899,,,,,,,,,,,,,17.0,10.0,6.5,15.3,12.7,6.6,7.4,6.4,14.7,9.0,8.1,12.7,98.1,58.9,27.9,65.3,63.8,45.0,41.3,32.4,85.3,73.6,51.1,60.9,,,,,,,,,,,,,7.2,8.3,9.5,11.3,14.3,20.8,22.0,23.6,17.3,13.3,11.0,4.1,4.2,4.4,4.6,7.4,9.3,14.8,16.8,17.3,12.9,8.4,7.8,1.3,1.2,0.4,-0.4,3.5,4.5,8.8,11.6,11.1,8.5,3.6,4.7,-1.6
West Midlands,1900,,,,,,,,,,,,,18.3,16.6,6.3,8.5,9.3,15.1,9.9,15.5,5.0,16.4,16.7,16.6,95.9,114.3,21.6,32.6,45.5,71.1,56.7,107.5,20.7,84.5,69.3,114.0,,,,,,,,,,,,,6.1,4.8,6.2,12.9,14.2,18.9,22.9,19.3,18.1,12.9,9.1,9.2,3.5,1.9,2.8,7.7,9.4,14.1,17.3,14.7,12.9,9.0,6.4,6.4,0.9,-1.3,-0.5,2.6,4.8,9.4,11.7,10.2,7.8,5.1,3.7,3.6
West Midlands,1901,,,,,,,,,,,,,11.2,8.8,12.8,13.2,7.0,9.2,8.2,10.0,8.4,12.2,7.2,17.5,41.9,34.4,60.9,57.6,30.1,48.5,75.1,52.4,35.0,50.6,55.4,117.3,,,,,,,,,,,,,5.3,4.2,6.8,13.3,16.7,18.7,22.8,20.4,17.7,12.9,7.4,5.3,2.5,1.4,3.5,8.0,10.8,13.3,17.4,15.4,13.2,8.8,4.0,2.5,-0.3,-1.2,0.1,2.7,5.0,7.9,12.0,10.4,8.7,4.8,0.6,-0.3
West Midlands,1902,,,,,,,,,,,,,8.2,8.8,9.4,10.0,15.6,13.0,9.3,16.7,8.4,13.0,11.0,10.3,35.5,36.3,41.7,50.8,65.8,58.6,43.3,91.0,40.8,71.4,56.5,54.4,,,,,,,,,,,,,6.9,3.8,10.3,11.8,12.6,17.9,19.0,18.1,16.8,12.0,8.8,6.4,4.1,0.7,6.3,6.8,8.2,13.1,14.1,13.6,12.2,8.9,6.1,3.9,1.2,-2.4,2.4,2.0,3.8,8.4,9.2,9.2,7.6,5.8,3.3,1.5
West Midlands,1903,,,,,,,,,,,,,13.6,8.1,17.3,10.2,14.6,7.8,12.9,15.6,12.9,25.3,10.4,9.7,71.4,47.3,100.4,46.9,88.7,65.1,76.8,110.5,86.6,178.4,52.7,45.3,,,,,,,,,,,,,5.9,9.4,10.1,10.2,14.9,17.0,19.4,17.8,16.7,12.8,8.7,4.8,3.3,6.2,6.4,5.8,10.2,12.2,14.6,13.5,12.3,9.7,5.6,2.5,0.6,3.1,2.8,1.3,5.6,7.3,10.0,9.3,8.0,6.7,2.5,0.3
West Midlands,1904,,,,,,,,,,,,,16.5,17.2,11.4,10.1,12.1,5.9,9.6,11.3,8.1,5.8,8.0,11.8,75.0,97.1,44.8,40.0,61.6,23.2,65.9,77.4,44.8,23.5,44.4,51.2,,,,,,,,,,,,,6.2,5.2,7.4,12.5,14.7,17.8,22.0,19.4,16.7,13.0,8.1,5.9,3.3,2.6,3.7,8.3,10.1,12.7,16.5,14.4,11.9,8.9,4.5,3.0,0.2,-0.1,0.1,3.9,5.6,7.5,11.1,9.5,7.2,5.0,1.0,0.2
West Midlands,1905,,,,,,,,,,,,,7.6,7.4,17.3,14.8,3.7,11.5,6.4,16.8,8.9,9.9,14.0,5.6,27.2,26.9,82.9,57.4,16.6,74.9,36.4,105.6,44.1,44.2,85.1,22.2,,,,,,,,,,,,,5.7,7.5,10.3,10.4,15.4,19.2,22.1,18.5,15.6,10.4,7.4,6.7,2.7,4.4,6.3,6.6,10.0,14.1,16.8,14.0,11.6,6.5,4.2,4.0,-0.3,1.3,2.2,2.9,4.6,9.1,11.5,9.5,7.6,2.4,1.0,1.3
West Midlands,1906,,,,,,,,,,,,,17.4,14.0,11.1,8.3,13.9,9.3,6.9,10.9,5.1,19.0,12.9,16.1,105.1,58.3,45.3,24.6,60.1,65.1,28.1,46.3,27.0,132.9,85.3,63.5,,,,,,,,,,,,,7.3,5.4,8.4,12.4,14.1,18.8,20.9,21.8,18.9,13.7,9.6,5.3,4.5,2.4,4.4,6.5,9.9,13.5,15.3,16.4,13.3,10.2,6.6,2.4,1.6,-0.9,0.6,0.8,5.8,8.2,9.8,11.1,7.8,6.6,3.5,-0.6
West Midlands,1907,,,,,,,,,,,,,6.7,9.4,9.1,13.7,15.4,17.9,13.9,12.7,4.1,19.7,11.6,13.6,32.0,39.4,38.4,57.9,88.1,84.9,70.2,67.2,18.2,141.0,63.8,89.1,,,,,,,,,,,,,5.5,5.6,11.0,11.4,14.3,16.1,18.2,18.4,18.5,12.9,9.0,6.4,2.7,2.2,5.8,7.0,9.9,12.0,13.4,13.9,13.1,9.1,5.9,3.9,-0.1,-1.2,0.7,2.7,5.6,8.0,8.7,9.5,7.8,5.3,2.7,1.3
West Midlands,1908,,,,,,,,,,,,,7.9,10.3,15.7,12.1,12.5,6.5,10.4,13.1,12.6,7.8,9.8,14.7,38.7,41.3,79.6,72.6,58.3,43.5,71.6,82.4,59.9,41.9,41.7,55.3,,,,,,,,,,,,,4.9,7.8,7.1,9.5,16.8,19.1,20.4,18.8,16.5,15.3,10.1,6.1,1.6,4.7,3.5,5.4,12.0,13.5,15.4,14.0,12.3,11.2,6.7,3.3,-1.7,1.5,0.0,1.3,7.2,8.1,10.3,9.2,8.1,7.2,3.4,0.5
West Midlands,1909,,,,,,,,,,,,,8.5,4.3,15.5,11.0,7.8,13.0,14.4,10.6,14.0,19.7,6.2,19.1,34.1,22.3,79.4,55.1,39.2,85.3,87.3,66.1,72.0,99.4,23.1,115.8,,,,,,,,,,,,,5.4,5.8,6.2,13.9,16.3,15.5,18.5,20.4,15.2,13.4,7.7,6.1,2.5,2.1,2.8,8.2,10.1,11.3,14.2,15.0,11.4,9.8,4.3,3.1,-0.3,-1.5,-0.6,2.5,4.1,7.1,10.0,9.8,7.5,6.2,0.9,0.1
West Midlands,1910,,,,,,,,,,,,,14.6,18.4,5.1,13.6,14.8,10.9,11.2,15.3,2.3,11.1,14.7,18.1,69.7,82.0,19.3,59.2,55.2,64.6,69.3,105.4,13.9,74.4,107.0,128.5,60.5,76.7,144.9,113.3,193.0,170.5,152.8,131.4,110.2,64.7,67.7,26.5,5.8,7.6,9.8,11.0,15.7,19.2,18.0,18.8,16.2,13.2,6.0,8.1,2.8,4.4,5.4,6.7,10.7,14.3,13.8,14.7,12.1,10.1,2.6,5.7,-0.2,1.1,1.0,2.5,5.6,9.3,9.6,10.5,7.8,6.9,-0.8,3.2
West Midlands,1911,,,,,,,,,,,,,6.2,11.3,11.1,7.9,5.9,9.5,2.7,8.6,8.4,12.3,15.4,21.6,27.2,51.9,45.7,32.4,35.0,61.3,9.2,50.6,48.6,64.4,80.6,137.7,47.7,59.1,83.7,129.9,189.4,200.5,282.0,210.5,181.8,81.4,57.5,42.4,5.7,7.3,7.6,11.2,17.9,19.3,24.2,23.6,19.2,12.4,8.3,8.1,3.1,4.2,4.5,7.1,12.3,14.0,17.7,17.9,13.5,8.8,5.4,5.5,0.5,1.0,1.4,3.0,6.9,8.5,11.1,12.1,7.7,4.9,2.4,2.6
West Midlands,1912,,,,,,,,,,,,,16.7,12.1,18.3,1.8,10.3,20.5,14.7,22.0,5.4,10.0,10.4,15.8,104.0,46.0,99.7,7.9,68.0,117.3,103.4,167.4,32.5,79.6,57.0,93.1,34.5,48.3,82.1,218.2,138.5,144.1,119.8,90.1,106.5,100.2,31.2,23.7,5.3,7.7,10.0,13.8,16.2,17.7,19.7,16.3,14.5,12.4,8.5,9.2,2.7,4.6,6.6,8.2,11.4,13.3,15.5,12.4,10.6,7.6,5.6,6.0,-0.1,1.5,3.3,2.7,6.7,8.9,11.3,8.5,6.7,2.8,2.8,2.9
West Midlands,1913,,,,,,,,,,,,,13.8,7.0,17.7,14.7,11.4,7.2,6.9,7.7,10.0,13.0,14.4,7.0,98.2,30.0,105.7,89.1,59.5,29.5,27.8,36.0,55.1,93.0,73.4,37.1,29.9,54.9,99.5,104.9,167.6,186.9,106.7,139.8,110.6,82.9,67.8,28.9,6.2,7.5,9.3,11.3,16.0,18.9,18.5,20.0,17.8,13.9,11.0,6.8,3.5,4.0,5.5,7.4,11.0,13.7,14.2,14.8,13.6,10.3,7.5,4.3,0.8,0.5,1.7,3.5,6.0,8.6,9.9,9.6,9.3,6.7,4.0,1.8
West Midlands,1914,,,,,,,,,,,,,8.1,11.9,18.8,7.5,10.6,7.9,14.5,10.9,7.4,10.4,15.9,20.7,37.1,57.0,81.9,28.2,41.6,61.8,89.0,52.7,34.7,57.0,92.9,156.7,32.5,64.1,78.9,224.2,158.2,227.0,142.3,177.0,182.1,68.3,52.6,39.9,5.6,9.6,9.1,15.0,15.0,19.5,20.2,20.8,18.2,13.5,9.4,6.7,2.9,6.1,5.6,9.2,10.0,14.0,15.5,15.6,12.7,9.8,6.0,3.9,0.2,2.6,2.0,3.4,5.1,8.5,10.8,10.4,7.2,6.1,2.6,1.0
West Midlands,1915,,,,,,,,,,,,,15.2,15.8,7.0,8.0,8.5,5.6,17.0,13.5,4.6,8.3,7.5,21.7,88.7,97.7,27.7,29.7,58.3,30.7,132.8,71.1,28.3,58.0,63.1,144.8,33.5,75.9,101.3,153.6,218.8,220.2,159.8,150.4,166.2,51.1,74.4,28.7,5.8,6.9,8.5,11.9,15.7,19.8,18.4,19.4,18.0,12.1,6.0,7.7,3.4,3.5,4.6,7.2,10.3,13.7,14.0,14.8,12.8,8.4,2.5,4.6,1.0,0.1,0.7,2.4,4.8,7.7,9.5,10.2,7.6,4.6,-1.1,1.5
West Midlands,1916,,,,,,,,,,,,,10.0,19.5,17.3,9.5,11.7,11.6,10.2,11.9,7.1,20.0,12.5,14.0,42.9,112.4,103.8,37.8,64.5,51.9,51.1,73.8,36.5,109.2,83.3,70.4,46.1,62.9,57.7,181.4,162.5,130.3,166.6,165.0,107.3,83.2,52.4,29.6,9.7,5.8,5.5,12.7,16.0,15.5,19.7,20.9,16.7,13.7,9.1,4.2,6.9,3.0,2.7,7.7,10.9,11.1,14.8,16.0,12.4,10.0,5.9,1.2,3.9,0.1,-0.1,2.7,5.9,6.8,9.9,10.9,8.2,6.4,2.8,-1.7
West Midlands,1917,,,,,,,,,,,,,9.8,6.5,13.1,11.4,9.7,11.0,8.1,22.3,7.9,16.6,10.5,7.9,54.1,25.8,54.9,42.6,67.5,60.0,49.0,147.7,46.2,101.7,43.5,32.5,18.9,40.8,86.5,128.4,194.2,204.9,203.5,127.7,126.2,118.9,47.2,45.5,2.6,3.6,6.3,9.3,18.0,19.9,20.8,18.7,17.8,11.2,10.4,4.5,0.9,0.3,2.5,4.8,12.1,14.4,15.5,15.0,13.6,7.0,7.4,1.7,-0.7,-2.9,-1.3,0.4,6.5,9.0,10.2,11.4,9.3,2.8,4.5,-1.2
West Midlands,1918,,,,,,,,,,,,,11.1,12.0,6.7,10.5,9.1,6.9,15.9,8.6,22.4,12.8,10.3,18.0,64.5,55.5,32.9,55.5,58.9,24.8,88.8,48.9,161.6,46.5,50.2,96.3,48.4,55.7,112.7,119.2,204.5,208.7,197.6,159.4,128.3,69.2,62.9,30.4,6.2,8.7,9.6,10.2,18.1,18.1,20.2,20.5,15.2,12.1,8.3,9.2,3.2,5.8,5.4,6.3,12.3,12.6,15.1,15.7,11.5,8.7,4.7,6.3,0.3,2.9,1.1,2.4,6.7,7.1,9.9,10.9,7.8,5.3,1.1,3.5
West Midlands,1919,,,,,,,,,,,,,17.4,8.6,14.3,11.9,5.7,7.8,10.0,10.1,9.7,8.6,12.7,18.8,97.6,64.1,116.5,51.1,27.5,28.5,71.3,68.8,50.0,63.4,49.9,113.4,39.6,49.8,92.8,119.0,228.5,198.9,129.0,194.4,139.5,132.7,42.3,31.8,4.6,3.6,6.2,10.9,18.6,19.1,18.0,20.5,17.0,11.5,5.4,7.8,2.1,0.8,2.9,6.6,12.7,13.7,13.5,15.3,12.2,6.8,2.7,4.8,-0.4,-1.9,-0.4,2.3,6.9,8.5,9.0,10.2,7.4,2.2,-0.2,1.8
West Midlands,1920,,,,,,,,,,,,,14.8,7.9,13.7,21.5,12.5,10.5,18.4,7.8,9.8,9.3,7.1,13.4,86.7,45.6,68.5,118.9,70.3,66.8,123.1,35.3,52.3,59.3,32.0,71.1,47.0,73.0,112.0,74.0,183.1,181.7,113.1,123.3,99.9,91.2,46.7,31.0,7.7,8.8,10.8,10.8,16.0,18.7,17.4,17.5,17.0,13.7,9.3,6.3,4.5,5.2,6.6,7.6,11.2,13.7,13.6,13.1,12.3,9.8,6.1,3.7,1.3,1.7,2.4,4.4,6.5,8.6,9.8,8.9,7.6,5.9,2.8,1.1
West Midlands,1921,,,,,,,,,,,,,14.9,1.6,12.1,8.2,10.7,3.3,4.3,14.1,4.5,8.0,8.6,13.4,83.9,8.1,41.8,30.9,41.2,11.4,18.6,92.8,33.0,51.3,52.7,68.1,26.9,60.2,106.1,186.7,223.7,226.5,230.1,141.4,159.6,130.5,51.7,36.6,9.3,7.3,10.6,12.9,16.5,19.9,24.5,19.3,19.0,17.2,7.0,8.9,6.6,4.1,6.8,7.7,10.8,13.9,17.9,15.0,13.6,12.3,3.9,5.8,3.9,0.9,2.9,2.5,5.2,8.1,11.3,10.7,8.3,7.4,0.8,2.7
West Midlands,1922,,,,,,,,,,,,,18.1,15.1,12.9,15.1,6.7,8.2,16.4,14.2,11.6,5.6,7.3,14.8,91.1,79.6,57.6,74.3,27.3,30.2,114.5,118.3,65.5,21.0,36.3,97.2,40.2,76.7,82.9,141.9,228.4,208.9,141.4,122.5,95.5,111.2,53.8,35.2,5.8,7.1,7.1,9.4,18.2,18.7,17.3,17.0,15.7,11.7,8.7,7.5,2.9,3.7,4.0,5.0,12.3,13.2,13.0,12.8,11.6,7.7,5.1,5.1,0.0,0.3,0.8,0.6,6.6,7.8,8.7,8.7,7.5,3.8,1.6,2.7
West Midlands,1923,,,,,,,,,,,,,10.3,20.9,11.1,12.0,12.9,5.0,11.8,13.7,12.2,18.1,10.5,14.0,48.8,129.3,45.9,61.8,60.0,16.2,85.4,73.1,73.0,101.8,66.1,79.8,47.9,47.6,78.6,121.0,156.0,122.2,171.8,192.4,145.5,83.1,76.4,37.1,8.0,7.4,9.4,11.1,13.0,16.1,21.7,19.4,16.5,12.4,6.0,6.0,5.0,4.8,5.9,7.0,8.7,12.0,17.1,14.6,11.8,9.0,2.6,3.0,2.0,2.2,2.4,3.0,4.5,7.9,12.4,9.8,7.2,5.7,-0.7,0.1
West Midlands,1924,,,,,,,,,,,,,13.5,6.4,6.1,11.6,18.7,11.2,14.3,16.0,16.7,13.8,9.2,14.1,72.5,18.6,29.2,65.3,123.8,59.6,95.9,84.3,93.5,109.7,59.8,90.0,47.5,42.3,136.4,132.8,140.0,160.3,191.9,131.5,110.0,80.0,40.8,37.0,6.5,5.3,8.2,11.3,15.3,18.0,19.6,17.8,16.4,12.9,9.2,8.7,3.8,2.6,3.4,6.6,10.9,13.4,14.8,13.5,12.9,9.5,6.4,6.1,1.2,-0.1,-1.3,2.0,6.7,8.9,10.0,9.3,9.4,6.1,3.7,3.6
West Midlands,1925,,,,,,,,,,,,,9.9,16.8,7.0,13.5,17.0,0.7,9.5,13.1,12.6,12.2,9.0,13.4,60.2,95.7,23.2,56.2,93.3,2.2,64.9,71.0,87.6,91.6,50.8,72.3,38.5,64.7,85.8,140.1,161.4,248.3,177.6,128.8,121.5,86.2,83.9,46.9,7.4,7.6,7.8,11.2,15.8,20.3,21.8,19.6,15.1,13.9,6.2,4.9,4.5,4.5,4.4,6.9,11.1,14.3,16.5,15.1,10.9,9.9,3.1,2.1,1.7,1.4,1.1,2.6,6.6,8.5,11.2,10.7,6.8,5.9,-0.1,-0.7
West Midlands,1926,,,,,,,,,,,,,16.9,11.9,5.2,12.7,15.1,11.1,10.7,11.5,9.8,11.7,18.7,5.6,88.8,64.6,21.5,56.8,76.2,60.3,61.1,62.5,41.0,71.0,131.6,21.7,35.9,39.2,92.3,104.9,155.0,181.4,162.3,187.2,114.4,96.3,47.2,38.6,6.6,8.9,9.3,13.1,14.0,17.9,20.9,20.7,18.2,11.3,8.4,6.3,3.7,6.1,5.8,8.6,9.4,12.9,16.3,15.8,13.9,7.4,5.2,3.6,0.8,3.4,2.4,4.1,5.0,8.0,11.8,10.9,9.6,3.6,2.0,1.0
West Midlands,1927,,,,,,,,,,,,,15.0,11.7,14.8,10.9,7.7,16.3,13.9,18.1,15.2,10.9,12.1,8.9,70.8,62.1,69.5,53.2,33.5,97.5,82.6,117.2,121.3,62.5,85.4,64.4,43.8,46.7,103.8,152.9,165.6,162.4,116.5,140.2,95.2,82.3,54.5,23.9,6.8,6.6,10.3,11.7,15.7,16.4,19.1,19.4,15.6,13.8,8.5,3.0,3.9,3.4,6.7,7.5,10.4,11.8,15.0,15.1,11.9,9.8,5.4,1.1,1.1,0.2,3.1,3.3,5.2,7.2,11.0,10.8,8.3,5.9,2.4,-0.8
West Midlands,1928,,,,,,,,,,,,,19.6,11.7,13.3,9.0,7.6,14.7,5.8,12.9,5.0,17.7,16.4,12.3,134.9,68.5,61.4,31.5,30.4,86.5,43.0,78.9,21.5,120.0,99.3,61.0,55.2,74.3,69.8,122.3,137.4,190.4,236.0,172.5,158.3,102.9,55.6,34.2,7.8,8.6,9.0,12.0,14.8,17.1,21.2,19.5,17.4,13.3,10.2,5.8,4.5,5.1,5.5,7.6,10.0,12.3,15.8,14.8,12.1,9.5,7.0,2.7,1.1,1.7,2.0,3.2,5.2,7.6,10.5,10.2,6.9,5.6,3.8,-0.5
West Midlands,1929,,,,,,,,,,,,,7.9,4.5,1.5,7.5,9.2,8.9,7.7,10.8,3.5,13.1,18.1,20.8,38.1,17.9,6.7,28.5,49.3,38.7,51.5,58.1,24.0,101.2,167.2,153.5,32.2,44.2,166.3,138.3,223.8,201.7,196.6,161.7,179.0,104.8,57.3,56.7,3.2,2.4,11.9,10.6,16.0,17.6,21.0,19.5,20.7,12.8,9.5,7.8,1.0,-0.6,5.8,6.1,10.6,12.6,15.5,14.7,14.9,9.0,6.0,5.0,-1.3,-3.6,-0.5,1.5,5.2,7.5,10.0,10.0,9.2,5.1,2.5,2.3
West Midlands,1930,,,,,,,,,,,,,15.6,5.1,9.9,14.3,11.7,7.6,13.9,15.0,13.9,15.4,14.7,14.6,114.4,17.7,63.1,72.3,55.1,37.3,113.9,82.4,98.7,76.0,94.5,78.5,48.6,43.6,97.6,96.4,136.2,206.2,157.0,186.1,108.4,110.1,65.8,22.7,7.9,4.3,8.3,11.2,14.5,19.9,18.8,20.0,16.8,13.4,9.1,6.2,4.9,1.9,4.6,7.6,10.0,14.6,14.6,15.3,13.0,9.8,5.6,3.6,1.9,-0.4,0.9,4.1,5.6,9.4,10.3,10.7,9.3,6.3,2.1,1.1
West Midlands,1931,15.7,13.0,19.8,1.5,0.7,0.0,0.0,0.0,0.1,8.4,1.0,10.4,13.3,15.2,2.4,16.4,12.5,12.7,16.1,13.6,9.6,5.1,15.6,7.4,57.0,71.6,8.4,92.6,86.5,99.2,96.4,118.4,75.0,24.4,107.3,33.8,52.9,57.1,135.6,96.8,157.5,150.7,126.0,149.9,89.0,115.8,50.2,37.4,5.5,6.1,7.7,10.7,15.2,18.3,18.9,17.9,15.0,12.6,9.9,7.4,2.6,3.2,3.4,7.1,10.6,13.9,14.9,13.7,11.2,8.1,7.0,4.7,-0.2,0.4,-1.0,3.6,6.0,9.6,10.9,9.5,7.5,3.6,4.1,2.0
West Midlands,1932,9.2,16.0,15.2,4.2,2.0,0.0,0.0,0.0,1.0,1.9,2.9,8.6,9.9,2.3,9.6,19.0,16.8,3.9,14.0,6.7,14.0,18.1,10.6,8.1,67.5,7.5,49.5,81.5,143.9,24.6,91.6,53.5,74.8,112.6,52.8,30.5,48.8,53.4,109.1,112.4,96.1,188.8,118.3,154.5,119.8,86.3,39.6,46.0,8.6,5.5,8.4,9.9,13.4,18.5,19.7,21.4,16.8,11.8,8.7,7.4,5.5,2.6,4.1,6.1,9.6,13.3,15.6,16.7,12.5,8.1,6.0,4.9,2.5,-0.3,-0.1,2.2,5.8,8.0,11.4,12.1,8.2,4.4,3.3,2.4
West Midlands,1933,21.5,17.0,7.6,4.4,0.0,0.0,0.0,0.0,0.0,1.2,6.4,20.1,11.5,10.9,11.8,6.7,11.2,10.7,10.1,5.5,7.3,13.3,7.6,4.3,53.5,89.3,66.9,29.6,48.5,55.0,53.2,21.4,43.3,97.2,38.0,12.9,57.5,82.5,155.5,133.4,137.6,203.5,215.5,217.1,163.7,79.4,47.8,33.8,4.6,6.7,11.7,13.1,16.2,20.4,22.7,22.8,19.7,12.9,7.8,3.3,1.7,3.5,6.7,8.4,11.5,14.8,17.3,17.1,14.5,9.5,5.1,1.0,-1.3,0.3,1.8,3.6,6.9,9.2,12.0,11.4,9.3,6.0,2.5,-1.2
West Midlands,1934,13.5,15.6,12.4,4.7,0.4,0.0,0.0,0.0,0.0,1.6,6.5,0.7,12.3,2.2,14.4,12.5,6.9,8.1,7.1,12.1,9.9,13.6,9.2,22.3,64.6,10.7,56.9,61.7,33.2,32.9,42.3,57.4,55.0,57.8,51.5,133.1,53.0,87.5,99.5,118.1,182.9,183.8,245.3,165.6,144.9,78.8,32.8,25.2,6.9,6.9,8.3,11.4,16.0,19.8,23.9,19.7,19.0,13.2,8.3,9.5,3.6,3.3,4.3,7.3,10.8,14.4,17.7,14.7,13.9,9.8,5.6,7.2,0.3,-0.4,0.3,3.2,5.6,9.0,11.4,9.7,8.8,6.5,2.9,5.0
West Midlands,1935,11.0,8.0,7.6,4.5,3.2,0.0,0.0,0.0,0.0,3.6,2.7,15.4,7.0,12.4,5.9,17.0,6.1,16.9,5.4,6.5,16.7,16.0,19.0,15.5,30.9,78.9,21.0,89.9,24.8,87.7,19.6,45.9,119.4,113.3,132.5,85.5,43.7,49.5,109.1,139.1,210.1,183.1,243.4,193.1,136.6,84.6,54.0,38.8,6.5,8.2,9.9,11.7,14.5,19.3,22.5,22.2,17.2,12.7,9.2,4.8,4.1,5.3,6.0,7.5,9.3,14.5,16.8,16.3,13.0,8.9,6.1,2.3,1.7,2.3,2.1,3.3,4.1,9.7,11.2,10.5,8.7,5.1,3.1,-0.2
West Midlands,1936,14.2,19.7,5.9,9.1,0.6,0.1,0.0,0.0,0.0,1.8,9.3,10.8,17.2,11.3,13.1,10.2,5.8,14.0,19.7,6.0,13.5,10.4,13.4,13.9,97.2,60.7,53.2,47.6,25.8,95.3,128.2,27.6,84.3,54.9,81.1,71.9,37.1,73.9,59.1,150.1,160.4,150.8,124.1,171.1,89.1,98.7,44.6,48.2,5.6,4.6,9.7,9.8,15.6,18.7,18.5,20.5,17.6,12.9,8.2,7.7,2.8,1.6,6.3,5.7,10.6,13.9,14.6,15.5,13.9,8.8,4.9,4.6,0.0,-1.5,2.9,1.7,5.6,9.1,10.7,10.5,10.1,4.8,1.6,1.6
West Midlands,1937,11.8,6.0,20.7,1.4,0.0,0.0,0.0,0.0,0.0,0.4,10.9,18.3,17.5,18.9,14.2,12.3,11.5,7.1,7.7,5.3,8.9,8.5,7.5,12.5,97.8,112.5,72.9,70.5,70.8,35.3,67.3,27.9,48.6,73.2,41.7,68.4,37.2,58.1,89.2,96.0,172.9,157.0,119.3,180.9,139.3,67.8,57.4,27.9,7.3,7.6,6.1,12.2,16.1,18.2,19.8,21.7,17.5,13.4,7.7,4.9,4.4,4.8,2.7,8.4,11.4,13.4,15.5,16.2,12.7,9.6,4.5,2.3,1.5,1.9,-0.7,4.6,6.6,8.6,11.2,10.8,7.9,5.9,1.4,-0.3
West Midlands,1938,3.0,7.8,5.0,10.1,1.5,0.0,0.0,0.0,0.1,0.3,1.4,12.2,16.6,5.2,3.4,1.1,10.4,9.2,13.3,12.8,11.7,15.5,14.2,17.7,88.7,26.0,11.8,4.6,59.2,49.2,77.4,84.2,53.2,102.7,90.5,96.3,40.3,54.4,138.2,157.5,151.8,176.9,130.7,137.3,102.8,99.2,72.8,43.7,8.0,7.3,13.5,12.2,15.0,18.5,19.0,19.8,17.4,13.3,11.7,6.3,5.2,4.4,8.6,6.9,10.0,13.8,14.5,15.3,13.0,9.7,8.5,3.6,2.4,1.7,3.6,1.7,5.2,9.0,9.9,10.9,8.6,6.0,5.4,0.9
West Midlands,1939,13.8,7.9,6.6,3.8,0.2,0.0,0.0,0.0,0.3,2.6,1.1,13.1,19.4,9.6,10.3,11.1,6.3,10.5,19.8,11.3,4.2,14.1,17.9,8.3,138.5,42.9,49.0,56.3,31.9,52.3,126.5,67.6,27.1,91.8,120.4,50.6,33.5,78.5,80.9,161.5,177.0,207.0,134.8,145.6,117.2,93.3,40.2,32.4,6.0,8.1,8.5,12.6,15.6,18.7,18.9,20.5,17.7,11.3,10.8,5.1,3.5,4.8,5.2,8.0,10.6,13.4,14.7,15.8,13.6,7.5,7.8,2.6,1.0,1.6,2.0,3.4,5.6,8.1,10.5,11.2,9.4,3.7,4.9,0.2
West Midlands,1940,28.8,16.3,12.2,5.4,0.0,0.0,0.0,0.0,0.0,1.2,3.5,11.9,7.9,12.4,11.2,12.1,8.2,4.8,14.4,3.1,7.9,13.7,16.8,11.5,69.3,64.5,56.7,63.9,43.5,22.1,89.7,12.3,38.4,97.1,167.5,54.6,55.6,20.5,108.8,110.5,198.6,272.9,170.9,179.1,160.5,72.7,60.0,35.9,1.2,4.1,9.6,12.3,17.6,22.0,19.3,20.2,17.3,12.6,9.1,6.1,-2.1,1.5,5.5,7.9,11.9,15.8,14.5,15.0,12.2,9.0,6.1,3.3,-5.5,-1.1,1.3,3.5,6.3,9.6,9.6,9.9,7.0,5.4,3.1,0.5
West Midlands,1941,25.1,16.0,15.4,5.9,6.4,0.0,0.0,0.0,0.1,2.6,5.3,10.1,13.8,14.9,11.0,7.5,10.2,4.6,11.4,17.9,3.3,10.5,14.9,8.1,83.9,77.8,79.9,40.1,59.1,34.9,84.6,104.4,16.1,73.8,76.2,38.8,33.1,63.8,101.9,91.1,134.8,199.5,205.9,164.2,87.6,96.6,34.7,35.2,1.8,5.8,8.4,9.7,13.2,19.8,22.4,18.4,18.2,13.5,8.9,7.7,-0.3,2.7,4.4,5.9,8.5,14.5,16.9,14.1,13.9,9.8,5.8,4.9,-2.4,-0.4,0.3,2.2,3.8,9.1,11.4,9.8,9.7,6.0,2.8,2.0
West Midlands,1942,23.8,26.5,15.3,0.8,2.1,0.0,0.0,0.0,0.2,1.2,8.4,5.2,12.8,4.7,9.6,7.5,13.5,2.7,11.3,12.6,10.6,12.5,6.2,15.4,82.4,27.0,54.2,34.8,90.5,16.4,59.9,78.8,43.0,75.8,38.6,76.5,34.3,47.8,55.7,206.7,203.4,215.6,165.9,122.3,138.7,85.0,45.8,30.0,2.9,2.4,8.0,13.3,15.7,19.7,19.6,20.3,17.5,13.7,7.8,8.7,0.2,-0.5,4.3,8.5,10.5,14.0,14.9,15.9,13.1,9.9,4.6,6.1,-2.4,-3.4,0.7,3.6,5.3,8.2,10.2,11.4,8.7,6.1,1.4,3.6
West Midlands,1943,10.9,4.7,11.1,0.7,0.5,0.0,0.0,0.0,0.1,1.1,8.4,13.9,18.6,7.9,4.5,8.4,9.6,10.4,7.3,13.3,11.0,10.7,12.8,7.0,122.4,37.6,25.8,31.1,73.6,56.3,37.0,65.7,69.8,60.7,52.9,35.3,41.5,83.8,122.1,158.3,234.5,191.4,204.6,140.9,130.2,94.0,60.3,35.6,6.8,8.7,10.7,14.9,16.9,18.6,21.3,19.9,17.0,14.0,8.6,5.8,4.2,5.4,6.1,10.1,11.3,13.8,15.8,15.4,12.6,9.9,5.6,3.0,1.6,2.0,1.5,5.4,5.8,9.0,10.2,10.9,8.2,5.8,2.6,0.3
West Midlands,1944,8.2,15.1,14.0,1.2,2.5,0.0,0.0,0.0,0.1,0.3,5.6,12.9,11.8,8.5,3.2,9.2,6.9,12.0,11.9,9.2,12.4,15.7,19.9,10.4,75.2,39.0,10.4,52.3,34.8,56.9,64.2,69.9,94.0,91.6,119.7,54.8,37.5,55.3,118.6,137.3,196.5,151.1,105.8,173.2,128.2,83.9,39.3,45.4,8.3,5.6,9.0,14.2,16.2,17.3,19.9,21.4,16.4,11.9,8.7,5.7,5.3,2.8,4.7,9.5,10.7,12.8,15.8,16.4,11.9,8.7,5.7,3.0,2.3,0.1,0.5,4.7,5.2,8.3,11.7,11.4,7.4,5.4,2.7,0.2
West Midlands,1945,23.7,4.6,5.8,4.2,2.5,0.0,0.0,0.0,0.0,0.0,3.9,10.3,11.3,11.2,6.0,7.8,12.8,15.0,8.4,10.7,10.1,10.0,3.4,13.6,59.0,64.8,25.5,37.5,72.0,75.2,54.2,66.7,48.5,103.2,11.0,76.6,45.5,63.7,124.0,190.3,158.0,175.8,163.9,150.8,78.1,89.0,30.8,35.5,2.6,9.9,12.0,14.7,16.5,18.5,20.7,20.0,17.3,15.0,9.2,7.1,-0.1,6.6,7.5,9.5,11.5,13.9,16.1,15.2,13.5,11.1,6.6,4.4,-2.9,3.3,3.0,4.4,6.5,9.3,11.5,10.6,9.8,7.2,4.1,1.7
West Midlands,1946,17.9,6.7,15.5,1.8,1.7,0.0,0.0,0.0,0.0,2.9,0.5,17.6,11.7,12.4,5.8,7.2,9.4,16.5,9.1,17.3,14.7,6.1,18.8,16.0,69.6,80.0,27.7,43.0,63.4,73.1,58.7,133.4,108.3,27.8,144.0,72.8,43.0,73.6,106.3,175.8,174.9,160.4,183.0,131.8,99.9,71.6,32.6,55.0,5.2,8.2,8.8,14.6,14.4,16.9,20.5,18.3,17.0,12.3,10.2,5.5,2.3,5.5,4.6,9.3,9.7,12.4,15.8,14.0,13.3,9.2,7.5,2.4,-0.5,2.8,0.5,4.1,4.9,8.0,11.1,9.7,9.7,6.1,4.9,-0.6
West Midlands,1947,20.7,27.8,16.2,1.5,0.0,0.0,0.0,0.0,0.0,1.0,9.4,7.7,13.6,9.2,22.2,11.6,11.4,9.9,12.7,2.1,9.3,4.3,12.2,11.2,60.2,48.2,146.4,66.0,56.5,49.6,67.7,13.0,41.6,13.7,62.9,64.8,45.0,25.7,67.4,140.3,161.0,172.6,148.5,259.6,139.3,96.5,77.2,28.9,3.9,-0.6,6.1,12.1,18.0,19.9,20.8,24.3,19.2,14.6,9.7,7.1,1.4,-2.6,2.9,8.0,12.7,15.0,16.4,17.9,14.4,10.1,6.5,4.6,-1.2,-4.7,-0.4,3.8,7.4,10.1,12.0,11.6,9.6,5.6,3.3,2.2
West Midlands,1948,7.3,11.5,7.0,3.4,1.3,0.0,0.0,0.0,0.2,2.9,7.2,9.8,22.7,9.9,4.9,10.0,9.8,15.9,7.7,13.3,8.5,9.7,9.9,12.6,144.1,41.0,30.1,48.5,65.8,78.2,36.2,106.7,66.5,64.5,42.1,94.7,39.5,68.6,152.0,182.1,240.5,151.1,170.1,115.2,118.0,84.3,56.8,49.9,7.5,6.8,12.8,13.4,16.3,17.2,19.6,18.4,17.3,13.2,9.6,7.8,4.8,4.0,7.7,8.3,10.6,12.9,15.1,14.4,13.4,9.4,6.6,4.9,2.1,1.3,2.7,3.3,4.9,8.7,10.6,10.4,9.5,5.6,3.5,2.1
West Midlands,1949,9.4,8.4,13.9,1.5,1.8,0.0,0.0,0.0,0.0,2.2,5.1,5.7,8.3,6.9,7.1,9.5,10.8,4.0,6.9,7.1,5.7,13.8,16.0,13.5,36.9,32.7,39.8,63.1,61.2,16.1,58.9,44.0,40.1,126.7,90.2,68.3,47.1,104.5,105.1,161.0,220.0,237.2,211.9,194.1,138.1,96.0,55.2,48.9,7.6,8.9,8.0,14.1,15.7,20.3,22.4,21.6,20.3,14.8,8.8,7.9,4.8,5.0,4.3,9.5,10.5,14.5,16.9,16.3,15.7,11.1,5.9,5.1,1.9,1.1,0.7,5.0,5.2,8.6,11.3,11.1,11.2,7.3,3.0,2.4
West Midlands,1950,13.0,7.2,5.5,4.0,0.4,0.0,0.0,0.0,0.0,4.0,5.3,24.6,5.2,15.3,8.6,14.9,9.3,8.0,11.2,16.2,17.7,7.8,17.9,11.7,27.5,126.0,33.3,64.8,50.5,43.8,78.2,98.5,101.9,31.6,115.7,45.8,29.6,59.4,115.8,149.8,155.5,238.4,176.8,162.1,109.4,94.4,48.9,38.7,6.1,8.1,11.1,11.1,14.8,20.9,19.9,19.6,16.1,12.7,7.9,2.9,3.6,4.8,6.9,6.9,10.3,15.6,15.4,15.1,12.4,9.1,5.0,0.6,1.1,1.4,2.7,2.8,6.0,10.3,10.9,10.5,8.7,5.6,2.2,-1.7
West Midlands,1951,10.6,12.7,16.8,4.7,0.9,0.0,0.0,0.0,0.0,3.6,1.3,8.6,14.0,16.1,17.2,12.4,14.1,7.3,7.8,17.9,10.3,5.8,20.8,13.5,73.8,86.7,102.4,60.3,83.7,30.4,38.4,119.3,59.9,26.1,168.8,78.9,38.0,53.1,79.8,181.1,148.1,216.5,186.6,145.8,102.9,100.7,57.1,51.8,5.7,5.8,6.7,10.7,13.4,18.2,20.7,18.5,17.6,13.0,10.5,7.9,3.2,3.0,3.5,6.3,9.2,13.1,15.7,14.3,13.6,8.9,7.7,4.8,0.6,0.2,0.2,2.0,5.1,8.0,10.8,10.1,9.6,4.8,4.9,1.8
West Midlands,1952,19.5,16.9,7.7,3.1,0.0,0.0,0.0,0.0,0.1,3.5,12.6,16.7,13.8,4.8,11.3,10.4,12.5,9.7,5.6,12.3,12.3,13.4,10.8,15.0,66.8,18.8,58.9,53.0,66.5,51.9,28.0,89.3,58.2,98.8,65.0,70.1,74.3,80.0,85.4,153.4,188.0,181.5,166.8,166.0,108.0,101.2,66.6,49.5,5.0,6.1,9.3,13.9,17.6,18.5,20.8,20.0,14.3,11.8,6.3,5.3,2.2,2.8,6.1,9.0,12.6,13.7,16.2,15.5,10.3,8.4,3.5,2.5,-0.6,-0.5,2.8,4.1,7.7,9.0,11.5,11.0,6.4,4.9,0.8,-0.3
West Midlands,1953,16.6,13.8,15.4,4.1,0.5,0.0,0.0,0.0,0.0,1.4,1.1,2.3,5.1,8.0,5.0,12.4,8.9,12.0,15.3,11.3,10.4,8.6,8.4,8.7,25.3,45.4,30.8,65.0,51.7,58.6,82.3,79.2,60.0,57.4,51.7,30.6,35.1,57.0,120.8,161.0,202.8,132.5,188.6,194.2,137.9,79.0,46.0,28.9,5.4,6.7,10.1,11.1,17.1,17.9,19.3,20.4,17.6,13.0,10.5,8.6,2.9,3.7,5.1,6.7,12.1,13.5,15.0,15.6,13.3,9.0,7.8,6.3,0.4,0.8,0.1,2.2,7.1,9.2,10.6,10.8,9.1,5.0,5.0,4.1
West Midlands,1954,17.0,13.7,6.6,7.6,0.2,0.0,0.0,0.0,0.0,1.0,4.2,4.9,8.6,13.6,11.2,3.7,12.3,10.5,13.9,17.6,15.8,16.0,17.4,11.5,46.9,67.2,61.3,12.3,73.7,82.4,73.1,119.6,72.1,103.0,145.3,78.9,51.9,60.2,92.9,167.4,125.7,131.0,128.9,113.4,161.4,79.3,52.5,45.9,4.9,4.8,8.6,11.9,15.0,16.7,17.4,17.9,16.5,14.6,9.5,8.6,2.3,2.0,5.2,7.0,10.6,12.8,13.6,14.0,12.2,11.4,6.2,6.0,-0.4,-0.9,1.8,2.1,6.2,9.0,9.9,10.0,8.0,8.2,3.0,3.5
West Midlands,1955,16.5,20.0,23.7,2.5,1.0,0.0,0.0,0.0,0.0,5.7,7.7,10.1,11.6,10.9,7.7,7.9,15.5,10.1,3.2,4.8,8.8,8.6,8.1,15.5,64.2,49.5,61.7,29.5,103.5,80.1,19.2,18.9,40.5,48.5,57.1,77.5,32.9,77.4,141.8,153.8,191.4,138.3,259.9,177.3,148.5,117.0,48.3,43.1,4.4,3.4,6.5,13.5,13.3,17.5,22.8,22.8,18.4,13.1,9.4,8.2,1.9,0.6,2.6,8.9,8.9,13.1,17.0,17.5,13.7,8.8,6.4,5.0,-0.7,-2.3,-1.3,4.4,4.6,8.6,11.1,12.2,9.0,4.5,3.4,1.8
West Midlands,1956,15.3,24.0,9.6,10.1,1.3,0.0,0.0,0.0,0.0,1.7,5.8,9.8,16.8,6.2,6.3,7.8,4.3,12.2,13.5,19.7,10.2,9.2,7.0,14.8,102.9,20.4,27.4,43.5,19.1,67.8,91.5,139.4,73.5,45.6,24.8,86.8,52.6,69.5,125.3,143.8,230.0,141.7,153.0,134.9,91.2,103.9,50.5,18.1,5.7,2.4,9.7,10.8,16.8,16.7,19.3,16.9,17.4,12.6,8.3,7.4,3.0,-0.9,5.5,6.1,11.2,12.5,15.3,13.0,13.6,8.8,5.4,5.0,0.2,-4.1,1.3,1.4,5.6,8.2,11.2,9.1,9.9,5.0,2.6,2.6
West Midlands,1957,9.7,10.3,2.5,2.2,1.4,0.0,0.0,0.0,0.0,0.1,4.9,11.7,12.8,14.0,12.8,2.1,8.5,8.3,16.5,14.1,15.6,10.0,6.7,12.3,51.8,72.6,58.5,7.0,37.2,43.7,95.1,107.7,121.9,55.5,53.9,67.6,42.4,76.9,88.8,144.5,192.0,284.3,125.7,127.8,104.2,78.1,59.3,46.6,7.8,7.8,12.3,12.6,14.7,20.8,19.8,18.8,15.5,13.9,8.3,6.7,4.8,4.5,8.5,8.1,9.7,14.6,15.9,14.8,12.0,10.2,5.7,3.7,1.9,1.2,4.8,3.6,4.9,8.3,11.9,10.8,8.4,6.4,3.1,0.7
West Midlands,1958,15.0,13.5,18.3,6.7,0.1,0.0,0.0,0.0,0.0,0.0,4.9,9.8,12.6,14.1,9.4,4.8,13.2,17.2,14.0,14.9,14.3,11.9,7.8,15.2,73.7,109.5,41.3,20.9,70.4,110.4,100.5,75.4,100.6,70.4,47.5,84.2,50.9,59.1,97.8,139.7,172.3,126.6,167.1,127.9,103.8,88.4,42.5,24.3,5.8,7.5,6.5,11.2,15.3,17.6,19.7,19.6,18.3,13.4,8.6,6.5,2.8,4.2,3.1,6.8,10.7,13.2,15.4,15.3,14.4,10.2,5.8,4.0,-0.2,0.9,-0.3,2.5,6.2,8.8,11.0,11.1,10.5,6.9,3.1,1.4
West Midlands,1959,23.3,12.7,1.6,0.5,1.0,0.0,0.0,0.0,0.2,0.3,7.1,2.6,12.4,1.6,12.1,13.3,5.6,9.2,8.7,4.8,1.0,10.8,14.0,21.2,90.2,6.4,55.0,77.9,25.4,37.1,50.8,29.5,3.9,66.6,87.9,130.9,71.6,50.8,84.3,143.1,213.8,223.7,227.7,203.4,175.7,129.9,47.8,32.8,4.0,6.7,10.1,13.1,17.4,19.8,22.3,22.1,20.3,16.6,9.3,7.9,1.0,3.8,6.6,8.9,11.9,14.6,16.8,16.8,14.4,11.9,6.2,5.2,-2.1,0.9,3.1,4.7,6.5,9.4,11.4,11.6,8.5,7.2,3.1,2.5
West Midlands,1960,15.0,15.5,4.2,3.3,0.1,0.0,0.0,0.0,0.0,0.8,3.8,12.3,15.3,12.4,9.8,7.0,5.2,8.2,16.4,16.3,12.6,20.7,20.5,12.8,124.7,63.2,42.8,33.7,38.7,56.8,98.7,98.2,106.3,147.1,118.0,91.0,27.1,70.0,61.7,149.1,172.9,259.7,139.3,146.6,116.5,52.2,58.5,48.9,5.9,6.3,8.5,13.0,17.1,21.1,18.8,18.8,16.4,12.5,9.6,5.9,3.4,3.3,5.6,8.4,12.2,15.6,14.6,14.4,12.5,9.5,6.5,3.4,0.8,0.3,2.6,3.8,7.3,10.0,10.4,10.0,8.5,6.6,3.5,0.9
West Midlands,1961,14.5,1.4,5.3,0.8,0.9,0.0,0.0,0.0,0.0,1.1,7.4,20.3,15.5,12.2,2.7,16.3,6.2,5.5,9.5,13.4,11.0,15.8,10.2,12.8,87.9,58.2,11.1,98.1,31.4,34.8,64.4,69.7,60.8,81.5,47.3,88.0,31.6,58.0,144.1,79.0,189.4,213.3,162.9,178.5,125.3,111.4,61.7,50.4,5.5,9.2,12.4,13.1,14.9,19.2,19.0,19.4,19.0,13.9,8.5,4.4,2.9,6.3,7.7,9.3,10.2,13.9,14.5,14.9,14.5,10.1,5.5,1.5,0.2,3.4,2.9,5.4,5.6,8.5,10.1,10.5,10.0,6.3,2.4,-1.4
West Midlands,1962,8.5,10.6,22.5,2.7,1.1,0.6,0.0,0.0,0.0,1.4,9.2,20.6,14.7,6.8,7.1,11.9,12.8,3.9,8.5,12.8,12.6,5.3,11.0,10.4,84.1,31.4,32.4,67.3,59.2,13.6,50.9,110.0,90.0,26.3,50.3,56.0,61.8,68.8,116.2,149.0,159.6,226.1,123.1,146.5,109.6,94.9,39.4,55.2,6.7,6.9,6.2,11.1,13.6,18.3,18.4,17.8,16.0,13.6,7.6,4.3,3.7,3.9,2.0,7.0,9.5,13.0,14.2,13.8,12.1,9.7,4.7,1.1,0.6,0.9,-2.1,2.9,5.4,7.8,10.0,9.8,8.3,5.8,1.9,-2.1
West Midlands,1963,28.6,27.5,8.6,1.4,0.2,0.0,0.0,0.0,0.0,0.0,2.7,15.9,6.4,5.0,14.9,14.6,11.3,13.9,10.0,15.0,8.6,9.6,18.8,5.2,27.1,21.0,82.0,63.8,42.0,79.4,47.1,79.6,62.1,48.9,128.7,19.7,58.9,65.7,90.8,108.0,177.8,197.3,173.8,124.4,133.0,77.2,47.8,40.9,0.0,1.2,8.8,11.8,14.4,18.9,19.3,17.5,16.8,13.7,10.2,4.7,-2.8,-1.5,5.2,7.9,9.9,14.3,14.5,13.6,12.4,10.2,7.3,2.0,-5.6,-4.3,1.7,4.1,5.4,9.6,9.6,9.6,8.1,6.7,4.4,-0.7
West Midlands,1964,13.6,11.2,11.9,2.7,0.0,0.0,0.0,0.0,0.1,2.8,4.2,17.8,5.7,7.0,10.9,12.3,10.7,11.3,8.6,8.1,5.8,8.6,8.9,12.8,23.2,26.0,87.7,54.6,48.9,69.6,50.2,43.6,24.0,42.4,39.9,80.0,40.1,52.9,55.1,110.3,184.9,129.5,177.9,185.3,171.9,110.3,51.2,45.1,5.1,6.6,6.1,12.0,17.6,17.2,20.0,19.8,18.8,12.3,9.9,5.8,2.5,3.8,3.5,8.1,12.6,13.1,15.4,14.9,13.5,8.0,6.9,2.6,-0.1,1.0,0.9,4.3,7.7,9.1,10.9,10.1,8.1,3.8,3.9,-0.6
West Midlands,1965,16.3,13.6,13.4,3.2,1.1,0.0,0.0,0.0,0.0,0.2,14.3,9.6,14.7,4.4,11.7,12.8,12.4,10.9,14.8,10.5,15.4,5.2,14.5,18.6,80.0,14.9,67.3,54.0,54.6,66.1,92.1,54.2,134.6,25.7,86.6,150.4,65.3,28.4,127.7,138.2,154.7,177.4,103.9,168.7,98.8,87.3,69.3,53.5,5.4,5.2,8.9,11.9,15.3,18.6,17.2,19.1,15.5,14.1,6.8,6.9,2.8,2.7,4.6,7.6,10.9,13.9,13.4,14.3,11.8,10.2,3.9,3.9,0.2,0.1,0.3,3.2,6.6,9.2,9.5,9.6,8.0,6.3,1.0,0.9
West Midlands,1966,17.0,8.4,5.9,4.8,0.0,0.0,0.0,0.0,0.0,1.6,5.7,7.1,9.8,15.7,8.3,16.6,11.5,12.6,11.5,11.3,7.0,16.2,12.3,16.9,43.2,112.5,33.8,96.5,67.0,74.1,68.5,98.5,45.4,106.2,69.6,94.8,30.4,38.4,109.7,84.9,216.0,155.8,146.9,159.7,133.3,83.9,46.4,37.7,4.3,7.4,9.6,9.6,15.3,19.3,18.6,18.7,17.5,12.9,7.6,7.8,2.1,5.0,5.9,6.5,10.4,14.7,14.3,14.2,13.2,9.5,4.8,4.7,-0.1,2.6,2.3,3.3,5.7,10.1,10.0,9.7,8.9,6.1,2.0,1.7
West Midlands,1967,10.4,8.7,2.5,2.4,1.8,0.0,0.0,0.0,0.0,0.1,8.6,12.9,11.2,10.4,8.7,8.2,21.3,4.8,9.1,11.9,14.8,17.9,9.6,13.0,44.3,76.0,49.1,35.6,138.7,33.3,48.0,67.8,81.7,143.2,56.4,64.5,58.8,74.3,157.9,105.8,153.3,217.2,202.3,143.3,107.1,95.1,59.1,57.8,6.3,7.8,10.0,11.0,13.8,18.9,21.3,19.7,16.8,13.3,7.9,6.3,3.8,4.7,6.6,7.2,9.6,13.7,16.4,15.2,13.0,10.2,4.7,3.5,1.2,1.7,3.2,3.4,5.5,8.4,11.4,10.7,9.3,7.1,1.5,0.7
West Midlands,1968,13.3,21.8,7.2,9.7,0.6,0.0,0.0,0.0,0.0,0.0,4.4,14.6,12.4,5.9,9.6,11.3,14.1,11.8,9.0,10.4,16.1,11.8,10.9,9.2,70.8,36.3,48.4,63.2,78.8,76.3,110.2,57.9,128.3,71.5,69.3,59.2,38.9,58.0,114.0,164.4,136.8,188.1,125.3,128.0,101.9,61.2,40.4,31.0,6.5,3.9,9.7,12.3,13.6,19.1,18.6,19.0,17.0,14.8,8.1,4.5,3.8,1.3,5.9,7.6,9.2,14.3,14.4,15.0,13.3,12.0,5.8,2.4,1.0,-1.4,2.1,2.8,4.9,9.5,10.3,11.0,9.5,9.2,3.4,0.3
West Midlands,1969,8.3,20.1,17.3,8.0,0.1,0.0,0.0,0.0,0.6,0.0,10.0,15.4,13.4,12.7,9.3,10.6,19.5,8.8,5.8,12.0,6.1,4.1,13.5,13.4,74.8,64.9,68.5,56.5,125.1,45.0,58.2,75.9,34.7,14.4,103.9,71.0,32.9,61.1,61.6,184.0,118.2,246.0,217.9,136.0,94.0,90.1,75.4,31.2,7.4,2.6,5.5,11.7,14.7,18.5,21.5,19.8,17.1,15.9,7.8,5.3,4.9,0.1,2.7,6.9,10.6,13.2,16.4,15.7,13.1,12.2,4.7,2.8,2.4,-2.4,-0.2,2.2,6.6,7.9,11.3,11.7,9.2,8.5,1.6,0.2
West Midlands,1970,11.7,15.7,16.9,8.9,0.0,0.0,0.0,0.0,0.0,1.5,3.2,13.3,18.6,15.0,13.6,15.1,5.1,7.7,11.7,9.0,8.8,8.4,18.9,9.5,87.3,72.6,57.9,81.6,21.4,44.0,60.1,85.7,47.6,43.8,147.4,36.9,28.1,97.2,107.2,126.1,193.8,233.2,156.1,159.5,134.7,92.7,53.2,42.7,5.7,5.5,6.6,10.0,17.5,21.2,18.9,20.0,18.2,13.9,10.1,6.1,3.1,2.4,3.1,6.2,12.4,15.6,14.7,15.4,13.9,10.0,7.1,3.6,0.5,-0.7,-0.5,2.4,7.5,10.0,10.6,10.9,9.6,6.2,4.1,1.1
West Midlands,1971,8.3,9.2,10.1,3.9,1.6,0.0,0.0,0.0,0.0,0.9,12.0,5.1,15.7,6.2,10.3,5.0,9.0,12.1,6.5,13.1,5.1,8.1,9.8,6.7,91.1,29.0,56.8,56.3,45.4,85.8,41.4,108.7,24.8,70.3,72.9,33.9,34.6,60.9,85.8,97.8,216.7,130.5,224.9,129.6,158.8,127.6,84.1,28.1,6.4,7.2,7.9,11.0,16.1,15.6,21.9,19.3,18.8,15.0,9.0,8.3,3.8,4.0,4.6,7.1,10.8,11.8,16.5,15.1,13.7,10.7,5.4,5.9,1.2,0.8,1.4,3.1,5.6,7.9,11.1,10.9,8.6,6.5,1.9,3.5
West Midlands,1972,11.1,6.7,7.7,0.6,0.1,0.0,0.0,0.0,0.0,1.1,8.9,6.4,16.2,12.1,14.1,11.4,14.9,14.7,8.6,6.7,4.0,5.2,11.3,12.8,86.1,64.1,73.2,54.1,68.1,67.7,54.7,35.8,44.7,30.9,75.9,94.2,40.2,34.6,125.7,118.3,139.4,139.0,159.3,170.1,102.5,81.2,73.2,32.1,5.6,6.1,10.1,11.4,14.0,15.3,19.5,19.2,15.3,13.7,9.0,7.6,3.3,3.7,5.9,7.8,9.9,11.3,14.9,14.6,11.1,9.8,5.9,4.9,0.9,1.2,1.7,4.2,5.9,7.2,10.3,9.9,6.8,6.0,2.8,2.2
West Midlands,1973,11.4,11.8,11.5,4.3,0.8,0.0,0.0,0.0,0.0,3.4,10.5,11.4,7.4,8.2,5.1,10.7,13.5,6.0,10.3,6.4,9.3,8.9,7.5,11.3,36.9,36.4,20.9,65.3,75.3,67.5,99.4,49.8,59.0,46.9,42.7,52.0,34.0,79.0,127.5,153.6,168.8,218.1,145.2,170.4,135.2,84.0,82.0,48.3,6.3,7.1,10.1,10.6,15.2,19.6,19.6,20.9,18.1,12.2,8.8,7.5,3.9,3.9,5.6,6.5,10.8,14.4,15.2,15.9,13.8,8.5,5.4,4.4,1.6,0.7,1.1,2.5,6.4,9.2,10.7,11.0,9.4,4.7,2.1,1.3
West Midlands,1974,5.6,7.7,8.3,3.4,1.2,0.0,0.0,0.0,0.1,1.6,3.5,2.2,15.9,13.5,9.1,2.8,8.6,9.4,11.1,11.5,18.5,14.6,15.2,11.7,96.4,83.0,39.5,10.2,33.6,61.6,69.8,81.8,113.9,71.9,95.6,56.7,50.9,53.2,91.6,136.9,185.8,184.1,162.7,184.4,132.9,87.5,50.3,48.6,8.2,7.8,8.5,11.8,15.1,17.7,18.7,19.4,15.2,10.2,8.9,9.9,5.2,4.9,4.9,7.2,10.3,13.1,14.6,14.5,11.4,7.1,6.0,7.3,2.2,1.9,1.4,2.7,5.5,8.5,10.4,9.7,7.6,4.1,3.1,4.8
West Midlands,1975,3.9,9.7,9.7,6.4,1.1,0.0,0.0,0.0,0.5,0.9,8.7,8.5,17.5,6.4,12.9,14.8,6.7,4.0,11.1,7.6,11.8,5.2,11.0,5.3,87.0,27.6,73.0,59.5,36.3,15.4,61.3,43.5,72.3,27.6,48.6,45.0,36.2,42.0,80.4,119.2,185.6,260.1,201.4,219.6,141.0,104.0,75.3,39.2,9.0,6.7,7.2,11.8,13.6,20.0,21.8,23.8,17.2,13.2,8.9,7.3,6.1,3.7,4.2,7.9,9.2,14.0,16.8,18.2,12.7,9.3,5.5,4.6,3.2,0.8,1.2,4.0,4.7,8.0,11.8,12.5,8.2,5.4,2.0,1.9
West Midlands,1976,9.2,11.2,14.1,4.3,0.2,0.0,0.0,0.0,0.0,0.0,7.6,20.7,8.8,8.2,7.9,4.1,13.6,4.0,5.1,2.9,13.9,21.6,10.8,13.2,53.1,34.3,38.8,16.3,64.3,17.4,25.4,30.8,144.2,122.2,50.5,80.8,49.3,49.0,101.2,134.2,152.5,241.9,248.6,230.7,94.7,58.3,62.4,52.4,7.7,6.5,7.7,11.7,15.9,22.3,24.0,23.1,16.5,12.9,8.5,3.8,5.1,3.9,4.1,7.4,11.3,16.4,17.8,16.8,12.6,9.8,5.3,1.3,2.6,1.2,0.5,3.2,6.8,10.5,11.7,10.5,8.8,6.8,2.2,-1.2
West Midlands,1977,17.2,6.2,4.7,6.3,0.7,0.0,0.0,0.0,0.0,0.0,7.9,4.2,14.1,20.1,14.8,12.2,8.8,11.6,4.3,12.0,6.3,11.2,13.9,13.3,83.2,141.4,58.7,49.1,45.0,95.8,16.7,92.3,30.1,48.5,86.5,77.1,42.0,55.6,77.7,157.6,220.5,152.6,184.9,139.3,104.7,89.6,85.6,39.1,4.5,7.0,9.6,10.5,14.6,16.0,19.8,19.0,16.3,14.3,8.6,7.8,2.0,4.3,6.3,6.6,9.8,11.7,15.3,14.7,12.6,10.9,5.7,5.4,-0.5,1.6,3.0,2.6,5.0,7.3,10.7,10.5,8.9,7.5,2.7,3.1
West Midlands,1978,13.8,17.4,5.9,7.4,0.0,0.0,0.0,0.0,0.0,0.2,5.8,15.5,14.9,12.7,13.5,10.0,7.0,10.3,12.1,13.2,8.2,4.1,7.8,19.9,91.4,57.4,62.6,42.8,38.8,60.8,76.7,61.9,52.2,14.2,45.6,149.2,46.2,46.1,121.4,99.3,194.3,154.6,145.6,130.2,136.7,77.9,71.7,30.9,5.2,4.6,10.0,9.3,15.8,17.5,18.5,18.5,17.5,15.0,11.0,5.7,2.6,1.8,6.2,5.8,10.9,13.0,14.3,14.5,13.5,11.2,7.7,3.1,0.0,-0.9,2.4,2.2,5.9,8.6,10.1,10.5,9.4,7.5,4.5,0.6
West Midlands,1979,27.6,23.4,10.5,4.8,4.9,0.0,0.0,0.0,0.1,0.4,7.4,8.8,13.2,9.1,18.0,13.2,16.1,6.6,4.0,11.7,5.9,10.6,13.4,16.0,68.2,54.2,110.0,64.3,115.3,29.8,26.1,82.1,32.7,58.0,71.1,138.5,54.8,58.9,79.6,114.1,167.2,166.8,170.0,160.1,155.5,98.7,59.4,50.4,2.3,2.8,7.1,11.0,13.8,18.1,20.5,18.8,17.4,14.3,9.6,7.7,-0.9,0.5,4.0,7.2,9.4,13.5,15.7,14.4,12.7,10.5,6.1,5.1,-4.1,-1.9,0.9,3.4,5.0,8.9,10.8,10.1,8.1,6.7,2.6,2.5
West Midlands,1980,19.0,5.2,9.8,3.1,1.2,0.0,0.0,0.0,0.0,2.2,7.3,9.7,10.1,13.9,16.1,3.6,5.2,17.6,10.1,10.6,9.5,15.4,13.1,11.2,67.1,83.2,89.5,15.6,29.4,111.8,60.5,91.3,61.3,110.5,72.5,57.9,57.4,41.0,76.2,157.5,215.7,143.3,138.1,140.0,135.7,105.9,56.2,58.2,4.4,8.1,7.3,12.9,15.8,17.6,18.3,19.6,18.1,11.9,8.4,8.0,1.6,5.1,4.1,8.2,10.4,13.4,14.0,15.4,14.2,8.3,5.9,5.0,-1.2,2.2,0.9,3.4,5.1,9.1,9.7,11.2,10.3,4.7,3.5,1.9
West Midlands,1981,12.4,19.4,3.2,4.7,1.4,0.0,0.0,0.0,0.0,3.5,3.4,23.2,11.6,7.9,19.7,8.1,16.7,6.7,7.7,5.0,13.9,15.7,10.5,12.2,52.7,53.2,130.5,63.6,81.1,38.0,35.6,54.0,127.7,90.8,54.6,78.4,41.8,61.3,57.7,117.1,128.1,143.7,151.8,178.8,155.1,112.1,48.1,39.4,7.0,5.3,10.1,11.1,15.0,16.8,19.7,20.7,18.6,11.3,10.2,2.6,4.1,2.3,7.3,7.1,10.8,12.9,15.2,15.8,14.0,7.7,7.0,-0.5,1.3,-0.6,4.5,3.2,6.6,8.9,10.8,10.9,9.4,4.1,3.8,-3.7
West Midlands,1982,14.4,9.5,6.1,3.5,1.9,0.0,0.0,0.0,0.0,0.8,4.7,14.0,11.9,8.2,14.9,4.9,7.3,17.0,4.1,13.3,10.5,13.1,16.2,11.1,60.7,33.4,94.2,24.7,32.6,133.6,28.3,83.2,71.2,73.6,96.5,76.6,47.2,40.0,135.6,164.2,216.9,139.8,157.7,156.2,137.4,68.9,56.3,37.5,5.1,7.3,9.4,12.9,16.5,19.3,20.7,19.5,18.4,12.8,9.8,6.8,1.9,4.3,5.5,8.1,10.9,15.0,16.0,15.3,13.7,9.5,7.2,3.7,-1.3,1.3,1.6,3.2,5.3,10.6,11.3,11.1,9.1,6.3,4.6,0.6
West Midlands,1983,4.5,20.9,4.4,5.4,0.0,0.0,0.0,0.0,0.0,4.3,6.3,7.9,14.0,8.1,13.8,16.9,18.9,5.3,6.3,4.6,12.5,11.4,5.4,14.0,80.0,30.2,55.3,107.7,111.6,21.9,43.8,27.2,89.2,64.7,42.6,94.9,49.0,59.9,75.4,133.4,106.7,164.3,221.5,214.8,106.7,108.1,36.2,50.8,8.9,3.7,9.2,10.4,13.5,18.2,24.7,22.2,16.7,13.4,9.6,8.0,6.1,1.0,5.9,6.2,9.7,13.7,18.9,16.8,13.1,9.8,6.9,5.1,3.2,-1.7,2.6,2.0,5.8,9.3,13.0,11.4,9.5,6.3,4.2,2.2
West Midlands,1984,14.2,13.5,7.4,7.8,2.1,0.0,0.0,0.0,0.0,0.8,1.1,10.3,18.5,9.9,9.7,2.9,8.3,7.6,4.7,8.1,13.8,12.8,16.1,13.5,114.1,51.8,55.6,8.7,58.7,44.8,18.3,62.1,104.3,74.4,127.1,54.5,66.9,50.8,48.6,213.4,159.3,203.8,246.9,194.6,107.3,95.1,41.9,54.9,5.9,5.7,7.1,13.1,14.2,18.9,22.3,22.5,16.7,14.2,9.9,7.5,3.0,2.8,4.2,7.5,9.3,14.0,16.3,17.1,13.2,10.5,7.4,4.6,0.1,-0.1,1.2,2.0,4.5,9.2,10.2,11.7,9.6,6.9,4.8,1.7
West Midlands,1985,24.9,15.3,13.7,3.1,0.0,0.0,0.0,0.0,0.0,0.1,13.5,6.8,11.1,4.3,12.9,11.7,10.6,14.7,10.8,15.5,5.7,5.4,11.6,14.8,55.6,28.5,50.1,61.5,72.2,95.1,62.1,85.9,28.8,46.4,66.3,101.6,44.7,76.3,103.6,120.7,158.2,162.2,185.0,152.9,126.9,88.4,76.8,34.1,3.2,4.7,8.0,11.8,14.5,16.3,20.1,18.0,18.6,13.9,6.5,8.3,0.4,1.6,4.1,7.8,10.2,11.9,15.7,14.2,14.2,10.5,3.5,5.8,-2.5,-1.6,0.3,3.9,5.9,7.5,11.2,10.4,9.8,7.0,0.4,3.2
West Midlands,1986,15.9,25.1,9.6,7.1,0.0,0.0,0.0,0.0,0.6,1.2,1.3,8.1,17.7,3.6,14.1,13.9,14.0,5.7,8.9,12.5,2.0,12.6,13.9,17.5,108.2,16.7,65.7,82.8,79.7,37.3,42.8,115.4,17.0,77.5,95.0,113.2,57.5,72.1,113.8,117.3,180.9,192.2,167.8,125.1,166.3,107.0,76.5,50.5,5.5,0.7,8.3,9.0,14.9,19.1,20.0,17.0,15.8,14.2,10.5,8.5,2.8,-1.8,4.6,5.3,10.7,14.1,15.4,13.1,10.8,10.2,7.1,5.5,0.0,-4.2,0.8,1.6,6.5,9.1,10.9,9.2,5.7,6.3,3.8,2.4
West Midlands,1987,20.7,14.4,16.5,0.3,0.7,0.0,0.0,0.0,0.0,2.9,3.3,8.2,5.3,8.5,12.9,9.2,10.3,18.1,10.1,9.5,10.1,16.5,10.2,7.3,24.1,45.0,76.0,61.1,41.2,112.5,56.4,60.5,54.2,134.1,64.5,44.0,52.6,59.1,94.4,150.6,174.9,107.3,158.7,138.1,141.3,101.7,41.6,27.8,2.7,6.4,6.9,14.3,14.1,16.3,19.7,19.5,17.3,12.7,8.4,7.6,0.3,3.2,3.6,9.8,9.5,12.3,15.4,15.2,13.1,9.0,6.0,5.1,-2.3,-0.1,0.3,5.2,5.0,8.4,11.1,10.9,8.9,5.3,3.6,2.7
West Midlands,1988,5.2,8.8,6.0,5.1,0.0,0.0,0.0,0.0,0.0,2.8,14.4,2.0,18.9,10.2,15.7,8.4,11.9,7.1,17.4,11.1,8.1,11.9,5.6,7.1,124.1,53.6,87.4,34.9,51.8,45.6,120.4,71.5,47.3,68.5,39.2,36.2,49.6,104.8,92.7,113.0,183.2,157.7,138.4,173.7,135.6,96.1,80.5,39.6,7.3,7.4,9.2,11.7,16.0,18.5,18.0,19.2,16.6,13.3,8.6,9.5,4.7,4.3,5.8,7.6,11.2,13.9,14.3,14.8,12.7,9.9,4.7,6.9,2.1,1.2,2.5,3.6,6.4,9.4,10.7,10.3,8.9,6.5,0.8,4.4
West Midlands,1989,5.8,7.2,4.6,7.6,0.1,0.1,0.0,0.0,0.0,0.0,8.0,6.4,8.2,12.1,13.4,14.5,4.4,7.7,5.5,7.7,5.6,13.3,7.4,12.7,34.0,67.6,67.9,91.5,25.0,54.9,42.5,45.7,35.9,82.8,50.3,127.7,60.8,91.9,102.3,122.4,255.6,224.2,255.6,236.4,129.4,86.8,77.0,20.5,8.6,8.9,10.8,9.8,18.1,19.7,23.1,21.4,18.5,14.7,9.0,6.9,5.6,5.4,6.9,5.9,12.5,14.1,17.6,16.1,14.1,11.1,5.8,4.4,2.7,1.9,3.0,2.1,6.9,8.4,12.0,10.8,9.7,7.6,2.5,1.9
West Midlands,1990,3.5,1.8,4.4,7.4,0.0,0.0,0.0,0.0,0.0,0.4,3.6,10.7,17.2,16.0,5.3,8.6,4.0,13.0,5.8,6.3,8.1,12.9,10.1,12.8,107.0,112.6,20.3,32.0,17.6,61.0,28.6,37.7,42.8,90.7,47.6,85.6,58.4,74.5,141.2,192.7,233.6,107.7,258.9,209.0,139.5,94.7,52.5,42.7,9.0,10.0,11.9,12.7,17.9,17.2,22.2,23.2,17.1,14.6,9.0,6.5,6.1,6.9,7.9,7.5,12.1,13.2,16.4,17.8,12.7,11.4,6.3,3.9,3.2,3.9,3.9,2.2,6.3,9.2,10.6,12.4,8.2,8.1,3.6,1.3
West Midlands,1991,16.7,20.1,4.2,4.4,0.3,0.3,0.0,0.0,0.0,0.6,5.1,10.8,11.7,9.0,11.8,9.6,3.3,17.5,8.9,4.7,8.1,8.7,11.5,6.1,75.9,49.0,59.6,63.0,11.4,80.1,71.8,21.2,55.4,54.2,77.0,42.3,66.6,54.0,73.7,137.5,128.2,126.0,192.0,205.5,171.0,78.2,49.1,35.0,5.4,4.5,10.8,11.5,14.6,15.6,21.7,21.9,19.4,12.7,9.1,7.0,2.6,1.2,7.4,7.4,10.4,11.6,17.0,16.6,14.2,9.6,6.1,4.1,-0.2,-2.1,4.0,3.4,6.4,7.5,12.3,11.4,9.0,6.4,3.1,1.1
West Midlands,1992,15.1,8.1,1.7,2.1,0.1,0.0,0.0,0.0,0.0,4.5,3.0,14.4,5.6,8.8,15.2,12.5,7.9,6.7,11.5,15.2,13.4,10.7,16.7,8.8,58.8,33.5,69.3,55.9,58.2,45.6,87.6,119.3,83.3,74.5,113.9,64.0,38.0,60.9,70.2,122.1,243.4,191.6,154.9,167.9,108.8,85.9,56.2,35.2,5.7,8.5,10.3,12.3,18.5,20.6,20.0,19.2,16.5,10.4,10.1,5.8,3.0,5.1,6.9,8.3,13.0,15.3,15.8,14.9,12.8,7.1,6.8,3.0,0.4,1.7,3.5,4.3,7.5,10.0,11.6,10.7,9.1,3.9,3.4,0.2
West Midlands,1993,6.2,6.9,8.5,1.6,0.5,0.0,0.0,0.0,0.0,6.0,12.4,8.9,16.2,2.6,4.0,13.1,10.9,9.7,13.4,8.0,13.2,10.1,7.6,19.7,87.4,9.9,17.3,83.4,77.2,64.6,77.8,44.7,101.3,75.4,60.7,132.7,33.3,47.7,108.7,101.7,170.8,190.1,173.1,176.8,85.1,100.1,46.3,45.4,8.5,6.8,9.9,12.6,15.4,19.4,19.2,18.8,15.6,11.0,6.8,7.6,5.2,4.3,6.1,8.9,10.9,14.4,14.8,14.0,11.8,7.7,4.1,4.8,2.0,1.8,2.3,5.2,6.3,9.5,10.5,9.2,8.0,4.3,1.4,2.0
West Midlands,1994,8.9,15.0,1.7,2.7,0.1,0.0,0.0,0.0,0.0,1.0,0.9,7.6,16.2,11.6,15.0,12.7,10.3,6.1,7.2,9.2,14.8,12.4,11.9,15.1,95.7,67.7,72.4,57.1,56.6,25.3,42.1,55.7,113.6,70.7,75.8,109.6,66.4,57.4,118.1,164.0,139.1,201.9,215.8,170.7,105.5,105.8,42.0,51.2,7.5,5.4,10.5,11.7,14.1,18.8,23.2,19.9,15.6,13.2,11.9,8.9,4.6,2.5,7.2,7.7,10.0,14.1,17.6,15.4,12.1,9.4,9.3,5.8,1.8,-0.3,3.8,3.8,6.0,9.3,11.9,11.1,8.7,5.7,6.8,2.7
West Midlands,1995,11.5,3.7,14.6,4.1,1.6,0.0,0.0,0.0,0.0,0.4,6.2,16.9,17.2,16.3,12.9,4.6,8.1,4.1,5.5,2.9,13.7,6.3,11.7,10.8,131.3,87.8,54.2,21.4,47.7,14.9,30.1,8.3,97.7,38.2,65.2,77.2,52.6,72.3,161.8,175.5,194.1,188.5,220.2,264.0,121.1,122.8,65.9,39.7,7.2,9.0,9.0,13.0,16.3,18.6,23.8,24.8,17.2,16.2,10.1,4.0,4.1,5.9,4.9,8.5,11.2,13.7,18.2,18.5,13.1,12.4,7.1,1.7,0.9,2.8,0.9,4.0,6.1,8.8,12.6,12.2,9.0,8.6,4.0,-0.6
West Midlands,1996,9.4,19.9,10.2,5.9,4.0,0.0,0.0,0.0,0.0,0.1,13.9,16.2,8.9,13.3,8.1,7.8,8.8,5.6,8.0,10.8,5.2,13.9,15.0,7.4,45.0,66.7,38.8,48.1,44.3,29.5,36.9,68.7,23.1,65.6,95.4,55.3,14.9,78.5,52.1,121.3,166.3,236.4,225.2,180.2,123.7,106.2,84.6,45.4,5.3,5.1,6.6,12.5,13.1,19.5,21.5,21.2,17.3,14.6,8.5,4.9,3.7,2.0,3.9,8.1,8.6,13.9,16.1,16.2,13.1,10.9,5.2,2.4,2.0,-1.1,1.1,3.6,4.2,8.2,10.7,11.2,8.8,7.3,2.0,-0.1
West Midlands,1997,19.9,4.3,2.6,4.5,1.1,0.0,0.0,0.0,0.0,6.2,2.4,7.3,3.6,14.3,6.4,4.6,12.3,16.9,10.1,12.3,6.2,7.6,16.2,12.9,12.1,89.6,24.0,27.4,75.7,119.6,46.9,86.1,28.2,59.2,88.4,76.3,40.2,67.1,124.4,147.9,233.7,125.6,217.7,180.5,143.0,128.1,37.5,37.9,4.7,9.4,11.9,13.2,16.2,17.6,21.4,23.6,17.8,13.6,10.8,8.0,1.9,6.2,7.9,8.5,10.9,13.6,16.3,18.6,13.6,9.5,8.0,5.3,-1.0,3.0,3.9,3.8,5.8,9.6,11.3,13.5,9.4,5.3,5.1,2.6
West Midlands,1998,9.8,4.4,3.8,4.1,0.1,0.0,0.0,0.0,0.0,0.9,6.7,10.8,13.3,4.7,11.6,18.4,5.3,18.4,9.3,7.4,11.7,17.3,12.2,15.6,95.4,17.6,84.4,117.0,23.9,119.0,40.0,46.6,81.7,140.6,60.5,70.6,46.6,89.1,77.3,115.2,193.8,126.7,150.2,198.2,112.5,96.5,65.7,38.5,7.3,10.6,11.0,11.0,17.4,17.6,19.2,20.4,18.1,13.2,8.5,8.2,4.6,7.0,7.5,7.3,12.5,13.8,15.1,15.5,14.3,10.0,5.4,4.9,1.9,3.5,4.0,3.7,7.6,10.0,11.0,10.6,10.5,6.7,2.3,1.7
West Midlands,1999,6.5,8.1,2.6,3.9,0.0,0.0,0.0,0.0,0.0,0.4,1.7,10.1,18.4,10.3,13.3,13.8,10.9,11.8,4.1,13.3,14.7,10.3,9.2,19.9,114.9,43.0,67.9,70.1,62.4,76.1,21.5,99.2,104.5,79.1,47.7,117.5,59.1,79.4,102.1,145.5,148.5,184.4,232.9,144.7,156.6,120.1,68.7,55.3,8.1,7.8,10.4,13.3,16.9,18.1,22.6,20.2,19.8,14.0,10.1,7.3,5.1,4.7,6.9,9.0,12.6,13.4,17.3,15.8,15.2,10.2,7.2,4.1,2.0,1.7,3.4,4.8,8.2,8.7,11.9,11.3,10.6,6.4,4.3,1.1
West Midlands,2000,10.6,5.8,5.9,4.7,0.0,0.0,0.0,0.0,0.0,0.1,1.6,9.2,7.2,15.8,5.7,18.7,11.7,8.1,10.4,11.3,14.5,18.0,18.2,16.5,37.6,78.1,32.5,137.9,73.0,42.1,54.9,56.3,115.3,145.2,143.9,116.6,69.1,96.5,118.2,133.7,187.7,153.8,150.2,188.2,113.1,85.9,54.9,47.9,7.6,9.1,10.8,11.5,16.2,19.1,19.3,21.2,18.3,13.2,9.4,7.4,4.5,5.6,7.0,7.4,11.5,14.7,14.9,16.3,14.3,9.8,6.4,5.0,1.3,2.2,3.2,3.4,6.9,10.2,10.5,11.4,10.3,6.4,3.4,2.6
West Midlands,2001,16.3,15.0,10.4,3.3,0.2,0.0,0.0,0.0,0.0,0.0,5.7,18.7,10.0,12.2,13.0,16.0,7.3,6.2,8.5,13.3,13.6,16.2,9.8,7.1,51.1,81.5,71.4,94.0,53.5,37.2,69.1,75.1,66.9,115.9,45.8,32.7,73.1,89.9,91.6,125.7,211.1,187.5,183.0,173.9,101.4,102.3,63.0,73.2,5.5,7.6,8.0,11.3,17.2,18.6,21.5,21.1,16.5,16.0,10.5,6.3,2.7,4.0,4.6,7.2,12.0,13.8,16.7,16.5,12.9,12.9,6.9,3.0,-0.1,0.3,1.3,3.2,6.9,9.1,11.9,11.9,9.3,9.8,3.4,-0.2
West Midlands,2002,8.6,4.5,5.1,3.7,0.0,0.0,0.0,0.0,0.0,1.8,0.3,5.5,12.8,17.4,8.0,8.0,13.5,8.9,12.7,8.7,3.2,14.5,19.3,16.2,66.4,117.0,37.6,45.4,74.7,46.4,93.5,62.9,30.3,126.4,115.3,110.2,38.4,75.8,112.6,188.5,174.6,168.0,163.3,149.3,148.8,92.7,48.3,35.0,8.1,9.7,11.1,13.8,15.7,18.5,20.2,21.2,18.4,13.1,10.7,7.1,5.0,6.5,7.1,8.9,11.5,14.0,15.6,16.7,13.9,9.4,7.9,5.1,1.8,3.2,3.1,3.9,7.3,9.5,10.9,12.1,9.3,5.7,5.1,3.2
West Midlands,2003,11.8,15.5,8.2,4.6,0.2,0.0,0.0,0.0,0.0,4.3,3.8,14.4,12.3,5.4,6.0,7.9,14.0,9.3,10.5,3.1,5.0,7.7,12.3,12.2,64.6,28.2,32.8,41.4,65.5,67.1,64.0,15.9,28.8,47.5,69.9,85.6,70.6,91.3,163.6,183.2,191.9,206.8,170.4,197.6,164.1,134.0,64.8,53.2,6.8,7.1,12.1,14.4,16.2,20.9,21.8,23.1,19.7,12.9,10.8,7.5,4.1,3.4,7.1,9.3,11.7,15.7,17.1,17.8,14.0,8.7,7.6,4.4,1.4,-0.2,2.1,4.1,7.2,10.6,12.4,12.4,8.4,4.4,4.5,1.2
West Midlands,2004,10.7,11.7,6.1,0.9,0.0,0.0,0.0,0.0,0.0,0.0,5.1,8.5,16.8,8.7,10.7,13.5,8.8,9.0,11.0,17.6,10.7,17.0,9.4,8.3,98.0,40.6,41.0,87.0,42.8,51.7,60.2,155.0,51.3,121.3,46.4,43.9,49.0,88.8,99.9,129.2,190.3,194.7,158.7,168.7,159.4,92.6,46.5,55.6,7.6,7.9,9.9,13.4,16.8,19.9,20.0,21.6,18.5,13.4,10.0,8.2,4.8,5.0,6.2,9.2,11.8,15.1,15.5,17.2,14.4,10.1,7.2,5.1,1.9,2.1,2.4,5.1,6.9,10.5,10.9,12.8,10.2,6.8,4.5,2.0
West Midlands,2005,4.7,10.9,8.6,2.5,1.2,0.0,0.0,0.0,0.0,0.0,12.5,12.4,9.6,9.9,9.3,12.3,8.8,9.0,7.7,9.3,9.9,13.5,10.8,8.8,42.4,44.6,47.5,61.8,37.9,54.4,61.3,53.3,62.2,95.6,65.5,55.9,52.7,68.4,73.4,139.4,218.8,186.7,175.6,207.4,151.1,72.5,90.0,55.5,8.5,6.7,10.1,13.0,15.8,20.2,20.9,21.1,19.4,15.6,9.4,7.2,5.6,3.9,6.8,8.6,11.0,15.2,16.4,16.0,14.8,12.6,5.7,4.1,2.6,1.2,3.4,4.2,6.3,10.3,12.0,10.8,10.2,9.6,2.1,1.0
West Midlands,2006,10.6,12.0,12.9,3.5,0.0,0.0,0.0,0.0,0.0,0.0,3.7,5.1,6.1,8.6,14.9,10.0,16.6,4.6,7.3,14.5,10.6,14.2,13.4,13.8,22.3,41.7,77.7,43.7,104.1,16.4,49.4,84.8,75.4,94.7,82.8,101.0,46.5,71.0,94.3,151.3,171.2,212.6,290.1,140.7,152.9,90.8,94.6,41.8,6.3,6.2,7.9,12.4,16.4,21.3,25.7,20.1,20.8,15.8,11.2,8.6,3.9,3.4,4.5,8.3,12.0,15.9,19.5,15.9,16.3,12.4,7.6,6.0,1.4,0.7,1.1,4.2,7.5,10.5,13.3,11.7,11.9,9.0,3.9,3.4
West Midlands,2007,4.4,8.0,3.4,0.3,0.0,0.0,0.0,0.0,0.0,0.4,5.6,11.8,15.7,16.4,8.8,1.9,14.5,15.3,17.9,7.1,7.0,5.8,10.2,11.5,91.7,85.1,55.3,8.7,112.4,166.9,143.4,40.9,38.3,41.6,64.6,78.0,63.8,70.8,147.5,216.1,155.7,147.3,178.7,200.9,143.7,104.7,68.2,45.3,9.5,8.7,10.8,16.4,15.9,19.2,19.0,20.2,17.9,14.3,10.4,7.4,6.6,5.5,6.8,10.9,11.5,14.8,15.0,15.4,13.6,10.5,6.9,4.5,3.7,2.4,2.7,5.5,7.2,10.5,11.0,10.7,9.3,6.8,3.5,1.6
West Midlands,2008,3.5,12.6,6.5,5.8,0.1,0.0,0.0,0.0,0.0,2.7,5.1,15.7,17.9,6.1,14.2,14.6,8.1,8.8,13.6,16.5,12.2,11.2,13.3,8.1,127.0,37.0,84.4,62.9,59.8,52.9,98.2,102.8,104.1,78.8,76.3,54.7,48.9,115.7,119.2,134.9,174.6,194.9,184.3,117.9,106.7,127.5,57.7,65.7,9.2,9.3,9.4,11.8,17.7,18.5,20.7,19.8,17.1,13.2,9.3,6.1,6.2,4.9,5.7,7.6,12.9,13.9,16.1,16.1,13.2,9.4,6.6,3.3,3.1,0.6,2.1,3.4,8.1,9.3,11.5,12.4,9.3,5.5,3.9,0.4
West Midlands,2009,15.7,13.1,5.5,0.5,0.0,0.0,0.0,0.0,0.0,0.0,0.1,15.4,11.7,7.7,6.6,9.1,10.7,8.6,19.1,10.9,3.2,10.5,22.4,15.8,66.1,40.6,32.3,40.5,57.0,68.3,127.4,53.5,23.7,57.2,141.0,73.8,55.7,54.5,153.0,160.8,205.9,189.2,175.5,171.3,137.8,90.9,68.2,62.9,5.7,6.6,10.9,14.4,16.5,19.6,20.2,20.8,18.2,14.7,10.8,5.4,2.7,3.8,6.7,9.6,11.7,14.6,15.9,16.4,13.9,11.0,8.1,2.6,-0.4,1.0,2.4,4.8,7.0,9.5,11.5,12.0,9.7,7.3,5.3,-0.2
West Midlands,2010,18.7,16.4,10.5,2.6,1.4,0.0,0.0,0.0,0.0,2.5,10.6,23.4,12.6,13.7,10.1,6.0,6.3,7.1,10.3,14.1,12.1,10.6,12.7,7.2,61.2,56.1,50.2,24.9,31.6,40.2,53.3,98.4,67.4,65.0,71.3,27.6,60.9,54.1,129.4,190.0,197.8,233.6,140.1,147.9,129.2,117.7,69.4,46.5,3.5,5.2,9.9,14.0,15.6,20.6,21.3,19.5,17.7,13.5,7.7,2.2,1.0,2.4,5.8,8.7,10.7,15.1,16.9,15.1,13.5,9.9,4.7,-1.0,-1.5,-0.4,1.8,3.5,5.8,9.7,12.5,10.7,9.4,6.2,1.8,-4.1
West Midlands,2011,14.7,2.8,7.1,0.1,0.5,0.0,0.0,0.0,0.0,0.2,0.7,5.7,10.5,12.8,2.9,2.1,9.5,10.8,9.4,10.3,10.1,10.6,9.3,16.2,56.7,72.5,12.0,7.9,54.0,55.8,48.5,57.1,41.5,52.7,42.9,93.4,52.2,45.9,134.1,209.0,194.9,196.1,172.0,141.4,144.5,116.5,54.8,50.5,6.1,8.9,10.9,17.2,16.7,18.9,20.2,19.9,19.3,16.1,11.9,8.4,3.4,6.1,6.5,11.6,11.9,13.7,15.2,15.4,14.9,12.2,8.9,5.5,0.7,3.4,2.2,6.0,7.2,8.7,10.1,10.9,10.5,8.2,6.0,2.6
West Midlands,2012,9.4,13.3,2.7,5.0,0.6,0.0,0.0,0.0,0.0,1.4,5.7,10.6,11.8,5.4,5.1,20.1,8.5,18.0,17.2,14.8,10.0,14.0,12.8,17.8,62.7,29.1,22.9,140.2,51.7,151.9,112.6,88.1,87.5,86.8,113.2,137.4,69.7,69.1,167.6,116.8,196.2,107.1,162.4,149.4,155.1,96.3,65.2,58.1,8.2,7.0,12.9,11.0,16.2,17.1,19.4,20.6,17.2,12.4,9.2,7.3,5.1,3.7,8.0,6.9,11.5,13.3,15.3,16.3,12.6,9.0,6.1,4.2,1.9,0.5,3.1,2.9,6.8,9.6,11.1,11.9,8.1,5.6,3.0,1.2
West Midlands,2013,16.0,16.3,19.9,8.7,0.5,0.0,0.0,0.0,0.0,0.0,5.4,2.2,12.5,6.6,10.3,6.1,12.5,8.4,7.3,7.9,8.7,18.9,11.6,14.6,64.2,45.5,65.1,21.9,78.5,36.2,67.3,52.6,44.8,132.9,58.8,89.6,43.6,72.8,77.7,160.9,184.1,180.9,269.9,174.0,122.9,85.4,77.6,57.4,5.5,5.5,5.2,11.7,14.9,18.2,24.0,21.4,17.8,15.1,9.1,9.2,3.1,2.7,2.2,7.2,10.2,13.5,18.2,16.7,13.5,12.0,5.9,5.9,0.6,-0.1,-0.8,2.6,5.5,8.9,12.4,11.9,9.2,9.0,2.6,2.6
West Midlands,2014,4.8,1.8,4.5,0.7,0.6,0.0,0.0,0.0,0.0,0.0,2.9,11.6,23.5,17.0,10.6,9.4,15.9,9.2,7.6,15.0,3.3,15.6,15.7,10.6,148.8,108.6,47.4,46.2,102.7,51.4,48.6,102.5,13.6,85.0,92.8,72.7,57.6,83.9,138.9,138.3,162.0,194.9,247.8,180.7,127.2,83.3,52.3,75.4,8.1,8.6,11.8,14.1,16.3,19.9,23.0,19.2,19.4,15.3,10.8,7.9,5.1,5.7,7.3,9.8,12.0,15.0,17.5,14.8,14.7,11.9,7.9,4.8,2.2,2.9,2.9,5.6,7.8,10.1,12.0,10.4,9.9,8.5,5.0,1.8
West Midlands,2015,12.2,11.2,5.5,1.8,0.2,0.0,0.0,0.0,0.0,0.0,2.8,0.3,15.4,8.3,10.1,6.6,13.0,6.1,12.7,11.3,8.6,8.2,18.9,19.4,75.5,41.0,52.4,23.3,79.2,37.3,65.9,80.4,41.6,57.4,107.5,120.7,72.5,77.4,121.0,218.5,173.3,219.7,185.7,147.8,163.3,85.5,35.2,34.0,7.2,6.8,10.0,14.3,14.8,19.1,20.4,20.2,17.0,14.3,12.0,12.1,4.0,3.7,6.1,9.0,10.6,13.9,15.6,15.8,12.3,10.6,9.0,9.3,0.9,0.6,2.2,3.6,6.4,8.6,10.8,11.3,7.6,6.8,5.9,6.5
West Midlands,2016,7.9,11.2,7.6,5.4,0.3,0.0,0.0,0.0,0.0,0.0,6.1,7.9,17.9,10.0,10.1,15.4,9.9,15.3,8.1,10.0,10.8,6.1,10.7,7.2,98.8,70.1,82.8,62.2,55.2,99.2,35.0,64.7,58.2,28.0,96.6,34.1,44.6,99.1,116.8,165.5,205.3,124.8,187.6,202.9,132.7,107.5,80.7,52.8,8.1,8.0,9.2,11.6,17.0,19.1,21.2,21.4,19.7,14.0,8.5,8.8,5.0,4.6,5.3,7.2,12.0,14.9,16.6,16.8,15.7,10.4,5.4,5.6,2.0,1.1,1.5,2.7,7.1,10.8,12.1,12.1,11.6,6.7,2.2,2.4
West Midlands,2017,15.2,4.8,1.2,2.1,0.2,0.0,0.0,0.0,0.0,0.5,6.0,11.9,11.4,12.4,12.2,4.5,10.4,9.6,12.9,11.4,17.9,7.3,10.5,14.9,59.0,55.9,66.8,16.3,55.8,66.2,79.9,67.9,84.6,46.2,55.0,87.6,51.1,48.8,124.7,175.4,197.7,173.7,176.7,175.2,114.0,83.0,82.0,55.4,6.5,8.3,12.1,13.5,17.7,20.3,21.3,19.8,17.3,15.2,9.8,7.3,3.6,5.7,8.3,8.7,12.9,15.8,16.6,15.4,13.3,12.0,6.5,4.4,0.7,3.1,4.4,3.9,8.1,11.4,11.9,11.0,9.2,8.9,3.1,1.6
West Midlands,2018,7.1,15.4,11.5,0.6,0.3,0.0,0.0,0.0,0.1,3.2,2.8,3.9,17.0,9.7,17.9,12.7,8.0,2.3,5.2,8.9,8.4,8.0,10.9,15.2,82.6,37.0,105.1,79.1,55.1,11.4,30.7,55.5,60.9,54.2,62.5,92.7,54.1,96.6,75.5,114.1,249.8,232.1,268.0,167.0,147.7,124.2,62.9,44.3,7.6,5.5,7.8,13.1,18.7,21.5,25.4,21.4,18.0,14.3,10.6,9.1,4.8,2.5,4.5,9.4,13.0,15.9,19.0,16.6,13.5,10.2,7.6,6.4,2.0,-0.5,1.1,5.7,7.4,10.4,12.6,11.9,9.0,6.2,4.6,3.7
West Midlands,2019,14.3,8.0,1.2,5.2,0.2,0.0,0.0,0.0,0.0,0.8,4.9,6.1,7.6,7.8,13.1,7.0,9.0,14.2,9.1,11.3,13.1,17.0,19.5,15.3,32.2,38.5,83.8,35.9,42.6,124.1,78.9,80.2,115.0,129.0,125.1,88.2,51.5,118.1,130.7,168.5,196.0,145.2,186.8,199.8,166.4,86.3,45.3,56.4,6.4,11.0,11.3,13.9,16.1,18.4,22.3,21.7,18.5,13.0,8.4,8.2,3.6,6.3,7.6,8.7,11.0,14.0,17.4,17.0,14.0,9.6,5.9,5.3,0.9,1.7,3.9,3.5,6.0,9.6,12.5,12.3,9.4,6.1,3.3,2.5
West Midlands,2020,3.6,3.2,6.9,1.4,1.8,0.0,0.0,0.0,0.0,0.0,3.3,8.6,10.2,19.8,9.3,5.6,1.8,14.9,11.5,13.0,6.2,18.5,12.5,18.8,64.5,162.0,44.4,28.2,6.7,93.1,66.5,118.3,35.7,127.7,53.8,126.6,54.7,79.0,150.6,233.9,293.5,172.0,152.3,150.9,169.8,64.1,57.5,47.6,8.8,9.3,10.4,15.9,18.3,19.7,19.9,21.6,18.5,13.2,11.1,7.1,6.1,6.0,6.3,10.2,12.3,15.0,15.6,17.2,13.8,10.0,8.0,4.5,3.4,2.7,2.1,4.6,6.3,10.4,11.3,12.9,9.0,6.9,4.9,1.9
West Midlands,2021,17.3,11.6,4.3,13.8,1.5,0.0,0.0,0.0,0.0,0.0,5.5,4.8,16.3,12.1,8.5,3.1,17.2,6.7,12.1,8.1,8.5,12.7,6.3,15.8,124.5,64.2,45.0,13.5,119.0,36.7,79.7,42.9,59.5,105.0,34.5,86.4,39.4,74.5,105.2,220.3,156.5,185.0,199.5,118.8,141.7,94.2,62.2,28.2,5.4,7.9,10.7,11.6,14.4,20.2,22.6,19.7,20.3,15.0,10.3,8.4,2.7,4.7,7.0,6.1,9.9,15.4,17.7,15.8,15.7,11.8,7.1,5.9,0.0,1.5,3.3,0.6,5.3,10.6,12.9,11.8,11.2,8.5,3.8,3.4
West Midlands,2022,13.2,2.1,4.2,5.9,0.0,0.0,0.0,0.0,0.0,0.0,0.5,13.4,7.3,14.7,7.4,5.7,12.1,7.9,5.9,4.7,11.3,16.3,16.4,12.1,28.7,111.4,41.2,23.9,50.4,45.7,23.7,30.6,62.4,108.5,123.5,71.5,80.7,80.5,164.0,177.8,160.0,211.5,198.5,234.7,119.9,132.1,56.1,59.2,7.7,9.9,11.9,13.8,17.3,20.1,23.5,24.2,18.6,16.2,11.4,6.3,4.3,6.5,7.4,8.8,12.8,14.8,18.1,18.3,14.1,12.4,8.6,3.2,0.9,3.0,2.8,3.8,8.3,9.5,12.6,12.5,9.7,8.7,5.9,0.0
West Midlands,2023,9.9,8.0,5.8,3.3,0.0,0.0,0.0,0.0,0.0,0.2,4.4,5.9,12.3,3.5,20.4,12.6,7.5,6.9,16.5,12.3,12.0,15.1,14.3,20.5,76.7,12.5,118.3,64.1,35.0,48.5,120.1,59.9,74.8,152.0,87.2,150.7,77.8,86.1,76.2,153.0,219.5,240.9,144.5,161.9,150.2,90.2,77.2,25.3,7.9,9.7,9.9,12.6,17.4,22.4,20.1,20.4,21.1,15.5,10.0,9.1,4.8,6.2,6.7,8.3,12.3,16.7,15.9,16.1,16.5,11.9,7.0,6.6,1.7,2.6,3.4,4.0,7.3,11.0,11.7,11.7,11.9,8.3,4.0,4.1
West Midlands,2024,9.4,3.4,2.7,1.3,0.0,0.0,0.0,0.0,0.0,0.5,7.0,0.5,8.9,14.7,17.2,15.1,11.6,7.0,9.7,8.2,14.2,12.8,8.7,12.4,75.5,120.3,96.5,79.9,81.7,34.1,72.2,34.3,159.8,81.9,77.5,86.4,67.1,52.3,90.9,124.2,161.3,197.1,179.4,172.0,111.0,97.5,57.4,28.3,7.2,10.5,11.1,13.1,18.1,18.8,20.9,21.3,17.4,14.5,9.7,9.1,4.3,7.4,7.6,9.2,13.7,14.0,16.1,16.6,13.6,11.0,6.8,6.6,1.5,4.3,4.2,5.2,9.3,9.1,11.2,11.9,9.8,7.5,3.9,4.1
West Midlands,2025,15.4,6.3,8.7,1.5,0.2,0.0,0.0,0.0,0.0,0.0,6.1,3.0,9.5,10.7,3.5,4.0,6.1,8.2,9.5,6.1,13.5,11.3,16.8,13.7,85.4,40.9,15.1,19.8,31.9,38.0,52.1,22.8,98.2,70.4,143.0,99.1,68.6,67.4,181.5,245.4,248.9,230.4,201.1,192.8,151.2,64.0,72.6,52.0,5.8,7.7,12.6,16.2,18.7,22.3,23.2,22.7,18.2,13.9,10.9,8.9,2.8,4.8,7.5,10.3,12.9,17.0,18.1,17.5,13.7,11.0,7.9,6.3,-0.1,2.0,2.4,4.4,7.1,11.8,13.0,12.3,9.2,8.0,4.9,3.6
West Midlands,2026,11.7,3.0,1.5,1.1,0.4,0.0,,,,,,,19.0,19.3,7.5,5.7,9.2,11.4,,,,,,,108.2,119.2,43.4,20.4,48.6,61.5,,,,,,,56.2,38.9,139.7,228.7,224.5,202.7,,,,,,,6.5,8.7,11.9,15.4,18.8,22.2,,,,,,,3.7,6.4,7.9,9.9,13.4,17.3,,,,,,,1.0,4.2,3.8,4.4,7.9,12.4,,,,,,
Yorkshire and The Humber,1836,,,,,,,,,,,,,,,,,,,,,,,,,43.7,56.1,91.2,48.0,9.6,71.1,82.1,45.5,71.2,79.7,122.5,59.9,,,,,,,,,,,,,,,,,,,,,,,,,,,,,,,,,,,,,,,,,,,,,,,,
Yorkshire and The Humber,1837,,,,,,,,,,,,,,,,,,,,,,,,,74.3,61.6,38.0,58.3,29.5,49.8,92.2,59.8,49.5,60.0,48.2,96.0,,,,,,,,,,,,,,,,,,,,,,,,,,,,,,,,,,,,,,,,,,,,,,,,
Yorkshire and The Humber,1838,,,,,,,,,,,,,,,,,,,,,,,,,42.9,40.6,50.0,46.9,75.3,85.1,72.1,76.3,67.5,65.2,67.6,28.4,,,,,,,,,,,,,,,,,,,,,,,,,,,,,,,,,,,,,,,,,,,,,,,,
Yorkshire and The Humber,1839,,,,,,,,,,,,,,,,,,,,,,,,,42.9,37.8,76.4,20.6,17.0,110.9,113.8,81.4,92.0,77.1,102.5,66.4,,,,,,,,,,,,,,,,,,,,,,,,,,,,,,,,,,,,,,,,,,,,,,,,
Yorkshire and The Humber,1840,,,,,,,,,,,,,,,,,,,,,,,,,73.7,45.5,15.4,15.5,79.5,52.8,91.0,57.3,77.2,46.7,94.3,25.9,,,,,,,,,,,,,,,,,,,,,,,,,,,,,,,,,,,,,,,,,,,,,,,,
Yorkshire and The Humber,1841,,,,,,,,,,,,,,,,,,,,,,,,,53.9,41.0,43.6,36.0,56.1,60.7,89.6,82.5,83.4,133.0,78.2,62.3,,,,,,,,,,,,,,,,,,,,,,,,,,,,,,,,,,,,,,,,,,,,,,,,
Yorkshire and The Humber,1842,,,,,,,,,,,,,,,,,,,,,,,,,66.4,30.2,60.5,14.5,53.6,39.0,71.5,40.6,70.3,40.3,79.2,24.4,,,,,,,,,,,,,,,,,,,,,,,,,,,,,,,,,,,,,,,,,,,,,,,,
Yorkshire and The Humber,1843,,,,,,,,,,,,,,,,,,,,,,,,,36.0,69.4,23.4,72.7,93.9,62.3,77.3,67.3,15.7,104.5,68.2,11.1,,,,,,,,,,,,,,,,,,,,,,,,,,,,,,,,,,,,,,,,,,,,,,,,
Yorkshire and The Humber,1844,,,,,,,,,,,,,,,,,,,,,,,,,47.0,53.7,59.7,14.9,10.2,53.3,75.9,58.8,59.1,46.7,65.9,15.5,,,,,,,,,,,,,,,,,,,,,,,,,,,,,,,,,,,,,,,,,,,,,,,,
Yorkshire and The Humber,1845,,,,,,,,,,,,,,,,,,,,,,,,,36.9,27.9,57.9,46.9,71.7,80.3,77.0,145.4,56.4,99.0,45.1,82.6,,,,,,,,,,,,,,,,,,,,,,,,,,,,,,,,,,,,,,,,,,,,,,,,
Yorkshire and The Humber,1846,,,,,,,,,,,,,,,,,,,,,,,,,69.8,22.4,52.3,122.0,42.7,54.5,96.9,74.8,40.3,131.6,53.0,65.9,,,,,,,,,,,,,,,,,,,,,,,,,,,,,,,,,,,,,,,,,,,,,,,,
Yorkshire and The Humber,1847,,,,,,,,,,,,,,,,,,,,,,,,,43.5,35.2,31.5,47.2,122.3,62.8,28.4,40.3,36.5,80.6,66.5,110.7,,,,,,,,,,,,,,,,,,,,,,,,,,,,,,,,,,,,,,,,,,,,,,,,
Yorkshire and The Humber,1848,,,,,,,,,,,,,,,,,,,,,,,,,36.6,119.4,103.9,50.8,25.1,136.8,71.5,88.1,83.2,138.4,50.0,54.0,,,,,,,,,,,,,,,,,,,,,,,,,,,,,,,,,,,,,,,,,,,,,,,,
Yorkshire and The Humber,1849,,,,,,,,,,,,,,,,,,,,,,,,,74.4,22.1,34.6,82.8,59.5,39.0,79.9,63.4,75.8,90.6,53.1,92.0,,,,,,,,,,,,,,,,,,,,,,,,,,,,,,,,,,,,,,,,,,,,,,,,
Yorkshire and The Humber,1850,,,,,,,,,,,,,,,,,,,,,,,,,66.1,49.3,17.8,57.0,43.2,41.3,96.0,48.5,44.4,74.7,66.2,28.3,,,,,,,,,,,,,,,,,,,,,,,,,,,,,,,,,,,,,,,,,,,,,,,,
Yorkshire and The Humber,1851,,,,,,,,,,,,,,,,,,,,,,,,,72.6,29.5,75.4,50.4,27.7,75.3,89.7,64.5,63.9,47.2,35.9,25.5,,,,,,,,,,,,,,,,,,,,,,,,,,,,,,,,,,,,,,,,,,,,,,,,
Yorkshire and The Humber,1852,,,,,,,,,,,,,,,,,,,,,,,,,88.3,44.6,14.0,14.2,44.6,94.3,66.1,92.9,121.1,97.6,133.0,113.0,,,,,,,,,,,,,,,,,,,,,,,,,,,,,,,,,,,,,,,,,,,,,,,,
Yorkshire and The Humber,1853,,,,,,,,,,,,,,,,,,,,,,,,,77.4,75.3,39.6,42.1,30.9,57.0,86.5,47.5,55.4,89.0,41.7,51.0,,,,,,,,,,,,,,,,,,,,,,,,,,,,,,,,,,,,,,,,,,,,,,,,
Yorkshire and The Humber,1854,,,,,,,,,,,,,,,,,,,,,,,,,80.2,23.1,19.3,15.6,62.7,71.7,62.7,56.8,25.9,52.8,88.3,63.1,,,,,,,,,,,,,,,,,,,,,,,,,,,,,,,,,,,,,,,,,,,,,,,,
Yorkshire and The Humber,1855,,,,,,,,,,,,,,,,,,,,,,,,,25.1,59.0,47.3,13.6,39.4,74.2,97.0,73.5,12.0,115.2,55.6,42.4,,,,,,,,,,,,,,,,,,,,,,,,,,,,,,,,,,,,,,,,,,,,,,,,
Yorkshire and The Humber,1856,,,,,,,,,,,,,,,,,,,,,,,,,64.5,45.7,8.3,65.1,89.6,59.6,52.2,103.6,101.8,50.2,40.2,85.3,,,,,,,,,,,,,,,,,,,,,,,,,,,,,,,,,,,,,,,,,,,,,,,,
Yorkshire and The Humber,1857,,,,,,,,,,,,,,,,,,,,,,,,,74.4,25.6,60.6,65.7,31.6,58.0,55.1,131.3,78.0,49.1,51.6,18.0,,,,,,,,,,,,,,,,,,,,,,,,,,,,,,,,,,,,,,,,,,,,,,,,
Yorkshire and The Humber,1858,,,,,,,,,,,,,,,,,,,,,,,,,20.2,16.1,29.4,34.0,52.4,39.2,82.4,74.9,69.4,84.3,52.0,53.3,,,,,,,,,,,,,,,,,,,,,,,,,,,,,,,,,,,,,,,,,,,,,,,,
Yorkshire and The Humber,1859,,,,,,,,,,,,,,,,,,,,,,,,,37.7,36.9,53.7,72.1,15.3,59.3,59.1,66.4,81.0,72.6,62.2,70.8,,,,,,,,,,,,,,,,,,,,,,,,,,,,,,,,,,,,,,,,,,,,,,,,
Yorkshire and The Humber,1860,,,,,,,,,,,,,,,,,,,,,,,,,92.3,46.3,65.9,26.7,73.0,109.3,66.8,97.8,61.4,67.9,82.6,92.7,,,,,,,,,,,,,,,,,,,,,,,,,,,,,,,,,,,,,,,,,,,,,,,,
Yorkshire and The Humber,1861,,,,,,,,,,,,,,,,,,,,,,,,,30.5,73.6,63.7,31.7,25.4,66.8,93.1,39.0,76.2,31.5,115.4,43.8,,,,,,,,,,,,,,,,,,,,,,,,,,,,,,,,,,,,,,,,,,,,,,,,
Yorkshire and The Humber,1862,,,,,,,,,,,,,,,,,,,,,,,,,53.1,30.1,96.9,43.3,64.5,71.1,60.3,72.9,60.5,76.2,29.1,49.6,,,,,,,,,,,,,,,,,,,,,,,,,,,,,,,,,,,,,,,,,,,,,,,,
Yorkshire and The Humber,1863,,,,,,,,,,,,,,,,,,,,,,,,,99.3,21.4,37.0,36.2,34.9,80.8,32.9,83.5,76.6,93.3,73.3,50.0,,,,,,,,,,,,,,,,,,,,,,,,,,,,,,,,,,,,,,,,,,,,,,,,
Yorkshire and The Humber,1864,,,,,,,,,,,,,,,,,,,,,,,,,31.2,53.0,67.9,32.3,52.2,46.8,20.1,33.1,58.0,107.2,71.6,68.4,,,,,,,,,,,,,,,,,,,,,,,,,,,,,,,,,,,,,,,,,,,,,,,,
Yorkshire and The Humber,1865,,,,,,,,,,,,,,,,,,,,,,,,,48.2,46.5,39.4,26.1,85.9,25.7,64.2,102.7,10.9,163.0,71.7,40.2,,,,,,,,,,,,,,,,,,,,,,,,,,,,,,,,,,,,,,,,,,,,,,,,
Yorkshire and The Humber,1866,,,,,,,,,,,,,,,,,,,,,,,,,65.8,69.4,57.4,49.3,31.5,67.2,95.9,94.3,115.1,54.1,72.9,66.4,,,,,,,,,,,,,,,,,,,,,,,,,,,,,,,,,,,,,,,,,,,,,,,,
Yorkshire and The Humber,1867,,,,,,,,,,,,,,,,,,,,,,,,,91.8,39.8,56.2,77.9,59.5,41.3,88.8,67.9,54.6,49.1,23.6,61.5,,,,,,,,,,,,,,,,,,,,,,,,,,,,,,,,,,,,,,,,,,,,,,,,
Yorkshire and The Humber,1868,,,,,,,,,,,,,,,,,,,,,,,,,69.7,50.7,51.8,63.8,26.8,15.9,16.3,78.9,87.9,71.8,53.4,155.7,,,,,,,,,,,,,,,,,,,,,,,,,,,,,,,,,,,,,,,,,,,,,,,,
Yorkshire and The Humber,1869,,,,,,,,,,,,,,,,,,,,,,,,,76.2,64.9,53.4,48.6,100.8,39.9,18.5,43.1,101.7,57.2,65.5,105.7,,,,,,,,,,,,,,,,,,,,,,,,,,,,,,,,,,,,,,,,,,,,,,,,
Yorkshire and The Humber,1870,,,,,,,,,,,,,,,,,,,,,,,,,50.4,55.9,41.4,19.8,31.0,55.2,20.6,49.8,33.0,142.4,60.3,104.8,,,,,,,,,,,,,,,,,,,,,,,,,,,,,,,,,,,,,,,,,,,,,,,,
Yorkshire and The Humber,1871,,,,,,,,,,,,,,,,,,,,,,,,,32.0,59.4,29.2,81.3,35.2,79.5,95.2,35.0,129.3,60.6,47.8,54.1,,,,,,,,,,,,,,,,,,,,,,,,,,,,,,,,,,,,,,,,,,,,,,,,
Yorkshire and The Humber,1872,,,,,,,,,,,,,,,,,,,,,,,,,90.5,73.7,76.8,80.2,51.6,79.7,113.4,89.9,113.3,129.3,123.7,112.4,,,,,,,,,,,,,,,,,,,,,,,,,,,,,,,,,,,,,,,,,,,,,,,,
Yorkshire and The Humber,1873,,,,,,,,,,,,,,,,,,,,,,,,,66.3,42.0,54.9,25.1,58.4,40.1,65.4,74.3,55.5,66.3,50.0,18.8,,,,,,,,,,,,,,,,,,,,,,,,,,,,,,,,,,,,,,,,,,,,,,,,
Yorkshire and The Humber,1874,,,,,,,,,,,,,,,,,,,,,,,,,48.2,41.8,38.7,36.6,49.5,27.1,42.3,70.3,64.3,67.3,78.8,89.4,,,,,,,,,,,,,,,,,,,,,,,,,,,,,,,,,,,,,,,,,,,,,,,,
Yorkshire and The Humber,1875,,,,,,,,,,,,,,,,,,,,,,,,,79.2,33.1,21.3,22.9,34.3,66.5,110.7,62.7,68.8,119.6,140.6,49.1,,,,,,,,,,,,,,,,,,,,,,,,,,,,,,,,,,,,,,,,,,,,,,,,
Yorkshire and The Humber,1876,,,,,,,,,,,,,,,,,,,,,,,,,33.6,75.4,85.1,79.6,26.5,64.6,50.2,56.7,104.0,55.6,90.6,176.4,,,,,,,,,,,,,,,,,,,,,,,,,,,,,,,,,,,,,,,,,,,,,,,,
Yorkshire and The Humber,1877,,,,,,,,,,,,,,,,,,,,,,,,,104.9,60.8,75.8,94.4,61.2,43.7,84.9,141.3,73.1,77.5,72.6,56.4,,,,,,,,,,,,,,,,,,,,,,,,,,,,,,,,,,,,,,,,,,,,,,,,
Yorkshire and The Humber,1878,,,,,,,,,,,,,,,,,,,,,,,,,69.1,34.1,29.5,47.8,94.5,67.5,25.3,141.0,58.2,64.8,133.9,70.6,,,,,,,,,,,,,,,,,,,,,,,,,,,,,,,,,,,,,,,,,,,,,,,,
Yorkshire and The Humber,1879,,,,,,,,,,,,,,,,,,,,,,,,,31.1,76.1,34.1,55.0,69.1,102.2,111.3,90.5,56.4,28.2,52.1,33.6,,,,,,,,,,,,,,,,,,,,,,,,,,,,,,,,,,,,,,,,,,,,,,,,
Yorkshire and The Humber,1880,,,,,,,,,,,,,,,,,,,,,,,,,11.2,59.4,45.7,59.5,42.0,67.0,135.9,46.1,122.8,138.6,76.7,87.2,,,,,,,,,,,,,,,,,,,,,,,,,,,,,,,,,,,,,,,,,,,,,,,,
Yorkshire and The Humber,1881,,,,,,,,,,,,,,,,,,,,,,,,,26.9,91.9,73.4,33.1,41.7,53.4,84.2,140.2,95.2,91.8,75.5,79.2,,,,,,,,,,,,,,,,,,,,,,,,,,,,,,,,,,,,,,,,,,,,,,,,
Yorkshire and The Humber,1882,,,,,,,,,,,,,,,,,,,,,,,,,47.2,42.1,54.8,98.4,48.7,101.0,85.2,76.0,54.0,120.2,97.6,117.3,,,,,,,,,,,,,,,,,,,,,,,,,,,,,,,,,,,,,,,,,,,,,,,,
Yorkshire and The Humber,1883,,,,,,,,,,,,,,,,,,,,,,,,,76.1,73.4,47.2,44.6,48.2,84.0,105.6,49.1,124.3,83.3,67.9,50.4,,,,,,,,,,,,,,,,,,,,,,,,,,,,,,,,,,,,,,,,,,,,,,,,
Yorkshire and The Humber,1884,,,,,,,,,,,,,,,,,,,,,,,,,95.8,44.7,53.8,46.3,31.4,19.3,98.2,32.8,45.4,43.0,44.7,71.2,,,,,,,,,,,,,7.3,6.7,8.6,9.7,14.7,17.4,19.4,20.9,17.3,11.8,7.5,5.5,4.9,4.0,5.1,6.0,9.9,12.6,14.9,15.6,13.0,8.1,4.7,3.0,2.4,1.2,1.6,2.3,5.1,7.6,10.4,10.5,8.8,4.4,1.8,0.5
Yorkshire and The Humber,1885,,,,,,,,,,,,,,,,,,,,,,,,,53.7,55.2,45.6,51.7,71.2,54.3,25.9,62.0,81.2,129.2,60.4,29.6,,,,,,,,,,,,,3.9,7.2,6.9,10.7,11.8,17.4,19.7,16.3,15.4,9.3,7.3,5.6,1.8,4.2,3.4,6.6,7.6,12.6,14.8,12.4,11.0,6.3,4.8,2.7,-0.3,1.1,-0.1,2.5,3.5,7.9,9.8,8.6,6.6,3.4,2.3,-0.2
Yorkshire and The Humber,1886,,,,,,,,,,,,,,,,,,,,,,,,,99.1,24.1,76.6,52.3,101.3,29.8,104.6,49.2,49.7,110.8,82.5,106.1,,,,,,,,,,,,,3.4,3.0,6.0,9.5,12.5,16.0,19.1,19.0,16.3,12.8,8.2,3.5,0.9,0.5,2.9,5.8,8.5,11.7,14.5,14.6,12.3,9.9,5.3,0.9,-1.6,-1.9,-0.2,2.1,4.6,7.3,9.9,10.2,8.5,7.1,2.4,-1.8
Yorkshire and The Humber,1887,,,,,,,,,,,,,,,,,,,,,,,,,50.4,20.9,44.6,30.2,48.3,7.4,38.1,48.9,91.3,66.2,74.1,59.0,,,,,,,,,,,,,4.0,6.9,6.5,9.8,11.9,19.3,21.6,19.3,14.3,9.6,6.4,4.5,1.3,3.3,3.3,5.4,8.0,14.0,16.2,14.1,10.5,6.2,3.8,1.7,-1.4,-0.3,0.2,1.0,4.2,8.7,10.9,9.1,6.8,2.8,1.3,-0.9
Yorkshire and The Humber,1888,,,,,,,,,,,,,,,,,,,,,,,,,28.1,40.7,90.4,53.4,23.6,56.1,140.8,63.0,38.2,27.4,118.5,42.8,,,,,,,,,,,,,5.2,3.7,4.6,8.7,14.1,15.4,15.7,17.0,14.9,11.2,8.8,6.4,2.5,1.3,1.8,5.1,9.2,11.2,12.0,12.8,10.9,7.2,6.3,3.7,-0.1,-1.1,-0.9,1.6,4.4,6.9,8.3,8.7,6.9,3.3,3.9,1.1
Yorkshire and The Humber,1889,,,,,,,,,,,,,,,,,,,,,,,,,33.6,41.8,72.2,75.2,71.5,11.9,66.6,105.4,39.9,126.0,24.6,40.4,,,,,,,,,,,,,5.3,4.9,6.9,9.1,15.5,19.0,18.2,17.8,15.1,10.8,8.4,5.1,2.6,1.9,3.4,5.8,11.1,14.0,13.7,13.8,11.3,7.7,5.4,2.3,-0.2,-1.0,0.0,2.5,6.8,9.0,9.2,9.8,7.5,4.7,2.5,-0.5
Yorkshire and The Humber,1890,,,,,,,,,,,,,,,,,,,,,,,,,71.6,33.2,53.6,21.6,58.9,66.1,58.7,107.3,40.7,44.7,99.5,34.5,,,,,,,,,,,,,7.4,5.1,8.7,9.7,14.7,17.1,17.5,17.5,18.4,12.5,8.1,1.8,4.4,2.6,5.2,5.6,10.1,12.8,13.4,13.3,14.0,8.8,4.5,-0.3,1.3,0.0,1.7,1.5,5.6,8.4,9.2,9.1,9.6,5.2,1.0,-2.4
Yorkshire and The Humber,1891,,,,,,,,,,,,,11.5,1.1,12.5,9.7,12.2,5.9,13.7,19.2,11.6,16.5,14.5,15.8,41.8,3.1,56.7,50.6,63.7,32.0,94.4,115.7,60.1,91.8,77.0,97.4,,,,,,,,,,,,,3.6,7.9,6.1,8.4,12.1,17.3,18.2,17.0,17.3,11.9,7.2,5.6,0.6,3.8,2.8,4.7,7.8,12.7,13.9,13.1,12.9,8.3,4.4,2.4,-2.4,-0.4,-0.4,0.9,3.6,8.1,9.6,9.4,8.6,4.6,1.5,-0.8
Yorkshire and The Humber,1892,,,,,,,,,,,,,9.5,14.1,8.7,7.6,14.2,15.1,8.0,11.3,11.1,20.2,9.9,8.7,38.6,59.3,32.2,37.3,77.2,97.0,49.5,88.4,63.3,149.6,39.1,28.0,,,,,,,,,,,,,3.9,4.9,5.5,10.9,14.6,16.3,16.4,18.2,14.9,9.3,8.1,3.5,1.1,1.9,1.7,5.7,9.8,11.8,12.4,13.8,10.9,6.0,5.2,0.7,-1.7,-1.0,-2.1,0.6,5.2,7.2,8.5,9.6,7.0,2.7,2.2,-2.1
Yorkshire and The Humber,1893,,,,,,,,,,,,,12.0,14.6,3.7,3.2,8.4,7.3,12.9,12.7,10.6,9.9,16.8,12.8,42.6,85.1,15.8,11.8,43.8,39.5,76.7,55.7,45.9,45.5,76.3,61.8,,,,,,,,,,,,,4.1,6.2,11.1,13.3,15.9,18.8,18.9,21.2,16.1,12.7,7.6,6.8,1.4,3.1,6.0,7.8,11.0,13.7,14.4,16.2,11.6,8.6,4.5,3.7,-1.2,0.1,1.0,2.3,6.2,8.6,10.1,11.4,7.2,4.6,1.3,0.6
Yorkshire and The Humber,1894,,,,,,,,,,,,,16.9,13.3,7.6,10.8,15.1,12.8,13.8,15.1,6.5,20.0,9.8,12.3,61.8,89.1,33.9,41.5,58.9,86.6,72.7,73.6,27.5,116.2,47.3,57.5,,,,,,,,,,,,,4.7,6.9,10.1,12.3,11.8,16.4,19.4,17.2,14.1,11.2,9.4,6.6,1.9,3.4,5.3,7.9,7.6,12.1,14.8,13.2,10.5,7.7,6.5,3.8,-0.9,-0.1,0.5,3.5,3.5,7.7,10.3,9.2,6.9,4.3,3.7,1.1
Yorkshire and The Humber,1895,,,,,,,,,,,,,21.8,6.0,14.4,8.7,6.2,9.1,15.8,14.3,5.1,16.4,17.2,12.7,105.9,23.9,69.1,40.1,20.9,53.5,129.4,77.4,21.1,102.7,83.7,62.0,,,,,,,,,,,,,1.7,1.4,7.5,11.3,15.6,18.5,18.4,19.5,19.9,9.8,9.0,5.2,-1.0,-2.0,4.1,7.0,10.3,13.1,14.0,15.0,14.4,6.1,6.0,2.6,-3.7,-5.5,0.7,2.7,5.2,7.7,9.6,10.5,8.9,2.3,2.9,0.1
Yorkshire and The Humber,1896,,,,,,,,,,,,,7.6,4.7,15.4,9.1,4.4,12.7,9.9,13.0,17.1,21.9,8.6,19.8,29.1,20.1,71.2,26.2,19.2,65.5,57.2,50.2,103.0,131.0,40.1,110.7,,,,,,,,,,,,,6.4,6.8,9.1,11.9,15.4,19.4,19.8,17.1,15.3,9.3,6.9,5.4,3.7,3.6,5.3,7.7,10.2,14.5,14.9,13.1,11.8,6.0,4.1,2.8,1.0,0.4,1.5,3.6,5.1,9.7,10.0,9.2,8.4,2.7,1.3,0.3
Yorkshire and The Humber,1897,,,,,,,,,,,,,14.4,11.3,18.0,11.9,8.4,12.9,6.4,16.1,12.5,5.7,12.6,14.0,51.7,60.6,91.0,43.4,33.9,65.9,29.2,92.1,75.8,40.0,61.0,69.2,,,,,,,,,,,,,2.6,6.9,8.3,9.4,12.7,17.6,19.4,20.3,15.0,12.7,9.4,6.6,0.5,4.2,5.1,5.5,8.2,13.2,14.5,15.4,10.8,8.8,6.5,3.6,-1.6,1.3,2.0,1.7,3.8,8.8,9.6,10.6,6.6,4.9,3.7,0.5
Yorkshire and The Humber,1898,,,,,,,,,,,,,6.2,10.5,10.9,11.8,13.0,11.5,5.6,13.2,3.3,14.5,13.5,12.3,29.8,39.6,46.8,70.2,57.6,48.1,24.0,79.3,16.7,110.0,74.1,64.7,,,,,,,,,,,,,8.1,6.8,7.1,11.2,12.6,16.9,18.8,19.7,18.8,13.6,9.0,8.8,5.5,3.5,3.3,7.0,9.1,12.2,13.7,14.9,13.9,10.4,5.9,5.7,2.8,0.1,-0.3,2.9,5.5,7.6,8.6,10.2,9.1,7.2,2.8,2.7
Yorkshire and The Humber,1899,,,,,,,,,,,,,17.6,9.1,10.8,15.4,15.3,8.1,10.8,5.7,14.8,9.5,10.2,14.8,82.0,40.6,40.2,68.3,88.1,37.6,57.2,24.8,86.1,68.0,49.1,75.5,,,,,,,,,,,,,6.3,7.4,8.4,10.5,12.7,19.6,20.9,21.1,16.5,12.7,10.9,3.9,3.4,3.7,4.0,6.5,8.3,13.9,16.1,15.9,12.1,8.2,7.6,1.2,0.4,0.0,-0.3,2.5,3.9,8.2,11.3,10.7,7.7,3.7,4.2,-1.4
Yorkshire and The Humber,1900,,,,,,,,,,,,,18.4,18.4,8.7,9.1,8.1,15.6,10.9,16.2,6.0,17.1,20.4,15.2,91.5,117.9,28.3,39.7,40.6,78.9,42.7,134.5,25.9,114.7,83.2,87.6,,,,,,,,,,,,,5.5,4.0,5.7,11.7,13.5,18.0,21.4,17.9,17.3,12.3,8.8,8.8,3.0,1.0,2.7,7.1,9.2,13.4,16.4,13.7,12.6,8.3,6.1,6.1,0.5,-2.0,-0.3,2.6,5.0,8.8,11.5,9.6,8.0,4.3,3.4,3.4
Yorkshire and The Humber,1901,,,,,,,,,,,,,11.6,12.4,15.2,11.9,8.3,9.4,9.8,9.5,7.9,13.6,9.1,16.8,40.1,47.3,58.1,42.4,39.5,41.5,64.2,60.9,31.3,55.1,103.1,108.0,,,,,,,,,,,,,5.2,4.1,6.4,12.0,14.9,18.2,21.6,20.1,17.0,12.4,7.8,4.7,2.5,1.4,3.4,7.2,9.9,12.9,16.5,15.0,12.8,8.3,4.4,2.0,-0.2,-1.3,0.5,2.3,5.0,7.5,11.5,10.1,8.8,4.3,1.0,-0.6
Yorkshire and The Humber,1902,,,,,,,,,,,,,7.8,9.6,9.0,8.5,16.8,12.8,12.5,13.8,8.5,17.0,9.2,12.8,32.0,36.3,35.9,42.3,69.4,56.9,64.0,65.1,26.0,70.2,43.0,73.7,,,,,,,,,,,,,6.4,3.4,9.2,11.0,11.5,16.2,17.8,17.0,15.9,11.8,8.8,6.4,3.7,0.4,5.4,6.4,7.4,11.9,13.3,12.5,11.8,8.6,6.0,4.0,0.9,-2.6,1.7,1.9,3.4,7.6,8.8,8.2,7.8,5.4,3.2,1.6
Yorkshire and The Humber,1903,,,,,,,,,,,,,13.9,9.0,16.3,11.5,12.2,8.3,14.9,15.4,13.8,24.8,12.4,10.8,75.2,51.5,78.7,43.7,74.5,50.5,93.7,91.3,88.1,196.4,52.9,44.0,,,,,,,,,,,,,5.4,9.0,9.5,9.3,13.3,16.2,18.3,17.6,15.9,12.2,8.5,4.6,2.9,5.8,5.8,5.1,9.1,11.7,13.9,13.2,11.7,9.0,5.2,2.2,0.3,2.6,2.2,1.0,4.9,7.1,9.6,8.9,7.6,5.8,2.0,-0.1
Yorkshire and The Humber,1904,,,,,,,,,,,,,12.8,17.9,13.3,10.9,11.9,6.9,11.2,12.3,8.3,6.5,10.1,12.2,58.5,72.9,48.6,40.7,68.1,32.5,57.4,83.2,38.8,21.9,55.8,54.0,,,,,,,,,,,,,5.9,4.7,6.6,12.0,14.0,16.7,20.2,18.8,16.2,12.8,8.0,5.6,3.1,2.1,3.3,7.8,9.6,12.3,15.4,14.1,11.8,8.8,4.7,2.6,0.3,-0.4,0.1,3.6,5.3,7.7,10.7,9.5,7.5,4.8,1.5,-0.3
Yorkshire and The Humber,1905,,,,,,,,,,,,,5.5,9.0,14.9,16.6,5.1,8.1,6.9,17.2,12.5,15.2,18.1,5.3,19.2,28.1,57.3,65.0,24.1,42.0,32.2,90.2,60.0,64.5,108.7,19.9,,,,,,,,,,,,,5.8,6.8,9.6,9.5,14.2,18.0,21.5,18.1,15.5,10.0,7.0,6.8,2.9,3.8,5.7,5.8,9.5,13.2,16.3,13.8,11.6,6.2,4.1,4.3,0.0,0.7,1.8,2.1,4.8,8.4,11.2,9.5,7.7,2.5,1.3,1.7
Yorkshire and The Humber,1906,,,,,,,,,,,,,16.0,12.3,13.2,7.5,15.9,9.2,7.7,14.2,5.6,20.0,14.9,14.2,83.4,48.3,48.1,25.0,86.0,40.5,35.7,76.9,21.1,137.0,90.0,62.1,,,,,,,,,,,,,6.6,5.2,7.6,11.3,13.3,17.8,20.0,20.6,18.1,13.3,9.4,4.7,4.1,2.0,3.9,5.9,9.2,13.0,14.8,15.6,13.0,9.8,6.6,1.9,1.5,-1.3,0.3,0.5,5.2,8.2,9.6,10.6,8.0,6.3,3.9,-0.9
Yorkshire and The Humber,1907,,,,,,,,,,,,,5.8,9.3,10.4,12.8,16.8,16.7,12.7,12.5,4.0,20.2,12.8,15.9,25.1,42.0,40.6,53.1,95.8,84.4,46.9,58.3,15.7,136.0,61.5,88.9,,,,,,,,,,,,,5.3,5.5,10.3,10.4,13.1,15.9,17.1,17.9,17.3,12.6,8.5,6.1,2.5,2.0,5.5,6.5,9.0,11.7,12.7,13.3,12.3,8.8,5.4,3.5,-0.3,-1.4,0.7,2.5,5.0,7.5,8.4,8.8,7.3,5.3,2.4,0.9
Yorkshire and The Humber,1908,,,,,,,,,,,,,8.5,10.6,17.2,14.3,12.1,5.9,11.5,12.6,12.8,9.0,9.3,10.5,42.9,51.4,85.8,65.6,54.6,27.8,73.5,58.9,64.0,43.7,41.2,41.0,,,,,,,,,,,,,4.9,7.4,6.6,8.6,15.7,17.6,19.1,17.6,16.2,14.8,9.4,5.3,1.8,4.1,3.1,4.9,11.1,12.6,14.6,13.3,12.1,11.1,6.1,2.6,-1.2,0.9,-0.2,1.3,6.5,7.7,10.1,8.9,8.1,7.4,2.9,-0.1
Yorkshire and The Humber,1909,,,,,,,,,,,,,9.1,7.0,18.5,13.0,8.3,10.6,15.2,12.7,11.6,18.2,7.1,17.3,34.4,38.9,109.4,64.8,39.2,74.7,83.4,95.0,54.0,85.7,24.0,111.0,,,,,,,,,,,,,5.0,5.5,5.6,12.8,14.7,14.9,17.9,19.2,14.6,12.9,7.5,5.2,2.2,2.2,2.4,7.6,9.4,10.8,13.7,14.6,10.8,9.2,4.2,2.5,-0.6,-1.0,-0.7,2.3,4.2,6.7,9.5,9.9,7.1,5.6,0.9,-0.3
Yorkshire and The Humber,1910,,,,,,,,,,,,,14.6,16.4,5.2,14.2,13.3,9.8,12.4,15.9,4.4,11.7,14.0,15.5,71.7,78.9,21.4,60.1,63.1,47.1,82.0,96.4,16.6,71.2,87.3,81.6,55.1,69.2,127.1,112.8,173.1,174.7,129.6,138.5,106.8,75.1,75.7,30.4,5.0,6.6,9.2,10.3,13.9,17.9,16.9,18.5,15.4,13.0,5.3,7.6,2.1,3.5,5.3,6.0,9.4,13.2,13.0,14.4,11.4,9.9,2.2,5.1,-0.8,0.5,1.3,1.7,5.0,8.6,9.1,10.2,7.5,6.8,-0.9,2.7
Yorkshire and The Humber,1911,,,,,,,,,,,,,9.3,9.3,13.8,10.3,6.8,10.2,5.1,10.8,10.0,14.0,17.8,20.8,44.2,43.4,57.9,36.1,29.0,98.9,18.2,63.7,61.2,75.7,99.3,113.0,45.4,62.8,87.5,118.9,188.5,199.9,257.4,183.5,182.3,73.6,57.5,33.6,5.8,7.1,6.6,10.5,16.4,18.0,22.3,21.5,17.8,11.7,7.9,7.3,3.1,3.9,3.9,6.7,11.4,13.0,16.4,16.5,12.6,8.2,5.1,4.6,0.5,0.7,1.2,3.0,6.5,8.0,10.5,11.5,7.5,4.8,2.3,2.0
Yorkshire and The Humber,1912,,,,,,,,,,,,,17.3,13.0,15.8,2.0,10.1,21.1,15.5,20.3,7.9,13.1,12.2,13.7,83.1,51.0,74.1,6.8,67.0,128.7,102.8,135.4,54.9,78.5,69.8,69.2,31.2,50.7,91.7,198.0,142.6,119.2,99.9,72.0,102.0,93.2,34.6,20.9,4.8,6.9,9.5,12.6,15.0,16.9,18.3,15.8,14.1,11.9,8.0,8.2,2.3,3.9,6.1,7.5,10.5,12.9,14.4,12.0,10.3,7.6,5.2,5.0,-0.1,0.9,2.7,2.5,5.9,8.9,10.6,8.2,6.6,3.4,2.4,1.8
Yorkshire and The Humber,1913,,,,,,,,,,,,,15.5,6.4,17.1,13.1,10.0,9.1,5.6,7.2,9.8,11.9,14.7,7.3,93.9,28.1,89.6,73.1,60.0,35.9,21.2,31.9,54.5,80.8,58.2,40.3,20.2,52.4,105.6,110.0,144.6,178.5,97.4,141.8,111.7,82.5,62.5,32.8,5.0,7.2,8.3,10.5,14.7,18.0,17.3,19.1,17.2,13.2,10.2,6.4,2.5,3.9,4.7,6.8,10.2,13.2,13.3,14.1,13.1,9.8,7.0,3.8,0.1,0.5,1.1,3.0,5.8,8.2,9.2,9.0,9.0,6.4,3.8,1.2
Yorkshire and The Humber,1914,,,,,,,,,,,,,10.1,11.6,16.5,6.5,9.6,8.6,10.7,10.2,7.3,10.4,18.4,21.8,50.7,48.4,65.1,22.3,43.4,70.5,76.9,48.4,37.9,59.0,95.3,144.6,31.3,67.1,93.7,220.5,147.3,215.3,137.6,171.6,171.8,70.1,49.4,38.1,5.4,9.1,8.3,14.3,14.1,18.4,19.3,19.9,17.3,13.0,9.1,6.1,2.8,5.8,4.9,8.7,9.5,13.2,14.8,15.0,12.2,9.4,5.9,3.5,0.2,2.5,1.4,3.3,5.0,8.0,10.5,10.2,7.4,6.0,2.8,0.9
Yorkshire and The Humber,1915,,,,,,,,,,,,,16.3,17.3,11.1,7.0,7.3,4.0,17.2,14.4,6.2,8.9,10.8,21.9,79.3,90.3,40.1,24.0,43.8,18.2,119.2,76.6,35.8,35.4,60.1,146.8,28.9,60.9,114.0,163.5,192.0,205.4,159.4,139.5,153.2,61.8,65.2,30.3,5.3,6.1,8.1,11.3,13.4,18.2,18.2,18.8,16.8,11.9,5.8,6.3,2.9,3.0,4.3,6.7,8.7,12.8,13.7,14.3,12.2,8.2,2.6,3.5,0.5,-0.1,0.6,2.1,4.2,7.4,9.2,9.7,7.8,4.5,-0.5,0.8
Yorkshire and The Humber,1916,,,,,,,,,,,,,9.3,18.7,19.6,10.1,11.9,12.6,12.4,12.0,7.3,18.5,13.1,15.6,42.1,96.5,105.2,42.2,74.9,60.5,66.6,77.2,45.1,93.3,95.2,80.2,44.4,66.1,61.6,154.0,147.1,112.7,142.5,143.7,120.0,73.1,49.7,28.6,9.3,5.5,4.7,11.5,14.8,14.6,18.4,19.8,15.9,12.8,9.1,4.4,6.3,2.7,2.2,7.0,10.1,10.6,14.0,15.2,11.8,9.1,6.1,1.6,3.3,-0.2,-0.4,2.6,5.6,6.6,9.6,10.5,7.7,5.4,3.2,-1.1
Yorkshire and The Humber,1917,,,,,,,,,,,,,15.8,5.6,12.8,13.1,8.8,9.6,7.2,21.3,7.0,15.8,10.4,11.8,86.3,24.2,50.8,58.3,45.6,42.4,33.9,169.4,33.8,85.8,48.2,47.4,16.6,46.2,97.6,111.4,181.9,210.3,191.2,119.4,126.4,117.8,47.4,42.0,2.8,3.4,5.7,8.3,15.6,19.0,19.8,18.6,17.3,10.5,10.0,4.6,1.1,0.3,2.1,4.0,10.5,13.7,14.8,14.8,13.1,6.4,7.0,1.8,-0.5,-2.6,-1.4,-0.2,5.6,8.4,9.9,11.0,8.9,2.4,4.1,-0.9
Yorkshire and The Humber,1918,,,,,,,,,,,,,12.0,11.3,8.1,9.6,9.6,5.5,15.2,9.8,21.6,13.1,9.5,16.5,63.5,54.1,29.3,37.9,59.7,17.4,95.4,57.9,140.0,61.6,44.2,90.5,45.8,53.4,93.9,111.1,183.6,207.6,183.4,154.3,128.2,69.7,56.9,31.5,5.3,8.0,8.5,8.9,16.4,17.5,19.4,19.4,14.5,11.8,7.9,8.0,2.3,5.1,4.9,5.5,11.4,12.2,14.3,15.0,10.5,8.4,4.4,5.1,-0.7,2.2,1.1,2.1,6.6,7.0,9.4,10.6,6.7,5.1,1.0,2.4
Yorkshire and The Humber,1919,,,,,,,,,,,,,18.0,10.4,14.1,11.2,6.6,9.1,9.7,9.7,9.0,12.7,20.3,19.1,91.3,52.9,81.9,46.2,26.0,27.4,60.1,69.7,39.7,103.9,89.0,97.3,33.1,47.7,85.0,112.4,207.5,181.2,125.4,177.9,134.3,111.7,42.6,29.2,4.2,3.9,5.7,10.8,16.8,18.3,17.0,19.5,16.5,11.2,5.2,6.5,1.8,1.0,2.4,6.4,11.3,13.2,12.7,14.5,11.8,7.0,2.3,3.6,-0.6,-1.6,-0.9,2.1,6.1,8.1,8.5,9.5,7.1,2.8,-0.4,0.9
Yorkshire and The Humber,1920,,,,,,,,,,,,,15.2,7.3,13.2,19.9,11.7,6.3,18.8,8.1,10.2,7.1,7.3,16.8,79.2,42.0,74.1,98.5,79.7,34.3,110.3,46.5,42.0,52.1,32.0,88.8,49.7,82.3,104.7,93.7,186.7,204.9,116.9,119.2,102.8,100.9,47.6,30.0,6.8,8.2,9.9,10.1,15.1,17.9,17.2,16.9,16.2,13.3,9.1,6.1,3.5,4.6,5.9,6.7,10.3,12.9,13.2,12.7,11.8,9.4,6.1,3.3,0.5,1.1,2.0,3.3,5.7,8.1,9.4,8.5,7.4,5.6,3.2,0.8
Yorkshire and The Humber,1921,,,,,,,,,,,,,15.1,1.6,10.5,8.8,11.0,3.7,8.2,16.4,4.8,7.1,9.6,13.5,97.7,7.1,36.2,28.7,44.7,12.9,35.8,114.4,28.2,51.0,55.0,64.3,29.9,62.8,105.6,179.4,225.7,210.5,195.9,131.5,156.3,122.0,62.7,44.6,8.6,7.2,10.2,11.9,15.7,18.2,21.7,18.0,17.8,16.2,6.6,8.7,5.6,3.9,6.2,7.2,10.3,12.9,16.2,14.0,13.0,11.9,3.7,5.6,2.7,0.8,2.4,2.5,5.1,7.7,10.8,10.2,8.5,7.7,0.8,2.5
Yorkshire and The Humber,1922,,,,,,,,,,,,,16.4,12.4,14.7,12.0,6.4,9.2,16.7,12.6,12.4,13.0,7.8,14.3,83.7,70.1,54.1,57.7,28.1,38.1,122.0,74.3,81.8,41.9,32.0,94.0,34.6,71.5,81.7,157.0,213.7,210.0,129.6,134.6,83.1,103.1,72.7,33.7,4.6,6.0,6.6,8.9,16.8,17.8,16.9,16.7,14.8,11.4,8.5,7.0,2.0,2.9,3.5,4.6,11.4,12.6,12.6,12.5,10.9,7.8,5.1,4.4,-0.6,-0.2,0.5,0.3,6.3,7.6,8.4,8.4,7.2,4.2,1.8,1.9
Yorkshire and The Humber,1923,,,,,,,,,,,,,10.1,19.5,9.5,10.0,12.7,6.0,12.0,16.3,12.9,15.2,16.0,15.4,45.4,109.5,42.2,46.4,67.2,22.3,72.5,97.6,66.7,70.7,96.5,75.0,56.1,36.6,94.5,130.2,153.4,139.4,174.7,173.8,149.7,96.6,68.6,41.8,7.7,6.0,8.8,9.7,12.1,15.5,20.5,18.5,15.8,11.9,5.8,4.7,4.7,3.7,5.3,6.0,7.9,11.3,16.0,14.0,11.4,8.3,2.6,2.1,1.8,1.4,1.9,2.4,3.7,7.1,11.6,9.4,7.1,4.9,-0.4,-0.5
Yorkshire and The Humber,1924,,,,,,,,,,,,,10.9,9.0,4.6,10.1,19.1,10.5,15.9,14.3,13.5,13.9,9.5,13.6,59.6,29.7,26.7,44.7,112.7,49.8,97.5,69.1,73.7,104.1,44.7,80.3,43.4,46.5,126.8,133.2,134.4,163.7,171.3,129.3,119.9,90.8,47.9,32.3,5.6,5.2,6.9,10.4,14.0,17.3,18.9,17.6,16.0,12.6,8.8,8.3,3.0,2.7,2.5,5.8,9.8,12.7,14.3,13.2,12.4,9.2,6.0,5.7,0.4,0.2,-1.8,1.4,5.9,8.3,9.9,9.0,8.8,5.8,3.4,3.3
Yorkshire and The Humber,1925,,,,,,,,,,,,,9.0,15.8,9.9,14.9,16.7,1.2,8.2,12.2,13.0,13.1,13.3,14.3,53.4,89.5,43.7,71.7,86.2,4.4,40.8,70.8,82.4,70.0,65.8,90.4,39.6,65.5,98.8,135.1,151.6,209.7,178.0,127.8,110.6,95.0,72.7,46.6,6.7,6.8,7.6,10.4,14.8,18.1,20.8,19.0,14.5,13.2,5.9,4.3,4.0,3.7,4.2,6.2,10.4,13.0,15.8,14.5,10.4,9.3,2.8,1.5,1.2,0.7,0.9,2.2,6.2,8.0,10.8,10.2,6.4,5.4,-0.2,-1.2
Yorkshire and The Humber,1926,,,,,,,,,,,,,16.5,12.8,6.4,10.3,14.8,13.8,10.3,13.1,9.4,13.3,18.3,6.4,79.5,57.5,24.5,42.1,60.1,91.4,75.1,69.6,57.2,81.3,103.4,23.4,34.0,44.1,107.9,109.1,182.7,154.4,173.1,192.2,135.4,114.5,49.2,52.4,5.9,8.0,9.0,12.4,13.1,17.0,20.0,19.9,17.4,10.9,7.9,6.4,3.2,5.2,5.5,8.1,8.6,12.5,15.6,15.1,13.1,7.0,4.8,3.7,0.5,2.5,2.0,3.8,4.3,8.1,11.3,10.5,8.8,3.2,1.8,1.0
Yorkshire and The Humber,1927,,,,,,,,,,,,,13.0,9.3,14.2,13.0,8.6,14.0,11.4,17.3,15.8,11.2,15.5,11.2,56.0,36.1,58.3,56.9,39.0,85.1,88.3,142.0,120.5,62.9,85.8,70.6,38.0,54.4,104.3,149.4,143.0,179.3,133.2,137.4,98.4,90.3,58.9,23.1,6.3,6.8,9.7,11.1,13.4,15.5,18.4,18.8,15.1,13.2,7.9,3.2,3.4,3.4,6.1,6.9,8.8,10.9,14.3,14.5,11.4,9.3,5.0,1.2,0.7,0.0,2.6,2.7,4.4,6.5,10.4,10.4,7.8,5.5,2.1,-0.6
Yorkshire and The Humber,1928,,,,,,,,,,,,,19.5,10.7,15.8,8.4,9.8,15.4,6.2,15.1,6.2,15.8,16.9,11.8,117.7,51.5,72.3,26.8,39.5,105.5,33.1,102.4,20.5,104.6,85.6,51.8,48.6,82.6,66.2,127.4,136.7,183.2,234.9,163.6,149.2,100.0,60.5,42.9,6.9,8.0,7.8,11.1,12.9,16.0,20.0,19.0,16.5,12.5,9.8,5.5,3.8,4.6,4.6,6.8,8.8,11.3,14.9,14.4,11.7,8.8,6.6,2.5,0.8,1.2,1.4,2.7,4.7,6.8,10.1,9.9,7.1,5.2,3.6,-0.4
Yorkshire and The Humber,1929,,,,,,,,,,,,,12.5,7.4,1.8,7.4,9.2,9.6,8.1,13.5,4.0,13.2,16.9,20.1,51.0,23.9,6.1,31.9,35.1,39.5,64.4,69.2,22.7,76.8,103.8,129.2,31.8,33.9,157.4,147.8,200.7,181.1,186.0,151.5,163.0,111.4,61.9,49.4,3.3,2.0,11.2,9.4,15.0,17.0,19.9,18.7,19.2,12.3,8.9,6.8,0.9,-0.7,5.6,5.2,9.9,12.2,14.8,14.1,14.0,8.5,5.4,4.2,-1.2,-3.4,0.1,1.2,4.8,7.4,9.8,9.7,8.8,4.6,2.1,1.7
Yorkshire and The Humber,1930,,,,,,,,,,,,,15.7,7.9,10.9,14.9,10.0,8.3,14.1,15.5,15.3,13.5,13.7,12.0,92.8,32.0,61.1,69.9,39.4,39.1,135.7,103.6,98.2,65.0,97.2,65.4,52.9,46.1,98.5,93.7,154.4,203.0,152.8,181.2,99.6,116.7,76.9,27.9,7.2,4.4,7.8,10.2,13.5,19.0,18.4,19.3,15.9,12.8,8.3,5.8,4.1,1.9,4.1,6.9,9.1,13.9,14.2,14.8,12.4,9.2,5.0,3.1,1.2,-0.6,0.5,3.6,4.8,8.8,10.1,10.4,9.0,5.7,1.7,0.6
Yorkshire and The Humber,1931,17.8,17.2,20.8,3.9,1.6,0.0,0.0,0.0,0.3,8.4,2.1,11.0,14.1,14.7,6.1,16.6,12.2,13.7,17.4,12.1,9.4,8.1,13.2,8.0,64.8,60.6,25.1,85.2,70.7,100.3,106.3,97.3,83.1,35.4,87.2,36.9,64.5,52.9,137.0,120.5,169.3,144.2,119.8,155.9,86.0,134.2,46.4,44.2,5.2,5.5,6.5,10.5,14.5,16.9,18.6,16.9,14.6,12.4,9.4,7.2,2.3,2.5,2.6,6.7,10.0,12.7,14.6,12.8,10.8,8.0,6.4,4.3,-0.6,-0.3,-1.3,2.9,5.5,8.7,10.6,8.9,7.0,3.6,3.6,1.4
Yorkshire and The Humber,1932,10.4,12.3,12.9,7.7,2.0,0.0,0.0,0.0,2.0,2.1,4.5,6.5,8.7,6.8,9.8,16.5,17.9,3.7,14.5,6.6,13.2,20.2,10.4,9.8,48.3,19.5,57.1,61.5,114.7,24.9,91.6,50.9,74.9,106.6,41.5,38.6,65.3,71.3,97.0,135.1,101.2,180.3,126.5,138.8,139.4,84.3,38.9,41.9,8.3,6.3,7.6,9.7,12.5,17.0,19.1,19.9,16.2,11.1,8.3,7.3,5.1,3.3,4.0,5.6,8.9,12.3,15.0,15.5,11.9,7.5,5.7,4.9,2.0,0.3,0.4,1.5,5.4,7.7,11.0,11.2,7.7,4.0,3.0,2.6
Yorkshire and The Humber,1933,20.1,16.2,7.2,3.5,0.1,0.0,0.0,0.0,0.0,0.9,4.1,15.3,10.6,14.2,11.0,8.1,12.3,10.2,10.7,6.0,7.0,13.4,14.0,8.5,51.2,92.6,52.1,33.9,53.5,49.5,50.4,24.1,50.6,107.3,74.9,24.8,42.1,71.2,152.7,117.4,120.9,228.1,210.5,206.4,152.7,80.7,44.4,29.5,4.4,6.2,10.7,12.4,14.3,19.2,21.9,21.9,18.5,12.6,7.8,4.2,1.6,3.3,6.2,8.1,10.3,14.0,16.8,16.6,13.8,9.3,5.3,1.9,-1.1,0.3,1.6,3.9,6.4,8.8,11.7,11.4,9.3,6.1,2.8,-0.2
Yorkshire and The Humber,1934,10.4,11.9,12.1,5.1,0.8,0.1,0.0,0.0,0.0,1.2,6.4,0.4,11.9,3.3,13.4,14.2,8.0,9.3,8.7,12.5,9.9,15.3,10.8,20.2,54.0,22.1,73.5,83.7,35.4,45.5,55.8,70.9,47.4,78.4,63.1,114.4,60.2,95.5,95.8,114.3,177.2,170.8,240.4,165.2,151.9,90.8,40.9,18.8,6.7,7.5,7.5,10.6,15.0,18.1,22.0,19.1,18.3,12.8,8.1,8.7,3.6,4.0,3.9,6.8,10.1,13.2,16.6,14.4,13.4,9.4,5.4,6.5,0.6,0.6,0.4,2.9,5.3,8.4,11.2,9.6,8.5,6.0,2.7,4.5
Yorkshire and The Humber,1935,11.2,8.8,5.2,4.7,3.9,0.1,0.0,0.0,0.1,3.5,3.7,16.3,11.8,12.8,6.6,14.7,4.4,16.4,4.7,7.4,13.9,17.1,19.0,13.5,56.9,82.3,23.2,75.0,20.7,71.7,17.5,54.7,117.2,109.8,115.1,62.6,44.3,47.4,102.0,128.8,209.2,176.9,246.2,181.8,136.0,82.7,45.5,47.2,6.2,7.6,9.2,10.4,12.6,18.5,21.2,21.2,16.5,12.0,8.6,4.2,3.7,4.7,5.8,6.7,8.2,13.8,15.9,15.9,12.2,8.3,5.7,1.9,1.1,1.9,2.4,3.0,3.9,9.1,10.7,10.6,8.0,4.7,2.8,-0.4
Yorkshire and The Humber,1936,14.6,20.0,5.8,9.8,0.5,0.0,0.0,0.0,0.0,2.3,9.2,12.0,16.9,11.0,10.2,8.4,7.1,11.5,17.5,8.3,12.2,11.5,13.2,11.5,104.4,74.8,45.0,41.4,40.4,90.0,102.7,49.0,76.7,56.5,79.3,56.3,45.8,71.7,59.8,174.0,162.3,180.0,136.9,177.1,95.0,102.5,56.9,50.3,4.8,4.3,8.6,9.5,13.8,17.8,18.6,20.0,17.0,12.6,8.1,7.2,2.4,1.3,5.5,5.4,9.6,13.1,14.7,15.2,13.5,8.7,4.8,4.1,-0.1,-1.8,2.4,1.3,5.4,8.3,10.7,10.4,10.2,4.9,1.5,1.1
Yorkshire and The Humber,1937,12.6,11.3,21.1,1.9,0.2,0.0,0.0,0.0,0.0,0.4,9.3,17.9,16.5,14.2,15.9,14.4,11.6,9.9,10.0,7.3,8.8,8.3,9.1,18.7,92.2,89.0,82.2,72.1,85.9,39.7,64.1,40.8,44.2,62.3,48.1,109.8,38.7,75.5,82.3,76.3,161.3,158.8,122.6,151.0,128.3,68.3,53.9,28.6,6.5,6.8,5.3,10.7,15.0,17.6,19.4,20.1,16.7,13.1,7.8,4.5,3.8,3.8,2.2,7.4,10.7,13.0,15.2,15.3,12.2,9.5,4.9,2.0,1.1,0.9,-0.9,4.0,6.4,8.5,11.0,10.7,7.9,6.0,2.1,-0.4
Yorkshire and The Humber,1938,5.2,7.3,1.9,7.0,2.6,0.0,0.0,0.0,0.1,0.5,2.9,12.6,17.2,7.5,3.5,1.7,11.9,11.0,14.3,12.0,13.0,15.9,13.9,18.8,75.8,32.7,13.9,6.6,75.6,62.7,81.4,70.9,55.7,109.7,82.8,106.2,50.7,57.2,115.6,138.8,164.8,183.8,141.4,143.9,104.9,101.4,72.2,39.3,7.4,7.2,12.9,11.4,14.3,18.0,18.5,18.8,16.8,12.9,10.7,5.9,4.6,4.3,8.6,7.0,9.6,13.3,14.2,14.6,12.7,9.3,7.7,3.3,1.8,1.5,4.4,2.6,5.0,8.7,9.8,10.4,8.8,5.7,4.7,0.8
Yorkshire and The Humber,1939,15.3,7.4,6.9,3.5,0.6,0.1,0.0,0.0,0.1,2.3,2.2,11.9,19.0,8.4,14.0,10.7,6.6,11.1,16.2,11.5,7.2,15.6,15.7,8.1,123.9,40.3,72.0,40.5,34.5,68.0,89.2,65.5,38.3,116.9,95.1,48.9,43.2,76.0,95.8,160.3,178.5,205.1,145.7,132.7,98.3,91.2,50.1,38.4,5.4,7.7,8.1,11.8,14.6,17.7,19.0,19.5,16.9,11.1,9.9,5.2,2.9,4.6,4.9,7.5,10.0,12.8,14.6,15.3,13.2,7.7,6.9,2.9,0.3,1.5,1.7,3.2,5.5,7.9,10.3,11.2,9.6,4.3,4.0,0.6
Yorkshire and The Humber,1940,29.2,18.5,12.6,5.4,0.1,0.0,0.0,0.0,0.1,1.1,4.0,9.7,11.4,12.4,11.4,10.4,7.5,4.1,16.8,6.1,8.4,14.9,15.7,12.5,49.6,52.6,61.6,42.1,30.9,19.5,152.9,27.0,43.6,89.1,107.1,64.6,49.5,29.0,101.7,108.4,213.3,282.3,155.2,159.4,156.0,68.9,57.6,38.1,1.3,3.4,8.7,10.8,16.3,21.3,18.7,18.8,16.2,11.9,8.7,5.9,-1.8,1.0,5.0,6.8,11.0,15.3,14.1,14.1,11.5,8.7,5.8,3.3,-5.0,-1.3,1.3,2.7,5.9,9.3,9.5,9.4,6.9,5.5,2.9,0.8
Yorkshire and The Humber,1941,23.6,17.4,15.1,5.4,4.7,0.1,0.0,0.0,0.0,1.9,5.7,10.9,15.7,16.6,10.4,7.1,9.2,3.3,9.7,16.2,3.7,14.4,14.3,5.3,81.4,108.8,78.5,35.2,46.5,15.0,67.3,86.4,17.0,95.9,81.1,19.9,30.4,61.7,94.9,99.3,142.7,190.9,174.9,157.2,77.9,90.4,39.1,41.8,1.8,4.7,7.1,8.9,12.3,18.3,21.5,18.1,17.6,13.0,8.3,7.5,-0.3,1.7,3.6,5.5,8.0,13.3,16.3,13.8,13.7,9.4,5.3,4.7,-2.5,-1.3,0.0,2.0,3.7,8.4,11.2,9.6,9.8,5.9,2.3,1.8
Yorkshire and The Humber,1942,25.2,27.0,16.1,2.7,1.9,0.0,0.0,0.0,0.3,0.9,7.0,7.0,15.2,8.5,8.5,8.0,11.4,4.8,13.9,12.2,12.0,11.8,7.0,14.0,82.6,41.6,37.9,29.6,65.9,32.3,74.5,65.2,62.1,64.5,34.9,60.3,18.7,42.2,69.2,208.1,195.6,195.7,178.1,111.0,146.6,93.7,45.4,31.4,2.3,2.1,6.9,11.9,14.4,18.2,19.0,19.4,16.8,13.2,7.8,7.9,0.1,-0.6,3.5,7.4,9.6,13.1,14.3,15.3,12.5,9.6,4.8,5.2,-2.2,-3.3,0.0,2.9,4.9,7.9,9.7,11.2,8.3,6.0,1.8,2.5
Yorkshire and The Humber,1943,14.3,7.1,10.1,1.0,1.6,0.0,0.0,0.0,0.4,0.7,8.5,10.5,18.3,6.4,3.5,8.4,12.1,11.5,8.8,15.6,11.4,10.4,13.2,7.9,102.2,28.2,20.3,34.7,75.5,51.4,39.0,90.0,82.5,54.0,65.3,34.5,44.5,98.7,123.7,153.6,222.3,186.1,196.1,122.8,132.8,93.7,67.9,43.5,5.6,8.6,10.2,14.2,15.7,17.9,19.5,18.8,16.2,13.4,8.1,6.0,3.1,5.1,5.8,9.6,10.5,13.3,14.6,14.5,12.1,9.6,5.2,3.3,0.6,1.5,1.5,5.0,5.3,8.7,9.6,10.3,8.0,5.8,2.3,0.7
Yorkshire and The Humber,1944,9.6,13.5,12.3,1.7,2.0,0.0,0.0,0.0,0.1,1.0,6.6,13.0,11.0,12.2,4.8,8.9,8.0,13.2,11.2,9.2,14.1,16.3,19.2,11.7,58.2,55.6,14.5,55.0,43.6,63.3,69.6,72.9,127.9,81.5,127.7,54.7,37.9,47.7,113.7,129.3,163.3,150.2,99.9,150.3,126.7,90.8,50.9,38.9,7.7,5.6,8.4,13.1,14.7,16.4,18.9,20.1,15.4,11.6,8.1,5.3,4.8,2.9,4.5,8.7,9.9,12.1,15.0,15.6,11.3,8.3,5.0,2.8,1.8,0.3,0.6,4.2,5.2,7.8,11.1,11.1,7.2,5.0,1.9,0.4
Yorkshire and The Humber,1945,23.5,4.3,4.4,4.4,2.2,0.0,0.0,0.0,0.0,0.1,2.6,12.2,16.5,11.6,5.5,10.6,12.7,14.5,9.4,10.9,10.7,10.5,7.6,11.0,104.0,59.3,20.1,46.5,70.8,66.7,46.9,81.6,49.2,87.2,22.4,46.9,47.5,68.4,117.5,174.4,163.6,184.2,183.5,145.5,111.4,93.3,39.6,36.5,2.5,9.3,11.7,13.5,15.3,18.1,20.5,18.7,17.2,14.6,9.2,6.6,-0.2,6.0,7.4,8.6,10.6,13.5,15.9,14.4,13.2,10.6,6.8,3.9,-3.0,2.8,3.0,3.8,5.8,8.9,11.3,10.2,9.2,6.7,4.4,1.3
Yorkshire and The Humber,1946,17.6,7.5,13.8,1.9,1.7,0.0,0.0,0.0,0.0,2.1,1.0,14.8,11.5,9.5,8.2,6.9,9.4,14.8,12.3,15.7,14.1,6.9,20.9,15.9,54.2,47.9,36.3,36.2,48.7,65.0,85.3,111.8,105.3,35.7,137.1,73.7,36.6,86.6,103.3,165.2,186.0,183.5,174.7,131.8,103.3,63.1,32.2,50.2,5.0,7.8,8.4,13.8,13.2,17.0,20.0,18.0,16.4,11.7,9.7,5.3,2.2,4.8,4.4,8.9,9.0,12.3,15.3,13.6,12.6,8.8,6.9,2.5,-0.6,1.8,0.6,4.0,4.8,7.5,10.6,9.2,8.9,6.0,4.2,-0.2
Yorkshire and The Humber,1947,20.5,27.8,17.6,3.2,0.2,0.0,0.0,0.0,0.2,0.2,10.7,8.1,13.9,14.0,20.6,10.6,9.0,11.2,11.2,1.8,9.1,5.4,11.7,12.6,65.1,70.4,121.1,83.6,40.8,71.3,65.0,6.3,41.8,18.0,62.9,58.1,41.5,34.1,69.8,145.6,176.8,157.7,164.3,240.7,143.0,88.3,92.4,33.3,3.8,-0.1,4.8,11.5,16.5,18.9,20.1,22.3,18.7,14.3,9.1,6.8,1.5,-2.0,1.6,7.4,11.4,14.3,15.8,16.7,13.8,10.3,5.7,4.2,-0.8,-3.9,-1.5,3.3,6.5,9.8,11.5,11.3,9.0,6.3,2.4,1.7
Yorkshire and The Humber,1948,10.6,11.4,6.6,3.6,2.4,0.0,0.0,0.0,0.2,3.0,8.7,10.0,21.4,11.0,4.5,8.6,10.0,17.3,7.9,14.6,9.8,9.9,9.2,12.1,162.2,40.1,28.3,46.0,47.1,106.8,33.7,110.6,64.3,46.8,36.8,70.5,35.4,56.2,140.9,174.7,210.8,156.7,164.3,107.5,111.2,87.9,58.3,43.8,6.2,6.5,11.5,12.7,14.6,16.3,18.8,17.6,16.6,13.0,9.0,7.2,3.7,3.8,6.9,8.0,9.6,12.1,14.5,13.7,12.7,9.2,5.9,4.4,1.2,1.1,2.3,3.2,4.5,7.9,10.0,9.8,8.8,5.3,2.9,1.7
Yorkshire and The Humber,1949,10.9,8.5,14.6,2.1,1.3,0.0,0.0,0.0,0.0,2.3,4.9,5.6,7.7,6.7,7.9,9.2,9.3,5.6,7.5,7.5,6.1,12.0,16.8,15.6,32.7,30.1,29.1,54.8,37.6,21.2,59.4,55.2,32.3,93.8,98.2,79.8,51.7,106.1,94.3,149.2,209.5,235.5,194.9,176.9,126.6,93.0,53.5,46.0,7.2,8.4,7.3,13.7,14.9,18.8,20.6,20.4,19.3,14.2,8.4,7.4,4.1,4.6,3.9,9.2,9.8,13.3,15.7,15.5,15.0,10.5,5.5,4.7,1.0,0.8,0.5,4.7,4.7,7.8,10.8,10.7,10.7,6.9,2.6,2.0
Yorkshire and The Humber,1950,12.0,11.3,5.8,6.7,0.3,0.0,0.0,0.0,0.0,2.4,6.3,23.6,7.0,15.7,7.8,15.1,11.0,8.7,11.8,16.7,15.8,9.6,19.2,14.5,40.6,104.1,28.5,65.5,52.2,41.7,78.2,102.8,99.6,38.5,126.3,61.9,27.1,78.7,123.1,137.9,130.2,232.8,179.6,154.3,107.1,96.0,53.9,36.6,6.0,7.2,10.7,10.5,13.2,20.2,19.7,19.3,15.7,12.3,7.5,2.6,3.6,3.9,6.5,6.3,9.4,14.9,15.1,14.7,11.8,8.9,4.7,0.3,1.1,0.5,2.3,2.0,5.6,9.6,10.5,10.2,8.0,5.5,1.8,-1.8
Yorkshire and The Humber,1951,14.8,15.1,18.8,6.8,1.5,0.0,0.0,0.0,0.0,2.8,2.0,12.5,13.3,14.9,14.7,11.5,13.3,7.5,10.0,16.6,8.4,4.8,17.9,12.8,62.9,75.6,88.9,50.6,96.7,33.6,43.9,125.0,40.2,32.2,148.4,73.4,48.8,60.3,88.4,174.1,145.2,196.0,178.6,142.6,122.5,104.0,54.5,49.8,4.9,5.3,6.2,9.8,12.0,16.7,19.9,18.1,17.2,12.9,10.1,7.3,2.3,2.5,2.9,5.7,8.3,12.1,15.2,14.0,13.0,9.0,7.3,4.1,-0.2,-0.3,-0.4,1.6,4.5,7.3,10.5,9.8,8.9,5.2,4.4,0.9
Yorkshire and The Humber,1952,21.3,17.7,8.4,3.7,0.2,0.0,0.0,0.0,0.2,1.7,10.9,17.2,14.5,5.9,11.4,8.0,8.0,9.6,7.9,11.1,16.1,12.2,14.2,16.2,59.5,17.5,55.8,38.6,43.0,47.1,34.4,67.1,94.4,80.9,77.6,66.7,66.6,82.3,85.4,158.2,198.3,175.3,178.8,171.2,100.9,106.9,65.5,49.1,4.0,5.9,8.4,13.1,16.6,18.0,19.9,19.4,13.7,11.4,6.2,4.7,1.3,2.6,5.2,8.2,11.7,13.2,15.4,15.0,10.1,8.0,3.4,2.1,-1.4,-0.7,2.0,3.4,6.9,8.5,10.9,10.5,6.5,4.8,0.6,-0.4
Yorkshire and The Humber,1953,12.5,13.0,14.2,6.3,0.6,0.0,0.0,0.0,0.0,1.6,1.2,3.4,7.8,9.2,3.2,12.7,9.1,10.8,15.5,13.6,9.0,7.7,10.0,9.4,26.0,49.0,12.7,66.2,57.2,68.7,67.7,82.2,51.0,50.5,54.7,32.9,40.7,62.2,135.1,153.8,201.9,118.2,169.1,180.2,141.5,82.0,44.5,31.5,5.7,6.9,10.2,10.1,16.0,16.3,18.8,19.8,17.3,12.7,10.0,8.1,3.2,3.9,5.3,5.8,11.4,12.6,14.5,15.0,13.1,8.8,7.3,5.7,0.6,1.0,0.4,1.6,6.8,8.8,10.3,10.3,8.9,4.9,4.6,3.5
Yorkshire and The Humber,1954,16.5,18.0,8.5,6.1,0.2,0.0,0.0,0.0,0.8,1.2,4.6,8.4,11.2,13.6,10.6,3.6,11.7,11.1,12.8,19.6,15.8,16.2,17.2,11.5,58.6,60.2,49.3,11.7,87.8,56.8,59.0,139.0,73.7,118.2,122.0,72.5,43.4,43.8,87.1,147.2,141.4,129.8,135.9,102.9,158.5,84.4,66.5,45.5,4.7,3.9,7.6,11.0,14.3,15.9,17.3,17.1,15.9,14.1,8.9,8.0,2.1,1.0,4.4,6.6,10.0,12.2,13.2,13.4,11.5,10.7,5.7,5.3,-0.5,-1.8,1.1,2.3,5.9,8.5,9.2,9.6,7.1,7.3,2.7,2.7
Yorkshire and The Humber,1955,15.8,21.3,23.3,3.9,2.7,0.2,0.0,0.0,0.0,6.6,4.2,12.9,9.9,15.2,9.6,7.7,13.7,10.1,3.3,4.9,9.0,9.4,8.8,15.3,56.7,61.5,53.8,24.7,71.0,63.5,28.9,23.0,35.1,50.4,42.6,87.3,37.4,74.4,135.2,156.2,192.1,169.1,252.9,171.1,152.5,119.8,45.2,49.5,4.0,3.0,6.0,12.9,12.5,16.3,21.2,21.0,17.9,12.5,9.2,7.3,1.5,0.1,2.3,8.4,8.1,12.0,15.9,16.3,13.3,8.4,6.5,4.1,-0.9,-2.9,-1.4,3.9,3.8,7.7,10.7,11.7,8.7,4.3,3.8,1.1
Yorkshire and The Humber,1956,17.7,24.4,9.8,12.8,0.7,0.0,0.0,0.0,0.0,1.4,5.2,8.9,18.0,14.8,7.6,7.8,5.2,13.4,13.7,19.9,9.5,9.2,7.6,14.2,105.6,51.8,27.3,31.0,19.8,79.8,92.7,171.3,61.3,42.9,28.0,66.4,54.4,54.5,118.8,156.4,227.8,139.6,150.8,125.6,109.1,111.6,56.9,23.1,4.7,2.5,8.3,9.7,16.1,15.9,18.2,15.8,16.8,12.3,8.3,7.2,2.1,-0.6,4.8,5.3,10.8,11.7,14.5,12.1,13.0,8.7,5.4,4.8,-0.5,-3.6,1.2,0.8,5.5,7.6,10.7,8.4,9.2,5.1,2.6,2.4
Yorkshire and The Humber,1957,9.9,13.5,2.3,3.7,2.3,0.0,0.0,0.0,0.0,0.4,3.7,12.3,14.5,12.4,11.4,3.5,9.9,9.6,16.4,15.2,15.0,10.8,9.6,10.9,58.3,68.9,43.9,11.0,40.3,48.8,92.1,104.5,94.3,57.1,51.7,61.8,43.9,86.4,86.1,142.9,199.2,272.0,121.4,121.6,120.3,87.6,58.2,45.4,7.5,7.0,11.2,11.6,13.7,19.0,18.9,17.8,14.7,13.3,8.3,6.5,4.5,3.6,7.7,7.3,9.0,13.4,15.1,14.1,11.2,9.6,5.8,3.5,1.5,0.1,4.2,3.0,4.4,7.8,11.5,10.5,7.8,6.0,3.4,0.6
Yorkshire and The Humber,1958,16.7,15.6,18.4,7.8,1.0,0.0,0.0,0.0,0.0,0.1,7.5,10.4,11.9,15.0,11.2,7.1,15.3,16.5,15.1,14.5,12.6,10.8,5.6,15.2,64.6,99.8,61.0,33.9,77.0,93.3,98.9,70.3,65.0,50.4,21.6,93.5,59.4,64.1,105.0,144.0,161.2,118.3,166.9,138.5,128.2,106.7,50.8,32.1,4.9,6.1,5.2,10.5,14.2,16.1,18.8,19.1,17.6,13.4,8.4,6.2,1.9,2.9,2.1,6.3,9.7,12.1,14.6,14.9,13.7,9.7,5.3,3.6,-1.2,-0.2,-0.9,2.1,5.2,8.1,10.4,10.7,9.8,6.1,2.3,1.0
Yorkshire and The Humber,1959,24.3,11.7,1.6,2.2,0.9,0.0,0.0,0.0,0.0,0.3,6.2,3.3,11.7,2.5,8.5,11.1,3.4,8.9,8.4,2.9,2.5,10.3,14.8,19.5,68.1,11.4,37.0,61.4,14.5,43.2,51.9,16.2,13.9,54.1,99.8,112.9,81.9,49.7,82.8,154.2,216.0,213.4,216.3,196.1,165.2,132.4,46.1,27.4,3.4,6.7,9.5,12.6,15.8,18.7,21.1,21.2,18.7,15.6,9.0,7.3,0.3,3.8,6.1,8.3,10.8,13.8,16.0,16.2,13.5,11.3,5.9,4.7,-2.7,0.9,2.7,4.0,5.8,8.8,10.9,11.2,8.4,7.1,2.9,2.2
Yorkshire and The Humber,1960,15.7,16.7,4.3,2.8,0.6,0.0,0.0,0.0,0.0,0.4,4.2,14.8,18.0,12.3,9.6,8.5,4.5,5.3,16.5,15.6,12.3,22.1,18.3,14.9,123.0,68.3,42.7,31.0,35.5,21.5,107.0,83.0,66.8,166.3,103.1,87.7,36.0,77.4,58.7,148.5,191.8,248.4,139.0,152.9,108.1,51.8,54.5,46.7,5.6,5.8,7.1,12.4,15.9,19.8,18.3,18.2,16.0,12.1,8.7,5.6,2.9,2.7,4.7,8.0,11.2,14.6,14.0,14.0,12.2,9.4,5.7,3.1,0.3,-0.4,2.2,3.7,6.6,9.3,9.8,9.7,8.4,6.8,2.8,0.6
Yorkshire and The Humber,1961,15.6,3.7,3.3,2.0,0.5,0.0,0.0,0.0,0.0,0.2,7.2,21.7,17.2,9.8,4.1,14.1,7.2,7.2,9.5,14.5,10.6,17.0,10.6,12.2,98.8,44.9,20.3,68.7,39.8,40.1,75.9,78.8,56.5,93.7,44.5,74.3,43.5,63.3,130.1,96.4,180.8,185.1,127.3,177.2,124.3,105.9,67.6,44.8,4.9,8.5,11.8,12.1,13.7,18.3,17.7,18.6,18.3,13.3,8.2,4.2,2.3,5.5,7.5,8.4,9.6,13.5,13.7,14.1,13.9,9.6,5.3,1.2,-0.2,2.5,3.2,4.7,5.4,8.6,9.7,9.6,9.5,6.0,2.4,-1.7
Yorkshire and The Humber,1962,10.6,10.6,22.1,4.8,0.7,0.6,0.0,0.0,0.0,2.0,10.3,23.3,13.8,8.8,9.5,10.7,12.3,4.3,7.0,13.4,13.5,4.5,12.3,12.5,70.3,35.2,32.9,62.2,61.5,16.0,53.6,98.6,88.5,19.5,62.8,55.2,65.6,72.0,112.0,151.5,162.7,212.6,114.4,148.4,90.7,97.9,50.3,62.3,6.3,6.8,5.3,10.3,13.1,17.5,17.1,17.3,15.3,13.2,7.3,4.4,3.3,3.7,1.6,6.3,9.0,12.5,13.1,13.3,11.6,9.6,4.4,1.1,0.2,0.6,-2.0,2.4,5.1,7.5,9.2,9.3,8.0,5.9,1.5,-2.1
Yorkshire and The Humber,1963,26.4,27.9,9.3,2.5,0.3,0.0,0.0,0.0,0.0,0.1,4.0,12.5,10.0,8.9,13.0,13.6,11.0,13.5,11.2,16.8,8.6,9.4,19.1,8.2,45.5,38.2,65.3,55.3,40.7,83.2,48.0,116.2,54.8,42.9,126.8,31.0,55.6,66.5,98.8,114.7,183.8,179.8,172.7,109.0,155.5,92.3,42.6,36.0,1.2,1.1,8.0,10.7,13.7,17.3,18.4,16.7,16.3,13.2,9.3,4.9,-1.2,-1.7,4.5,7.0,9.2,13.1,13.8,12.9,11.9,9.6,6.6,2.4,-3.6,-4.5,1.0,3.4,4.8,8.9,9.2,9.2,7.6,6.1,3.9,-0.1
Yorkshire and The Humber,1964,13.9,11.6,10.9,1.3,0.0,0.0,0.0,0.0,0.3,3.3,6.4,18.1,6.2,5.8,13.0,11.6,7.6,13.2,7.6,10.6,7.7,7.3,8.8,12.5,25.8,25.3,90.2,51.9,28.6,67.7,39.3,58.3,31.8,32.5,32.5,68.8,56.2,60.0,43.0,113.5,202.9,135.9,173.1,169.5,159.3,101.7,60.7,44.1,5.4,6.2,4.9,11.8,16.5,16.6,19.2,18.9,17.7,11.8,9.4,5.5,2.6,3.4,2.8,8.0,11.7,12.6,14.7,14.3,12.8,7.9,6.2,2.3,-0.1,0.7,0.8,4.3,7.1,8.5,10.2,9.8,8.0,4.0,3.0,-0.9
Yorkshire and The Humber,1965,16.6,11.6,15.3,4.2,1.3,0.0,0.0,0.0,0.0,0.2,15.5,13.0,15.7,7.4,10.2,13.1,12.3,9.8,13.3,11.7,15.8,5.0,18.3,16.9,76.8,28.6,57.5,66.1,56.6,50.9,81.1,66.4,135.6,31.6,132.6,97.2,64.4,34.0,117.5,153.4,155.8,171.4,97.8,157.7,85.4,93.3,62.7,50.8,5.1,5.3,7.7,11.4,14.4,17.7,16.3,17.9,15.1,13.6,6.0,5.4,2.4,2.9,3.7,7.0,10.2,13.2,12.5,13.5,11.6,9.9,3.3,2.7,-0.3,0.5,-0.2,2.6,6.0,8.6,8.7,9.1,8.2,6.3,0.6,0.0
Yorkshire and The Humber,1966,16.3,11.3,6.8,6.0,0.4,0.0,0.0,0.0,0.0,1.1,8.1,10.6,12.2,16.1,6.6,15.2,10.5,12.2,12.6,13.8,8.1,14.4,15.5,13.7,47.3,113.0,25.8,86.7,58.5,80.7,66.4,113.7,42.8,90.8,72.0,74.0,25.4,36.2,116.4,86.8,203.2,138.8,168.4,144.3,115.2,71.8,51.7,49.8,3.9,6.1,9.3,8.3,14.7,18.3,17.9,17.4,16.7,12.3,7.6,6.5,1.8,3.6,5.6,5.4,9.9,13.9,13.7,13.5,12.9,9.0,4.7,3.6,-0.3,1.1,1.9,2.5,5.2,9.6,9.5,9.6,9.1,5.8,1.8,0.7
Yorkshire and The Humber,1967,12.5,6.9,3.6,3.6,2.3,0.0,0.0,0.0,0.0,0.3,9.4,14.2,9.8,10.9,9.0,8.5,21.4,5.8,8.4,11.8,12.7,15.6,10.4,11.6,39.2,72.9,43.1,42.6,128.7,38.4,62.0,82.2,66.0,121.0,80.4,50.3,65.1,77.4,147.5,116.2,136.2,209.4,189.1,141.8,106.0,103.7,62.0,59.0,5.8,7.3,9.5,10.6,12.6,17.6,20.0,18.8,16.2,12.8,7.7,6.0,3.1,4.5,6.2,6.9,8.7,12.7,15.5,14.6,12.5,9.5,4.3,3.1,0.5,1.7,2.9,3.1,4.9,7.9,10.9,10.3,8.8,6.3,1.0,0.3
Yorkshire and The Humber,1968,15.0,22.0,8.1,10.0,1.8,0.0,0.0,0.0,0.0,0.0,3.4,15.5,10.7,7.9,9.6,9.5,11.8,10.7,11.3,10.0,15.0,11.5,13.4,10.9,46.5,41.9,60.7,52.8,61.3,63.3,102.7,59.1,121.7,75.7,77.4,72.8,40.9,64.3,104.0,183.3,143.5,200.4,107.1,126.4,108.8,63.0,32.9,31.5,6.0,3.8,9.3,11.8,12.3,18.2,16.9,17.8,16.3,14.2,7.8,4.5,3.2,1.0,5.5,7.1,8.3,13.4,13.3,14.1,12.6,11.3,5.7,2.3,0.4,-1.7,1.8,2.5,4.3,8.6,9.7,10.4,9.0,8.4,3.6,0.2
Yorkshire and The Humber,1969,9.8,20.9,16.9,8.9,0.4,0.1,0.0,0.0,0.1,0.1,13.6,15.5,11.5,14.0,11.8,12.3,17.2,9.3,7.4,9.9,7.0,5.5,15.4,13.6,75.8,66.8,75.5,67.6,87.4,72.5,53.7,48.6,51.6,17.4,127.4,66.4,31.5,61.2,65.1,161.2,123.7,238.1,206.6,136.0,100.3,95.3,67.1,25.0,6.7,2.2,4.4,10.3,13.4,17.6,20.5,19.2,16.7,15.4,6.9,4.8,4.1,-0.3,2.0,6.0,9.6,12.6,15.7,15.2,12.8,11.7,3.8,2.3,1.6,-2.7,-0.5,1.8,5.8,7.6,10.9,11.2,9.0,8.1,0.7,-0.1
Yorkshire and The Humber,1970,12.5,17.5,18.3,11.3,0.1,0.0,0.0,0.0,0.0,0.7,5.1,10.7,17.0,13.0,12.1,14.4,4.5,5.9,12.5,8.1,7.6,9.9,17.1,13.4,84.0,59.7,48.0,74.8,17.0,30.2,77.2,65.1,38.6,52.7,110.7,58.6,31.8,98.2,118.7,137.2,178.7,242.9,144.0,171.0,126.6,100.1,55.2,44.4,4.7,4.8,6.5,9.3,15.8,19.6,18.3,19.4,17.4,13.5,8.9,6.1,2.3,1.6,2.8,5.6,11.2,14.4,14.3,15.0,13.3,9.6,5.9,3.6,-0.1,-1.5,-0.8,1.8,6.6,9.1,10.2,10.6,9.3,5.7,2.9,1.3
Yorkshire and The Humber,1971,10.7,10.3,11.2,5.3,1.7,0.1,0.0,0.0,0.0,1.9,12.1,5.3,12.6,5.6,11.8,5.5,9.1,11.6,6.6,12.7,5.0,7.2,11.9,7.8,65.8,24.9,62.3,51.5,43.3,63.2,44.8,117.5,20.1,41.4,76.1,30.2,33.3,66.6,85.0,107.0,221.6,124.2,209.2,125.5,153.5,117.7,69.7,33.7,6.0,7.1,7.5,10.1,15.1,14.6,20.4,18.3,17.7,14.3,8.2,8.3,3.4,3.9,4.3,6.5,10.2,11.0,15.5,14.4,13.1,10.3,5.1,5.8,0.9,0.7,1.1,2.8,5.3,7.3,10.6,10.4,8.6,6.4,2.0,3.4
Yorkshire and The Humber,1972,11.3,8.8,8.0,1.2,0.2,0.0,0.0,0.0,0.4,0.9,8.8,8.3,17.9,11.7,13.6,11.2,14.4,15.1,8.4,5.6,4.3,4.1,12.8,9.9,94.7,54.8,65.0,48.9,62.6,70.5,48.3,25.4,35.2,17.6,75.4,57.5,37.9,33.4,115.6,114.6,157.8,149.5,152.9,179.2,103.4,89.4,65.5,32.0,5.1,5.5,8.8,11.0,13.7,15.4,18.3,18.4,14.7,13.3,8.2,7.0,2.9,3.1,5.1,7.4,9.7,11.1,14.0,13.9,10.6,9.5,5.2,4.2,0.8,0.7,1.3,3.8,5.7,6.9,9.7,9.5,6.6,5.7,2.1,1.4
Yorkshire and The Humber,1973,9.8,13.0,9.7,6.4,1.7,0.0,0.0,0.0,0.0,3.2,12.2,14.3,7.6,6.1,4.1,12.2,12.7,6.7,11.4,9.3,9.7,9.9,6.1,9.5,34.0,24.0,15.4,66.4,67.5,56.9,102.7,60.7,61.6,47.4,28.1,51.1,36.8,96.6,115.4,140.1,168.9,211.9,132.7,166.4,127.9,76.8,89.8,54.3,6.0,7.0,10.1,9.8,14.1,18.8,18.8,19.2,16.8,11.6,7.8,6.6,3.6,3.6,5.8,5.8,9.9,14.0,14.7,14.7,12.8,8.1,4.5,3.5,1.3,0.2,1.5,1.9,5.8,9.1,10.5,10.3,8.8,4.6,1.2,0.3
Yorkshire and The Humber,1974,6.8,8.1,8.2,5.2,1.2,0.2,0.0,0.0,0.7,1.7,5.5,3.5,14.2,12.3,11.4,3.0,6.8,8.9,11.6,10.6,15.0,16.0,14.2,12.7,80.6,61.7,46.7,18.9,25.0,46.0,74.7,68.0,81.2,102.3,83.3,62.6,55.0,62.3,90.3,120.2,199.3,176.9,151.9,173.5,124.5,75.4,57.7,53.4,7.6,7.4,7.5,9.8,14.6,16.7,18.2,18.8,14.9,9.8,8.2,9.3,4.6,4.5,4.4,6.0,9.9,12.2,13.9,14.1,11.0,6.8,5.2,6.5,1.6,1.6,1.2,2.2,5.2,7.7,9.6,9.6,7.2,3.9,2.3,3.8
Yorkshire and The Humber,1975,7.1,10.4,12.0,5.8,2.2,0.3,0.0,0.0,0.1,1.0,10.0,9.0,15.2,5.5,13.0,15.0,7.2,5.3,11.2,5.9,12.2,5.0,12.3,6.8,74.8,24.0,63.5,65.4,49.8,28.2,61.0,55.3,66.9,27.3,50.6,46.3,42.0,44.2,95.6,117.9,188.9,245.2,182.1,228.2,135.3,91.4,73.2,54.4,8.3,6.2,6.8,11.1,12.1,18.3,20.5,22.6,16.4,12.5,8.3,7.4,5.3,3.4,3.7,7.3,8.1,12.9,15.9,17.4,12.1,8.9,5.0,4.5,2.4,0.6,0.6,3.5,4.0,7.5,11.4,12.1,7.8,5.3,1.8,1.7
Yorkshire and The Humber,1976,10.9,8.9,13.2,4.9,0.0,0.0,0.0,0.0,0.1,0.1,9.2,20.6,10.9,7.6,9.2,5.2,15.4,3.4,5.3,2.9,13.9,21.7,9.0,12.8,65.9,28.3,36.0,25.0,83.3,11.6,25.1,19.7,159.3,140.5,38.6,72.2,48.7,47.2,99.0,123.3,131.7,242.3,257.5,228.1,84.2,67.7,65.2,54.9,7.1,6.3,6.9,10.6,14.6,20.8,22.2,21.1,15.7,12.7,7.9,3.4,4.6,3.8,3.8,6.8,10.4,15.4,16.5,15.5,12.1,9.7,4.8,1.1,2.0,1.3,0.7,3.1,6.3,10.0,10.7,10.0,8.6,6.7,1.7,-1.1
Yorkshire and The Humber,1977,17.3,8.2,5.4,6.6,1.9,0.1,0.0,0.0,0.0,0.0,7.5,4.6,14.0,16.4,13.8,12.1,8.3,10.6,5.7,10.9,7.1,9.1,15.6,10.9,96.6,101.5,59.9,44.5,51.4,77.3,19.6,63.8,29.1,48.0,86.8,70.6,50.9,57.3,85.7,160.0,210.8,163.5,168.4,150.0,100.6,93.7,79.8,39.2,4.0,5.9,9.0,10.1,13.1,15.3,18.6,18.1,15.9,13.9,8.1,7.2,1.4,3.3,5.7,6.2,8.9,11.2,14.3,14.0,12.1,10.5,5.2,4.9,-1.1,0.7,2.4,2.3,4.8,7.1,10.1,10.0,8.4,7.2,2.4,2.7
Yorkshire and The Humber,1978,18.0,17.9,6.4,7.1,0.1,0.1,0.0,0.0,0.0,0.3,6.0,14.6,15.3,15.8,12.5,7.9,7.0,10.1,12.2,13.9,10.8,5.4,8.6,20.5,99.5,76.4,54.2,43.1,44.4,58.7,77.3,79.4,57.9,21.2,45.1,178.1,46.3,50.9,113.6,97.0,195.5,163.5,139.5,108.9,124.1,86.6,72.1,21.4,4.4,3.6,9.4,8.5,14.3,16.9,17.5,17.6,16.6,14.3,10.5,5.0,1.8,0.9,5.7,5.2,9.9,12.5,13.4,13.8,12.9,10.9,7.3,2.6,-0.8,-1.8,2.1,1.9,5.4,8.1,9.3,10.2,9.3,7.5,4.2,0.2
Yorkshire and The Humber,1979,26.4,22.8,12.8,4.9,5.2,0.0,0.0,0.0,0.5,0.6,7.8,8.9,10.7,8.3,16.3,13.9,16.7,7.7,5.8,13.3,6.7,10.7,11.7,18.1,61.9,48.3,120.1,49.0,110.7,33.3,32.6,87.3,36.9,65.6,77.7,123.7,50.9,56.5,86.6,110.1,163.8,184.7,167.0,148.6,161.7,94.7,71.1,48.9,2.0,2.6,6.4,10.0,13.1,17.5,19.4,18.0,16.8,13.5,8.8,6.8,-1.0,0.4,3.5,6.4,8.8,13.0,14.9,13.8,12.3,10.1,5.4,4.3,-4.0,-1.9,0.5,2.9,4.5,8.5,10.3,9.6,8.0,6.7,2.1,2.0
Yorkshire and The Humber,1980,19.1,6.4,12.1,3.8,1.6,0.0,0.0,0.0,0.0,3.5,6.2,10.4,13.2,12.8,14.9,3.6,4.9,16.8,9.8,11.7,9.0,16.0,17.3,11.9,78.1,72.3,92.2,12.3,26.7,126.2,51.1,103.7,37.7,104.3,82.6,56.4,46.6,34.5,84.2,162.1,220.1,146.8,136.1,131.2,127.7,105.0,49.9,45.8,3.8,6.8,6.6,11.9,14.1,16.9,17.6,18.6,17.5,11.4,8.4,7.6,1.5,4.3,3.4,7.5,9.4,12.8,13.5,14.5,13.6,7.8,5.8,4.7,-0.9,1.7,0.3,3.2,4.6,8.8,9.4,10.5,9.8,4.3,3.3,1.8
Yorkshire and The Humber,1981,14.6,17.6,5.9,4.7,2.1,0.0,0.0,0.0,0.0,5.1,4.5,23.7,11.9,6.6,19.1,8.9,13.6,9.1,9.7,5.5,12.6,14.2,11.4,10.1,40.8,48.4,125.4,71.7,59.9,37.7,56.1,43.1,105.6,94.0,61.0,58.5,52.6,64.0,63.8,134.7,168.2,165.4,159.3,170.3,154.1,133.6,57.2,46.8,6.5,5.1,9.4,10.1,14.8,16.4,18.9,19.6,18.0,10.8,9.7,2.2,3.5,2.4,6.3,6.4,10.4,12.4,14.6,15.0,13.6,7.0,6.4,-0.8,0.5,-0.4,3.2,2.8,6.0,8.4,10.3,10.5,9.3,3.4,3.2,-3.8
Yorkshire and The Humber,1982,15.2,10.1,7.9,4.0,2.3,0.0,0.0,0.0,0.0,1.2,5.8,15.9,10.8,6.1,11.4,3.4,7.0,14.3,3.8,13.2,10.4,15.8,15.1,10.6,70.1,24.2,71.5,13.8,36.3,130.3,28.3,75.1,55.6,85.6,87.9,69.3,53.9,56.8,145.7,163.7,223.8,124.3,166.9,158.8,150.1,59.4,54.5,45.1,4.7,7.0,8.9,12.3,15.4,17.3,19.3,19.0,17.6,12.2,9.2,6.0,1.5,3.9,5.1,7.7,10.2,13.5,15.1,14.8,13.1,9.1,6.5,2.9,-1.7,0.9,1.3,3.0,5.1,9.7,10.9,10.6,8.7,6.1,3.9,-0.1
Yorkshire and The Humber,1983,6.0,20.7,4.7,8.4,0.1,0.0,0.0,0.0,0.1,4.2,6.5,8.3,12.4,9.9,13.0,15.0,17.5,6.3,5.2,4.5,12.1,11.7,6.6,14.6,61.6,46.3,60.3,100.3,98.9,34.8,38.0,25.9,79.8,58.2,39.3,106.9,58.9,65.0,84.4,122.2,108.0,160.3,196.4,189.0,111.1,109.5,43.9,44.0,8.2,3.6,8.7,9.2,12.2,16.8,22.2,20.7,16.1,12.9,9.0,7.4,5.4,1.0,5.5,5.4,8.7,12.6,17.0,15.8,12.4,9.3,6.4,4.6,2.5,-1.6,2.3,1.6,5.2,8.3,11.9,11.0,8.8,5.8,3.9,1.9
Yorkshire and The Humber,1984,17.9,13.6,8.1,9.0,2.5,0.0,0.0,0.0,0.0,0.3,0.8,9.7,17.7,9.3,12.2,4.5,6.6,8.3,5.3,7.8,14.3,11.5,17.4,11.7,113.2,42.0,71.4,13.8,43.4,43.9,23.0,60.2,103.2,60.0,132.6,42.7,60.2,54.9,48.4,200.2,178.4,180.2,213.2,188.9,98.6,106.8,44.6,48.0,4.8,5.3,6.4,11.6,12.9,17.4,20.6,20.7,15.7,13.8,9.4,6.9,2.1,2.6,3.8,6.7,8.5,13.0,15.3,15.8,12.4,10.1,7.1,4.2,-0.7,-0.1,1.2,1.8,4.0,8.7,10.1,11.0,9.2,6.4,4.8,1.5
Yorkshire and The Humber,1985,24.1,17.4,14.1,3.3,0.2,0.0,0.0,0.0,0.0,0.1,14.7,8.5,17.8,2.2,13.5,12.4,10.7,13.6,13.4,16.6,8.3,5.4,16.3,14.9,79.3,8.1,66.6,62.7,71.8,62.5,80.0,96.3,53.4,32.4,80.4,85.1,38.0,71.4,110.0,110.6,137.1,164.1,163.0,145.9,115.8,104.2,84.5,34.4,3.0,4.8,7.3,11.0,13.2,15.4,19.1,17.6,17.6,13.9,6.0,7.4,0.5,1.7,3.7,7.3,9.4,11.2,14.8,13.7,13.3,10.4,2.9,4.9,-2.0,-1.3,0.2,3.6,5.6,7.0,10.6,9.8,9.1,6.9,-0.1,2.4
Yorkshire and The Humber,1986,16.0,24.2,10.7,8.1,0.1,0.0,0.0,0.0,0.7,0.2,1.4,9.1,16.5,8.0,12.7,15.6,13.5,6.8,7.9,13.8,2.5,11.1,12.5,16.8,85.7,37.2,57.0,95.2,88.7,36.2,40.5,122.0,21.5,60.1,68.4,108.3,60.2,63.9,123.5,113.2,196.5,198.4,161.6,118.9,184.4,123.7,76.7,49.2,4.8,1.0,7.8,8.3,14.6,17.6,19.3,16.2,15.4,13.5,9.9,7.6,2.2,-1.3,4.1,4.8,10.4,13.0,14.8,12.3,10.6,9.6,6.7,4.7,-0.4,-3.6,0.5,1.3,6.1,8.4,10.4,8.5,5.8,5.8,3.5,1.8
Yorkshire and The Humber,1987,20.4,15.7,16.5,0.8,1.1,0.0,0.0,0.0,0.2,2.3,3.3,7.5,7.8,9.2,12.2,8.5,10.9,17.3,11.4,11.2,9.2,14.4,11.9,9.1,42.8,47.8,84.2,61.4,42.7,95.7,74.5,82.6,58.9,116.1,63.1,48.0,48.9,67.0,97.1,145.2,175.6,102.1,153.8,126.6,157.1,96.5,49.8,26.7,2.8,5.9,6.4,13.1,12.8,15.0,18.6,18.2,16.5,11.9,8.2,7.5,0.5,2.7,3.2,8.8,8.6,11.3,14.7,14.4,12.3,8.4,5.7,5.1,-1.9,-0.4,-0.1,4.5,4.4,7.7,10.7,10.6,8.2,4.9,3.2,2.7
Yorkshire and The Humber,1988,8.1,9.9,9.8,5.1,0.2,0.0,0.0,0.0,0.2,2.4,11.0,1.2,16.2,11.5,16.2,7.9,12.3,5.5,19.5,12.9,8.8,12.6,7.4,7.2,103.1,54.3,75.9,32.3,54.9,30.9,133.3,65.1,47.1,78.7,58.1,35.4,47.4,107.5,96.7,112.4,182.9,178.9,143.8,181.7,142.7,92.9,89.3,54.0,6.6,6.9,8.3,10.8,14.4,17.4,17.8,18.8,16.0,12.5,8.0,9.0,4.0,3.9,4.9,7.1,10.1,13.1,14.0,14.5,12.2,9.4,4.6,6.4,1.3,0.9,1.5,3.4,5.8,8.9,10.2,10.2,8.4,6.3,1.2,3.7
Yorkshire and The Humber,1989,4.6,8.3,7.4,6.8,0.4,0.1,0.0,0.0,0.0,0.0,6.8,9.4,5.8,9.6,13.3,14.4,4.2,8.3,5.7,8.6,5.1,12.6,6.7,10.8,25.8,57.1,59.6,65.0,16.9,57.3,29.5,51.7,23.0,61.9,38.6,80.8,61.6,96.4,113.8,122.5,253.6,227.8,247.3,219.1,129.8,91.7,76.3,29.4,8.4,8.3,10.1,8.9,16.4,18.4,21.7,20.3,17.5,14.2,8.6,6.3,5.5,4.9,6.1,5.4,11.3,13.1,16.5,15.4,13.3,10.6,5.7,3.7,2.6,1.5,2.1,1.9,6.2,7.9,11.3,10.5,9.2,7.0,2.9,1.2
Yorkshire and The Humber,1990,4.4,4.1,5.0,7.2,0.1,0.0,0.0,0.0,0.0,0.3,4.3,7.7,15.4,15.1,5.0,6.9,6.9,14.5,6.1,7.7,8.6,12.3,12.3,13.2,86.6,99.5,20.7,21.6,36.4,71.5,30.9,43.8,41.9,75.3,54.6,100.6,58.5,72.6,132.3,196.3,214.9,113.8,236.0,209.4,123.6,86.3,51.5,41.2,8.2,9.1,11.3,11.9,16.0,16.7,20.3,22.1,15.9,13.9,8.6,6.4,5.4,6.1,7.6,7.1,11.0,12.6,15.1,17.0,11.9,10.8,6.0,3.8,2.5,3.1,3.8,2.3,5.9,8.5,9.9,12.0,7.8,7.6,3.5,1.3
Yorkshire and The Humber,1991,18.9,19.0,4.5,5.4,0.7,0.3,0.0,0.0,0.1,0.7,7.5,12.5,11.4,12.0,10.9,8.7,4.0,16.1,8.4,5.4,7.8,10.0,12.4,6.7,64.7,84.4,59.3,39.2,16.3,64.2,37.6,23.6,47.8,56.5,78.8,50.7,73.7,49.8,66.8,148.7,128.1,143.1,185.1,196.1,167.8,76.6,57.0,49.0,4.9,4.2,10.1,10.7,13.6,15.2,21.0,21.1,18.1,12.2,8.6,7.0,2.1,1.4,6.8,6.9,9.8,11.1,16.4,16.1,13.2,9.3,5.4,3.8,-0.7,-1.4,3.5,3.0,6.0,7.0,11.8,11.2,8.4,6.3,2.3,0.6
Yorkshire and The Humber,1992,16.1,8.4,3.4,2.2,0.6,0.0,0.0,0.0,0.0,5.4,6.3,15.0,5.6,8.2,13.8,13.1,6.4,5.1,10.9,13.0,13.8,10.7,15.2,8.1,39.0,34.9,84.7,70.8,28.3,27.1,83.9,91.2,91.7,74.5,86.4,61.0,59.7,78.0,89.7,119.6,233.8,193.8,161.9,174.5,109.4,85.5,66.4,36.4,6.0,8.2,9.6,11.6,16.7,19.4,19.3,18.8,15.7,9.9,9.4,5.4,3.1,4.8,6.3,7.7,11.7,14.6,15.1,14.4,12.1,6.7,5.9,2.7,0.1,1.4,2.9,3.9,6.7,9.8,10.9,10.1,8.5,3.4,2.4,0.0
Yorkshire and The Humber,1993,8.6,6.8,9.0,2.0,0.6,0.0,0.0,0.0,0.2,5.5,12.3,12.6,14.9,4.7,5.0,13.0,9.7,9.1,12.7,10.6,12.6,11.1,9.6,17.7,79.0,17.4,17.5,102.8,81.5,42.3,61.0,71.7,114.3,76.3,68.1,104.3,43.2,49.0,111.5,104.5,163.0,176.0,166.6,162.2,89.8,93.2,41.7,49.5,7.6,7.0,9.4,11.6,13.9,17.9,18.5,17.8,14.8,10.7,6.2,6.4,4.4,4.4,5.6,8.1,9.9,13.3,14.3,13.4,11.4,7.5,3.7,3.7,1.1,1.9,1.7,4.6,5.9,8.8,10.0,9.0,8.0,4.4,1.2,1.1
Yorkshire and The Humber,1994,11.6,17.0,3.7,3.8,0.7,0.0,0.0,0.0,0.0,0.9,2.1,8.5,16.0,10.5,13.4,12.1,6.9,7.6,7.7,9.0,12.5,10.9,11.9,14.3,98.4,61.0,62.4,54.5,37.3,27.6,50.1,61.9,87.9,64.8,70.7,98.2,63.7,61.6,123.5,170.7,157.0,208.6,204.2,165.8,111.8,95.6,57.0,57.0,6.4,4.6,9.8,11.1,12.8,18.0,21.7,18.8,15.1,12.5,11.3,8.0,3.7,1.8,6.3,7.2,9.0,13.5,16.5,14.6,11.5,8.9,8.4,5.0,1.0,-1.0,2.9,3.4,5.2,8.9,11.3,10.4,7.9,5.4,5.6,2.0
Yorkshire and The Humber,1995,15.7,6.5,15.7,6.5,2.5,0.0,0.0,0.0,0.3,0.6,5.6,16.5,14.4,14.2,12.9,5.6,10.0,7.9,6.4,3.1,13.7,7.2,12.1,12.4,107.6,81.2,52.1,26.7,43.8,25.6,25.5,8.8,98.4,34.6,81.8,70.5,55.1,87.5,153.9,168.5,195.2,183.5,219.6,250.9,125.7,126.2,56.6,35.7,6.1,8.2,8.0,11.8,15.3,16.8,22.2,22.5,16.4,15.8,9.6,4.0,3.0,5.1,4.2,7.6,10.4,12.4,17.0,17.0,12.6,11.9,6.8,1.5,-0.1,2.0,0.5,3.4,5.7,8.0,11.8,11.4,8.7,8.0,4.0,-0.9
Yorkshire and The Humber,1996,7.7,19.7,10.4,6.5,3.6,0.0,0.0,0.0,0.0,0.1,14.2,14.5,9.1,13.7,6.9,7.6,9.6,6.0,8.1,10.7,5.3,12.2,14.8,11.4,42.3,70.9,24.9,40.2,43.0,24.4,42.3,65.8,23.7,55.3,99.6,80.9,14.2,81.3,45.1,122.8,185.3,223.3,210.3,178.3,112.4,112.8,84.8,41.9,4.8,4.9,5.3,11.4,12.3,18.2,20.2,20.3,16.2,14.2,7.7,4.8,3.3,1.9,3.1,7.3,8.1,13.0,15.2,15.5,12.6,10.4,4.6,2.4,1.7,-1.0,0.9,3.2,3.9,7.8,10.1,10.9,8.9,6.6,1.5,0.1
Yorkshire and The Humber,1997,20.8,5.0,3.7,4.5,2.4,0.0,0.0,0.0,0.0,4.7,1.8,6.4,4.7,13.7,6.8,5.0,10.9,17.1,11.7,10.2,6.5,8.0,14.7,15.1,15.3,87.2,24.4,17.9,61.9,148.0,63.0,65.3,23.4,44.0,74.3,96.6,42.1,84.9,132.3,133.2,217.8,128.7,207.3,187.0,157.4,112.2,37.8,32.2,4.8,8.8,11.3,12.2,14.8,16.3,20.3,22.1,17.0,12.7,10.1,7.5,2.1,5.6,7.3,7.8,9.9,12.6,15.6,17.4,12.7,9.0,7.5,4.9,-0.7,2.3,3.4,3.5,5.1,8.9,10.9,12.6,8.5,5.2,4.9,2.4
Yorkshire and The Humber,1998,8.8,4.6,6.2,4.5,0.1,0.0,0.0,0.0,0.0,1.8,8.7,10.8,15.0,3.9,11.9,19.4,8.2,15.3,12.9,8.2,10.7,17.6,13.6,14.0,96.2,15.1,70.6,121.7,54.1,107.8,60.2,48.9,59.1,118.0,72.9,60.6,43.8,84.8,80.1,115.6,177.4,129.5,146.2,166.2,95.0,110.9,68.1,39.9,6.8,10.2,10.5,10.3,15.6,16.9,18.6,18.9,16.8,12.6,7.9,7.5,4.1,7.0,6.8,6.9,11.4,13.1,14.5,14.7,13.4,9.2,4.7,4.4,1.5,3.8,3.1,3.5,7.1,9.3,10.4,10.5,10.0,5.9,1.5,1.3
Yorkshire and The Humber,1999,7.5,9.6,3.2,4.2,0.0,0.0,0.0,0.0,0.0,0.7,2.6,13.5,16.3,7.3,14.6,10.9,11.5,12.6,5.2,12.1,11.8,9.6,10.5,17.1,97.4,33.6,91.4,57.9,55.3,83.9,23.0,85.5,77.8,68.0,54.8,95.7,63.4,97.6,104.9,149.5,162.9,160.7,213.2,140.0,157.4,104.8,64.1,65.2,7.3,7.3,9.9,12.4,15.9,17.1,21.0,19.2,19.3,13.3,9.8,6.2,4.4,4.2,6.5,8.4,11.7,12.7,16.3,15.0,14.8,9.9,7.0,3.2,1.6,1.1,3.0,4.4,7.6,8.4,11.5,10.8,10.3,6.5,4.2,0.3
Yorkshire and The Humber,2000,8.8,6.5,6.4,4.9,0.1,0.0,0.0,0.0,0.0,0.6,2.1,10.7,9.1,13.5,6.7,18.2,11.8,8.4,10.5,12.1,14.8,16.0,16.2,14.2,49.4,54.7,31.7,138.5,73.5,59.8,58.0,60.1,112.5,123.1,151.1,87.8,77.5,96.7,122.2,130.8,194.6,157.5,130.4,188.9,100.1,100.9,60.7,53.6,7.3,8.3,10.3,10.9,15.0,17.7,17.7,20.3,17.4,12.8,8.7,6.8,4.3,5.1,6.6,7.0,10.6,13.5,13.8,15.6,13.6,9.3,5.8,4.3,1.3,1.9,2.9,3.2,6.1,9.3,9.9,10.8,9.8,5.8,3.0,1.9
Yorkshire and The Humber,2001,16.8,16.9,12.5,4.3,0.8,0.1,0.0,0.0,0.0,0.0,5.4,18.2,9.4,12.5,11.1,16.9,6.1,8.2,9.2,13.9,14.6,14.3,10.6,10.8,44.1,96.3,52.6,87.9,25.7,56.5,59.4,78.9,94.0,91.8,51.0,49.1,72.7,94.2,109.4,124.3,249.5,163.4,175.0,170.4,97.5,110.1,61.6,64.6,5.2,6.9,7.3,10.3,16.1,17.0,20.2,20.3,15.8,15.6,10.1,6.1,2.4,3.3,3.8,6.5,11.1,12.7,15.8,15.8,12.3,12.5,6.6,2.9,-0.3,-0.3,0.3,2.6,6.2,8.3,11.4,11.2,8.9,9.3,3.2,-0.2
Yorkshire and The Humber,2002,10.1,5.7,6.2,4.3,0.1,0.0,0.0,0.0,0.0,3.1,0.6,5.0,11.6,17.5,8.4,7.0,14.1,10.3,13.6,10.1,4.1,14.9,16.8,16.6,57.9,105.6,40.2,32.2,62.5,54.2,91.8,88.3,31.0,123.2,106.9,108.8,42.9,80.0,121.4,190.2,162.9,163.0,153.6,146.3,130.0,91.1,48.8,29.2,7.5,9.0,10.5,12.9,15.0,17.9,19.3,20.4,17.4,12.2,9.7,6.4,4.4,5.7,6.4,8.2,11.0,13.5,14.8,16.3,13.3,8.7,7.0,4.6,1.3,2.4,2.4,3.5,7.1,9.2,10.3,12.2,9.2,5.2,4.2,2.8
Yorkshire and The Humber,2003,11.8,15.7,8.5,4.9,0.1,0.0,0.0,0.0,0.1,2.7,3.7,14.9,16.6,5.1,5.5,6.8,15.0,10.6,10.3,3.5,6.9,9.1,12.1,10.8,82.6,24.4,28.1,32.0,67.6,83.8,53.2,17.0,43.2,46.0,58.6,77.1,57.6,99.8,168.2,192.4,187.4,212.0,180.4,208.7,162.7,129.1,65.8,61.2,6.4,6.6,11.4,13.5,15.8,19.9,20.9,21.4,18.7,12.3,10.3,7.0,3.9,3.0,6.6,8.6,11.4,15.0,16.6,16.5,13.5,8.4,7.2,3.9,1.4,-0.5,1.8,3.7,7.0,10.3,12.2,11.6,8.2,4.6,4.1,0.8
Yorkshire and The Humber,2004,9.8,11.1,5.4,0.9,0.4,0.0,0.0,0.0,0.0,0.0,6.0,10.2,17.9,11.3,10.8,13.0,6.9,12.3,15.0,16.8,8.6,18.5,8.7,7.3,107.0,52.4,42.3,84.3,30.3,73.1,81.5,166.1,36.2,126.6,35.6,38.0,46.0,91.5,104.7,116.1,209.7,179.7,164.7,158.4,156.3,92.1,50.2,63.1,6.9,7.5,9.3,12.6,15.8,18.8,19.2,20.3,17.6,12.8,9.7,7.8,4.2,4.7,5.7,8.8,11.1,14.3,14.8,16.4,13.5,9.6,6.9,4.6,1.5,2.0,2.1,4.9,6.3,9.8,10.4,12.5,9.4,6.5,4.0,1.4
Yorkshire and The Humber,2005,6.5,9.6,8.3,3.5,1.1,0.0,0.0,0.0,0.1,0.0,11.6,11.5,11.7,12.1,9.5,11.9,11.0,9.4,8.0,11.3,9.5,12.5,12.2,10.8,62.0,60.9,47.3,77.9,43.6,50.2,77.6,63.0,62.2,89.1,72.0,45.5,55.7,72.5,66.0,151.0,217.1,181.8,167.4,183.0,153.8,58.3,100.0,57.8,8.1,6.5,9.4,12.0,14.8,18.9,19.8,19.9,18.3,14.9,9.1,6.8,5.1,3.8,6.4,7.8,10.3,14.3,15.6,15.1,14.1,11.9,5.7,3.8,2.1,1.1,3.3,3.6,5.8,9.7,11.3,10.4,9.9,9.0,2.2,0.8
Yorkshire and The Humber,2006,9.4,9.1,14.2,3.9,0.3,0.0,0.0,0.0,0.0,0.0,2.7,7.7,6.5,11.0,15.6,9.5,14.4,4.5,5.7,16.1,10.9,15.0,13.4,12.4,29.1,49.5,85.9,38.9,96.1,18.6,30.6,106.8,73.0,82.6,67.0,89.0,45.3,64.2,93.0,170.4,192.7,200.7,292.0,138.1,160.0,89.6,94.3,61.2,6.1,6.3,7.0,11.5,15.3,19.9,24.4,19.1,20.0,15.4,10.6,7.9,3.6,3.6,3.8,7.4,10.9,14.8,18.3,15.1,15.8,11.9,7.2,5.2,1.2,0.9,0.6,3.3,6.4,9.6,12.3,11.2,11.6,8.5,3.9,2.5
Yorkshire and The Humber,2007,5.3,8.3,4.5,0.8,0.1,0.0,0.0,0.0,0.1,1.2,4.1,12.0,15.8,15.1,8.3,2.3,12.7,15.1,16.4,7.4,8.4,5.1,11.0,11.2,84.8,71.6,39.4,10.0,77.1,181.4,114.3,43.2,40.5,31.1,61.3,72.1,72.9,76.5,137.5,200.1,160.2,134.2,171.4,199.5,147.8,116.9,70.1,42.9,9.0,8.2,10.0,15.0,14.8,17.6,18.9,19.4,17.4,14.1,10.0,6.9,5.9,5.1,6.3,10.2,10.7,13.6,14.7,14.8,13.1,10.1,6.8,4.0,2.8,1.9,2.6,5.3,6.6,9.6,10.5,10.3,8.9,6.2,3.6,1.1
Yorkshire and The Humber,2008,5.6,11.8,7.6,6.3,0.7,0.0,0.0,0.0,0.0,3.2,6.1,15.3,18.7,6.7,15.4,15.1,5.0,12.2,12.7,16.9,11.9,11.3,13.6,9.7,137.0,33.7,75.8,77.2,25.8,75.6,106.2,110.9,106.6,74.3,67.0,59.8,46.8,112.9,134.2,131.9,211.3,178.0,185.0,109.8,103.9,126.9,65.0,56.4,8.3,8.8,8.7,11.0,16.2,17.8,20.1,19.5,16.6,12.6,8.7,5.8,5.4,4.7,5.2,6.9,11.6,13.3,15.7,15.7,13.0,8.9,6.1,3.0,2.6,0.6,1.6,2.9,7.0,8.8,11.2,12.0,9.3,5.2,3.4,0.3
Yorkshire and The Humber,2009,14.3,13.2,5.3,1.0,0.0,0.0,0.0,0.0,0.0,0.2,1.3,16.6,13.0,7.9,7.7,5.6,11.3,8.8,17.1,12.1,4.9,11.4,19.1,19.1,62.2,49.4,31.5,29.7,52.1,55.1,133.5,62.5,31.5,61.9,148.3,87.3,52.3,58.9,160.9,157.7,230.4,191.0,190.0,172.8,137.2,86.4,72.3,65.2,5.4,6.4,10.4,13.5,15.7,18.0,20.0,20.6,17.6,13.9,10.2,4.9,2.7,3.7,6.4,8.9,11.2,13.5,15.5,16.1,13.6,10.4,7.3,2.1,0.1,1.0,2.3,4.3,6.6,8.9,11.0,11.7,9.5,7.0,4.4,-0.6
Yorkshire and The Humber,2010,17.9,18.1,10.1,3.3,2.8,0.0,0.0,0.0,0.0,1.4,9.8,22.9,14.8,16.8,10.0,5.7,6.1,7.3,9.3,12.8,13.3,10.8,19.8,10.0,69.4,71.8,65.4,21.4,22.1,42.6,61.5,76.4,83.8,65.1,118.6,40.9,53.3,52.5,124.0,173.4,211.1,220.0,153.6,165.3,134.5,104.5,73.5,59.2,3.1,4.3,9.5,13.1,14.5,19.2,20.8,19.0,17.2,12.9,7.2,2.0,0.8,1.6,5.5,8.2,9.8,14.2,16.3,14.6,13.4,9.5,4.5,-1.2,-1.5,-1.0,1.6,3.4,5.1,9.3,11.8,10.2,9.5,6.3,1.8,-4.4
Yorkshire and The Humber,2011,15.1,3.7,7.8,0.5,0.9,0.0,0.0,0.0,0.0,0.6,0.9,8.5,9.8,14.3,4.2,2.5,9.8,12.5,10.7,14.6,9.6,12.9,8.2,15.0,54.5,82.3,20.6,10.4,48.7,62.9,71.6,94.1,43.2,62.2,35.9,76.3,56.8,53.6,131.8,216.8,210.4,196.5,175.1,138.8,151.3,105.4,57.3,52.4,5.8,8.1,10.1,15.8,16.0,18.3,19.1,18.9,18.5,15.0,11.4,7.4,3.0,5.4,6.0,10.7,11.4,13.4,14.4,14.6,14.3,11.4,8.5,4.5,0.3,2.7,1.9,5.5,6.8,8.5,9.7,10.3,10.1,7.7,5.6,1.7
Yorkshire and The Humber,2012,10.0,13.4,2.8,5.0,2.0,0.0,0.0,0.0,0.1,1.6,6.4,11.3,11.2,4.7,4.0,18.3,9.3,17.2,15.5,13.3,9.8,14.3,14.5,18.0,47.3,24.0,21.5,141.2,62.1,141.6,96.5,88.0,94.6,86.3,112.1,128.0,73.3,74.2,176.0,106.8,194.0,107.5,144.7,154.9,156.0,107.4,69.1,57.9,7.4,7.0,12.5,10.1,14.6,16.1,18.4,20.1,16.6,11.8,8.8,6.3,4.3,3.8,7.8,6.4,10.3,12.5,14.5,15.6,12.4,8.2,5.8,3.5,1.3,0.7,3.1,2.7,5.9,8.8,10.7,11.2,8.2,4.6,2.8,0.8
Yorkshire and The Humber,2013,15.0,15.0,18.6,7.0,0.7,0.0,0.0,0.0,0.0,0.0,7.4,3.6,14.3,6.7,11.0,6.3,12.1,8.6,7.3,8.8,8.2,18.5,9.9,12.5,69.9,34.2,60.1,22.3,76.6,40.7,55.7,60.9,43.6,111.6,52.6,76.9,44.4,77.5,69.0,168.3,180.8,176.4,242.3,180.3,135.5,81.5,87.3,58.1,5.2,5.3,4.5,10.9,14.4,17.4,22.5,20.9,17.0,14.5,8.5,8.6,2.8,2.5,1.9,6.8,9.9,12.9,17.3,16.2,12.9,11.5,5.3,5.4,0.4,-0.1,-0.7,2.6,5.4,8.4,12.0,11.5,8.8,8.6,2.0,2.2
Yorkshire and The Humber,2014,6.3,4.0,6.5,1.5,0.7,0.0,0.0,0.0,0.0,0.1,2.2,12.1,20.6,14.5,9.5,8.6,15.0,8.2,8.7,14.5,4.1,13.9,15.6,10.2,118.9,82.0,44.5,42.1,104.3,45.8,54.4,96.1,18.1,83.1,81.3,61.3,50.0,84.1,131.9,129.1,163.9,163.7,228.2,186.5,114.6,94.6,47.0,77.3,7.1,8.2,10.8,13.2,15.6,18.6,21.7,18.7,18.0,14.7,10.3,7.2,4.5,5.3,6.8,9.2,11.5,14.2,16.6,14.3,13.8,11.3,7.6,4.3,1.9,2.4,2.7,5.3,7.5,9.9,11.5,10.0,9.6,8.0,4.9,1.5
Yorkshire and The Humber,2015,13.3,11.7,7.4,3.3,1.2,0.1,0.0,0.0,0.0,0.1,2.4,1.8,12.4,8.5,9.4,7.4,13.7,6.7,14.9,11.6,7.9,9.1,17.4,18.1,63.1,37.3,45.6,25.8,82.7,34.8,85.5,73.0,38.9,64.2,116.5,147.3,76.2,94.4,124.4,224.2,190.6,204.3,178.8,180.1,159.0,90.3,48.0,37.3,6.4,6.6,9.4,13.0,14.2,17.9,19.4,20.0,16.4,13.8,11.2,11.1,3.5,3.5,5.6,8.0,9.9,12.9,14.8,15.4,11.9,10.1,8.1,8.0,0.6,0.5,1.8,3.0,5.7,7.9,10.2,10.9,7.5,6.4,5.0,4.9
Yorkshire and The Humber,2016,11.2,13.2,6.2,5.9,0.5,0.0,0.0,0.0,0.0,0.0,8.4,5.4,18.5,11.0,10.3,15.6,7.3,13.9,10.3,10.4,8.5,12.1,12.4,8.6,120.6,53.6,67.6,70.5,36.4,77.7,51.5,73.7,48.8,50.0,93.4,38.4,37.2,103.0,111.5,163.7,198.0,135.3,187.4,202.5,142.5,101.3,82.2,53.6,7.1,7.2,8.8,10.5,15.4,17.5,20.4,20.4,19.1,13.4,7.9,8.6,4.4,3.9,5.3,6.4,11.0,13.5,15.9,16.0,15.1,10.1,4.8,5.6,1.7,0.5,1.7,2.3,6.6,9.5,11.4,11.6,11.2,6.9,1.6,2.6
Yorkshire and The Humber,2017,15.0,4.8,2.8,2.9,0.1,0.0,0.0,0.0,0.0,0.3,6.6,14.6,9.9,12.4,10.4,5.3,8.0,12.2,15.5,10.4,17.0,9.8,10.8,11.3,39.4,65.9,63.8,19.4,42.8,115.8,81.9,64.4,84.8,49.7,69.5,57.1,59.6,61.9,135.4,177.4,205.7,176.5,178.9,182.9,118.0,84.2,88.5,65.1,6.0,8.0,11.4,12.7,16.8,19.3,19.7,19.4,16.7,14.8,8.9,6.7,3.3,5.3,7.6,8.1,12.1,15.0,15.3,15.0,12.9,11.6,5.7,3.8,0.6,2.6,3.8,3.5,7.5,10.9,11.0,10.6,9.1,8.4,2.6,0.9
Yorkshire and The Humber,2018,7.6,17.1,13.0,1.2,0.8,0.0,0.0,0.0,0.0,2.7,1.5,6.1,14.4,12.6,17.3,11.1,5.5,4.2,5.9,9.9,8.1,10.1,12.5,13.2,72.9,55.1,93.5,75.3,32.6,26.0,41.9,55.2,55.7,62.6,71.6,71.5,59.0,83.4,83.0,126.9,261.6,223.2,246.1,168.7,145.9,125.6,63.7,53.6,6.5,4.9,6.9,12.3,17.4,19.5,23.4,20.6,17.3,13.9,10.1,8.2,4.0,2.1,3.8,8.6,12.2,14.6,17.8,16.1,12.9,9.9,7.4,5.3,1.6,-0.7,0.7,4.9,6.9,9.6,12.2,11.6,8.6,6.0,4.6,2.5
Yorkshire and The Humber,2019,14.0,7.6,2.9,5.6,1.2,0.0,0.0,0.0,0.0,1.1,5.9,6.8,6.3,7.3,12.3,5.6,10.6,13.8,11.3,12.3,13.3,15.9,20.1,12.0,23.0,36.3,82.6,27.5,51.9,116.1,78.2,91.0,110.2,117.5,128.5,62.6,70.2,122.6,141.0,189.3,196.2,161.9,184.5,196.8,161.9,92.3,44.6,60.7,6.2,10.4,10.7,12.6,14.9,17.7,21.6,21.0,17.6,12.0,7.9,7.6,3.4,6.0,7.0,7.8,10.3,13.4,17.0,16.5,13.3,8.8,5.5,4.9,0.7,1.7,3.3,2.9,5.7,9.1,12.4,12.1,9.0,5.7,3.2,2.2
Yorkshire and The Humber,2020,4.0,5.4,8.2,1.1,2.0,0.0,0.0,0.0,0.1,0.2,2.2,8.7,8.5,17.6,7.5,2.8,4.1,14.6,12.5,13.2,8.2,18.0,9.7,19.1,48.0,141.5,35.3,9.7,15.9,89.8,66.0,111.2,50.7,106.9,40.2,118.5,67.3,90.2,153.6,223.6,276.1,153.2,142.6,142.5,152.7,70.3,60.1,44.1,8.5,8.3,9.9,14.0,17.1,18.3,19.0,20.0,17.3,12.8,10.8,6.6,5.7,5.2,5.8,9.1,11.7,14.0,14.8,16.0,13.0,9.5,7.7,4.0,2.9,2.1,1.8,4.1,6.2,9.8,10.6,12.1,8.7,6.3,4.7,1.6
Yorkshire and The Humber,2021,18.6,11.1,4.1,16.1,2.6,0.0,0.0,0.0,0.0,0.3,4.3,7.2,16.6,14.4,8.0,3.4,16.2,5.3,11.3,9.4,8.0,12.7,8.2,17.2,131.4,85.1,41.4,11.5,101.4,31.6,72.1,46.3,49.8,100.3,52.8,76.5,53.3,78.9,114.8,232.7,169.6,201.4,190.6,128.9,136.4,93.3,73.2,35.0,4.6,7.0,10.4,10.7,13.7,19.3,21.4,19.4,19.4,14.4,10.1,7.4,1.9,4.0,6.9,5.5,9.2,14.6,16.9,15.4,15.3,11.1,7.0,4.8,-0.7,1.0,3.3,0.1,4.7,10.0,12.3,11.5,11.2,7.8,4.0,2.2
Yorkshire and The Humber,2022,12.4,4.3,5.4,5.9,0.0,0.0,0.0,0.0,0.0,0.1,2.1,14.0,5.9,14.2,8.4,5.6,11.6,7.2,7.7,6.1,12.7,16.1,15.4,14.4,24.2,91.2,42.7,24.6,54.1,37.9,34.3,34.8,79.7,98.6,104.4,79.0,102.6,99.2,176.3,191.5,171.8,210.1,194.0,231.2,126.7,130.3,46.6,60.5,7.5,9.1,11.2,12.6,16.5,19.4,22.6,22.5,17.8,15.3,10.6,5.8,4.3,5.7,6.9,8.2,12.2,14.4,17.6,17.2,13.7,11.7,8.0,2.9,1.1,2.2,2.6,3.8,7.8,9.5,12.5,11.8,9.5,8.1,5.4,0.0
Yorkshire and The Humber,2023,9.9,5.3,8.1,3.1,0.0,0.0,0.0,0.0,0.0,1.0,5.1,7.4,11.4,6.2,18.9,11.4,6.9,5.8,17.8,11.7,12.4,15.3,15.0,17.7,60.5,21.3,85.2,61.9,30.8,40.3,120.0,74.4,83.1,154.5,92.3,136.7,89.1,84.8,95.6,160.7,197.2,239.3,159.1,168.8,145.3,75.1,72.9,38.5,7.3,9.2,9.5,11.8,16.4,20.6,19.7,19.9,19.9,14.0,9.2,8.2,4.4,6.1,6.1,7.7,11.8,15.4,15.5,15.7,15.6,10.9,6.4,5.7,1.4,3.0,2.6,3.7,7.2,10.3,11.3,11.5,11.3,7.7,3.6,3.2
Yorkshire and The Humber,2024,8.4,4.3,3.2,2.0,0.0,0.0,0.0,0.0,0.1,0.7,8.4,1.9,11.6,12.7,16.3,15.6,11.0,8.9,12.3,7.7,11.2,12.1,6.5,11.2,85.8,86.6,68.3,88.5,81.2,40.7,81.1,34.5,100.1,82.1,43.7,87.8,60.5,61.9,96.0,125.7,151.0,190.7,167.2,183.3,120.9,111.1,66.2,34.6,6.6,9.8,10.2,12.2,17.1,18.2,19.9,20.7,16.4,14.0,9.3,9.0,4.0,6.7,7.0,8.4,13.2,13.5,15.4,16.1,12.8,10.6,6.3,6.5,1.5,3.8,3.8,4.6,9.3,8.9,11.0,11.5,9.3,7.1,3.4,3.9
Yorkshire and The Humber,2025,16.2,6.4,6.9,2.2,0.5,0.0,0.0,0.0,0.1,0.1,5.8,2.4,7.7,9.3,5.0,3.0,6.5,9.4,11.2,6.6,13.8,10.9,20.1,13.2,67.9,33.8,21.0,11.4,31.6,39.9,68.2,21.5,101.7,66.8,152.4,81.9,80.5,66.8,172.8,233.8,258.1,227.6,183.9,184.5,151.9,83.1,60.8,43.6,5.3,7.4,11.7,14.8,17.1,21.4,21.8,21.5,17.7,13.6,10.2,8.5,2.5,4.6,7.1,9.5,11.9,16.2,17.1,16.8,13.3,10.6,7.3,6.1,-0.3,1.9,2.4,4.2,6.8,11.1,12.4,12.0,8.9,7.6,4.5,3.6
Yorkshire and The Humber,2026,13.3,3.7,3.0,2.5,0.7,0.0,,,,,,,17.3,17.4,7.3,6.0,10.2,11.0,,,,,,,93.2,87.6,48.8,21.1,48.3,50.9,,,,,,,50.4,39.8,141.9,228.6,224.3,203.4,,,,,,,5.4,7.6,11.4,14.1,17.3,21.0,,,,,,,2.9,5.5,7.3,9.0,12.3,16.2,,,,,,,0.5,3.5,3.3,4.0,7.2,11.4,,,,,,
